fold,forecast_run_id,issue_time,issue_slot,target_time,horizon_days,p50_eur_mwh,actual_eur_mwh,residual_target_eur_mwh,residual_pred_eur_mwh,challenger_p50_eur_mwh
1,20260916T032843Z-f84c8bbf,2026-09-16 03:28:43+00:00,morning,2026-09-17 21:00:00+00:00,2,-22.41092614637593,45.6,68.01092614637594,33.53030103794901,11.119374891573077
1,20260916T032843Z-f84c8bbf,2026-09-16 03:28:43+00:00,morning,2026-09-17 22:00:00+00:00,2,-7.855213646375926,31.42,39.27521364637593,38.49914669598969,30.64393304961376
1,20260916T032843Z-f84c8bbf,2026-09-16 03:28:43+00:00,morning,2026-09-17 23:00:00+00:00,2,-14.086144896375934,26.71,40.796144896375935,37.16058047492776,23.074435578551828
1,20260916T032843Z-f84c8bbf,2026-09-16 03:28:43+00:00,morning,2026-09-18 00:00:00+00:00,2,-16.245582396375937,27.13,43.37558239637593,44.976615508312555,28.73103311193662
1,20260916T032843Z-f84c8bbf,2026-09-16 03:28:43+00:00,morning,2026-09-18 01:00:00+00:00,2,-12.83695739637593,26.73,39.566957396375926,45.26916990135839,32.43221250498246
1,20260916T032843Z-f84c8bbf,2026-09-16 03:28:43+00:00,morning,2026-09-18 02:00:00+00:00,2,-10.136269896375929,27.63,37.76626989637593,62.98257228314658,52.84630238677065
1,20260916T032843Z-f84c8bbf,2026-09-16 03:28:43+00:00,morning,2026-09-18 03:00:00+00:00,2,2.491667603624069,25.0,22.50833239637593,67.69693913680682,70.18860674043088
1,20260916T032843Z-f84c8bbf,2026-09-16 03:28:43+00:00,morning,2026-09-18 04:00:00+00:00,2,23.06364431047146,34.67,11.606355689528542,60.56548591007996,83.62913022055142
1,20260916T032843Z-f84c8bbf,2026-09-16 03:28:43+00:00,morning,2026-09-18 05:00:00+00:00,2,38.24108181047147,72.81,34.56891818952853,47.56614887834584,85.80723068881731
1,20260916T032843Z-f84c8bbf,2026-09-16 03:28:43+00:00,morning,2026-09-18 06:00:00+00:00,2,41.11217556047147,87.33,46.21782443952853,30.84631946453653,71.958495025008
1,20260916T032843Z-f84c8bbf,2026-09-16 03:28:43+00:00,morning,2026-09-18 07:00:00+00:00,2,38.81158181047148,85.68,46.868418189528526,40.60144135915547,79.41302316962695
1,20260916T032843Z-f84c8bbf,2026-09-16 03:28:43+00:00,morning,2026-09-18 08:00:00+00:00,2,29.423081810471466,94.24,64.81691818952854,54.964793234893875,84.38787504536535
1,20260916T032843Z-f84c8bbf,2026-09-16 03:28:43+00:00,morning,2026-09-18 09:00:00+00:00,2,16.301550560471476,61.06,44.758449439528526,37.27539312303576,53.57694368350724
1,20260916T032843Z-f84c8bbf,2026-09-16 03:28:43+00:00,morning,2026-09-18 10:00:00+00:00,2,12.561613060471467,34.79,22.228386939528534,47.39694034298113,59.9585534034526
1,20260916T032843Z-f84c8bbf,2026-09-16 03:28:43+00:00,morning,2026-09-18 11:00:00+00:00,2,10.089800560471472,23.9,13.810199439528526,35.05080231968049,45.14060288015197
1,20260916T032843Z-f84c8bbf,2026-09-16 03:28:43+00:00,morning,2026-09-18 12:00:00+00:00,2,9.25130056047148,23.2,13.94869943952852,34.18858670719556,43.43988726766704
1,20260916T032843Z-f84c8bbf,2026-09-16 03:28:43+00:00,morning,2026-09-18 13:00:00+00:00,2,14.584331810471465,19.86,5.275668189528535,37.92766163856627,52.51199344903773
1,20260916T032843Z-f84c8bbf,2026-09-16 03:28:43+00:00,morning,2026-09-18 14:00:00+00:00,2,23.487613060471467,12.42,-11.067613060471468,31.599661083111393,55.08727414358286
1,20260916T032843Z-f84c8bbf,2026-09-16 03:28:43+00:00,morning,2026-09-18 15:00:00+00:00,2,40.01939431047147,24.99,-15.02939431047147,1.6272089367356408,41.64660324720711
1,20260916T032843Z-f84c8bbf,2026-09-16 03:28:43+00:00,morning,2026-09-18 16:00:00+00:00,2,43.720949518228856,53.66,9.93905048177114,-10.51169530711887,33.209254211109986
1,20260916T032843Z-f84c8bbf,2026-09-16 03:28:43+00:00,morning,2026-09-18 17:00:00+00:00,2,37.439742311887656,51.11,13.670257688112343,-17.17221552273806,20.267526789149596
1,20260916T032843Z-f84c8bbf,2026-09-16 03:28:43+00:00,morning,2026-09-18 18:00:00+00:00,2,20.583823853624068,50.3,29.71617614637593,12.408773864228877,32.992597717852945
1,20260916T032843Z-f84c8bbf,2026-09-16 03:28:43+00:00,morning,2026-09-18 19:00:00+00:00,2,14.431292603624062,38.09,23.65870739637594,-0.14593292182663767,14.285359681797424
1,20260916T032843Z-f84c8bbf,2026-09-16 03:28:43+00:00,morning,2026-09-18 20:00:00+00:00,2,-6.53658239637592,26.42,32.95658239637592,11.124617734927877,4.588035338551958
1,20260916T032843Z-f84c8bbf,2026-09-16 03:28:43+00:00,morning,2026-09-18 21:00:00+00:00,3,-24.01292614637594,18.02,42.03292614637594,33.749504461959056,9.736578315583117
1,20260916T032843Z-f84c8bbf,2026-09-16 03:28:43+00:00,morning,2026-09-18 22:00:00+00:00,3,-10.409313646375928,12.17,22.57931364637593,34.67900146978718,24.269687823411253
1,20260916T032843Z-f84c8bbf,2026-09-16 03:28:43+00:00,morning,2026-09-18 23:00:00+00:00,3,-17.628419896375927,9.82,27.448419896375928,35.191635592805724,17.563215696429797
1,20260916T032843Z-f84c8bbf,2026-09-16 03:28:43+00:00,morning,2026-09-19 00:00:00+00:00,3,-21.23475739637593,7.8,29.03475739637593,38.9720722925434,17.737314896167472
1,20260916T032843Z-f84c8bbf,2026-09-16 03:28:43+00:00,morning,2026-09-19 01:00:00+00:00,3,-19.409682396375928,7.28,26.68968239637593,40.80503899427633,21.395356597900403
1,20260916T032843Z-f84c8bbf,2026-09-16 03:28:43+00:00,morning,2026-09-19 02:00:00+00:00,3,-19.799544896375924,6.42,26.219544896375922,42.54580712380146,22.746262227425536
1,20260916T032843Z-f84c8bbf,2026-09-16 03:28:43+00:00,morning,2026-09-19 03:00:00+00:00,3,-12.807357396375927,5.01,17.817357396375925,53.15858333767144,40.35122594129551
1,20260916T032843Z-f84c8bbf,2026-09-16 03:28:43+00:00,morning,2026-09-19 04:00:00+00:00,3,2.5206389615358287,5.73,3.2093610384641718,51.41534643968323,53.935985401219064
1,20260916T032843Z-f84c8bbf,2026-09-16 03:28:43+00:00,morning,2026-09-19 05:00:00+00:00,3,17.262324967431866,7.27,-9.992324967431866,24.845372347009004,42.10769731444087
1,20260916T032843Z-f84c8bbf,2026-09-16 03:28:43+00:00,morning,2026-09-19 06:00:00+00:00,3,19.7847268157178,8.46,-11.3247268157178,14.086327125499443,33.87105394121724
1,20260916T032843Z-f84c8bbf,2026-09-16 03:28:43+00:00,morning,2026-09-19 07:00:00+00:00,3,17.869879293877833,8.0,-9.869879293877833,15.412588553326342,33.282467847204174
1,20260916T032843Z-f84c8bbf,2026-09-16 03:28:43+00:00,morning,2026-09-19 08:00:00+00:00,3,6.619550118397729,2.64,-3.979550118397729,26.346296820592098,32.96584693898983
1,20260916T032843Z-f84c8bbf,2026-09-16 03:28:43+00:00,morning,2026-09-19 09:00:00+00:00,3,-4.674945212802385,1.08,5.754945212802385,29.326239204935693,24.651293992133308
1,20260916T032843Z-f84c8bbf,2026-09-16 03:28:43+00:00,morning,2026-09-19 10:00:00+00:00,3,-8.617963626373081,2.0,10.617963626373081,31.338378552127278,22.7204149257542
1,20260916T032843Z-f84c8bbf,2026-09-16 03:28:43+00:00,morning,2026-09-19 11:00:00+00:00,3,-12.493425884756498,2.0,14.493425884756498,21.164845421818505,8.671419537062008
1,20260916T032843Z-f84c8bbf,2026-09-16 03:28:43+00:00,morning,2026-09-19 12:00:00+00:00,3,-12.691012695117886,1.99,14.681012695117886,21.933274928500364,9.242262233382478
1,20260916T032843Z-f84c8bbf,2026-09-16 03:28:43+00:00,morning,2026-09-19 13:00:00+00:00,3,-7.249177808495974,1.99,9.239177808495974,24.088274316270784,16.839096507774812
1,20260916T032843Z-f84c8bbf,2026-09-16 03:28:43+00:00,morning,2026-09-19 14:00:00+00:00,3,2.5515726768318814,3.53,0.9784273231681184,23.80617880187087,26.357751478702752
1,20260916T032843Z-f84c8bbf,2026-09-16 03:28:43+00:00,morning,2026-09-19 15:00:00+00:00,3,20.094526204289544,5.59,-14.504526204289544,-2.2584500407956534,17.83607616349389
1,20260916T032843Z-f84c8bbf,2026-09-16 03:28:43+00:00,morning,2026-09-19 16:00:00+00:00,3,26.580934387135887,11.31,-15.270934387135886,-4.7321470020962755,21.84878738503961
1,20260916T032843Z-f84c8bbf,2026-09-16 03:28:43+00:00,morning,2026-09-19 17:00:00+00:00,3,18.30842018252443,15.28,-3.02842018252443,-7.450878643845151,10.857541538679278
1,20260916T032843Z-f84c8bbf,2026-09-16 03:28:43+00:00,morning,2026-09-19 18:00:00+00:00,3,2.5816061540310624,11.02,8.438393845968937,18.85312354454889,21.43472969857995
1,20260916T032843Z-f84c8bbf,2026-09-16 03:28:43+00:00,morning,2026-09-19 19:00:00+00:00,3,-3.265345239650252,5.25,8.515345239650252,18.326551967409568,15.061206727759316
1,20260916T032843Z-f84c8bbf,2026-09-16 03:28:43+00:00,morning,2026-09-19 20:00:00+00:00,3,-23.39204656135013,4.03,27.422046561350133,22.499505998170637,-0.8925405631794945
1,20260916T032843Z-f84c8bbf,2026-09-16 03:28:43+00:00,morning,2026-09-19 21:00:00+00:00,4,-38.791927665531176,1.99,40.78192766553118,36.93813943105222,-1.8537882344789551
1,20260916T032843Z-f84c8bbf,2026-09-16 03:28:43+00:00,morning,2026-09-19 22:00:00+00:00,4,-27.095778644730355,0.01,27.105778644730357,42.46452827564792,15.368749630917566
1,20260916T032843Z-f84c8bbf,2026-09-16 03:28:43+00:00,morning,2026-09-19 23:00:00+00:00,4,-34.03391806540577,-0.02,34.01391806540577,42.56853362206599,8.53461555666022
1,20260916T032843Z-f84c8bbf,2026-09-16 03:28:43+00:00,morning,2026-09-20 00:00:00+00:00,4,-37.53133289666147,-0.09,37.441332896661464,42.49313287895752,4.96179998229605
1,20260916T032843Z-f84c8bbf,2026-09-16 03:28:43+00:00,morning,2026-09-20 01:00:00+00:00,4,-34.92448181788809,-0.2,34.72448181788809,42.50572010953109,7.581238291642997
1,20260916T032843Z-f84c8bbf,2026-09-16 03:28:43+00:00,morning,2026-09-20 02:00:00+00:00,4,-37.12099972950109,-0.21,36.910999729501086,43.04692812919833,5.925928399697241
1,20260916T032843Z-f84c8bbf,2026-09-16 03:28:43+00:00,morning,2026-09-20 03:00:00+00:00,4,-30.84048785902165,-0.21,30.63048785902165,45.38293117046069,14.542443311439037
1,20260916T032843Z-f84c8bbf,2026-09-16 03:28:43+00:00,morning,2026-09-20 04:00:00+00:00,4,-14.237925926746437,-0.08,14.157925926746437,42.140760143557905,27.90283421681147
1,20260916T032843Z-f84c8bbf,2026-09-16 03:28:43+00:00,morning,2026-09-20 05:00:00+00:00,4,2.493313888325485,0.0,-2.493313888325485,33.55148638196204,36.044800270287524
1,20260916T032843Z-f84c8bbf,2026-09-16 03:28:43+00:00,morning,2026-09-20 06:00:00+00:00,4,6.339718353174188,0.81,-5.529718353174188,20.042472330156052,26.38219068333024
1,20260916T032843Z-f84c8bbf,2026-09-16 03:28:43+00:00,morning,2026-09-20 07:00:00+00:00,4,5.32871065895543,1.49,-3.8387106589554296,20.991345965678036,26.320056624633466
1,20260916T032843Z-f84c8bbf,2026-09-16 03:28:43+00:00,morning,2026-09-20 08:00:00+00:00,4,-3.304384379041018,0.0,3.304384379041018,26.72045013640754,23.41606575736652
1,20260916T032843Z-f84c8bbf,2026-09-16 03:28:43+00:00,morning,2026-09-20 09:00:00+00:00,4,-12.780613464851392,0.23,13.010613464851392,27.573424027365142,14.79281056251375
1,20260916T032843Z-f84c8bbf,2026-09-16 03:28:43+00:00,morning,2026-09-20 10:00:00+00:00,4,-15.091818769657095,0.15,15.241818769657096,27.760555558933387,12.668736789276291
1,20260916T032843Z-f84c8bbf,2026-09-16 03:28:43+00:00,morning,2026-09-20 11:00:00+00:00,4,-18.76941984803322,0.13,18.89941984803322,18.3951797507254,-0.37424009730781904
1,20260916T032843Z-f84c8bbf,2026-09-16 03:28:43+00:00,morning,2026-09-20 12:00:00+00:00,4,-16.772542163165294,0.41,17.182542163165294,18.089329418080546,1.3167872549152513
1,20260916T032843Z-f84c8bbf,2026-09-16 03:28:43+00:00,morning,2026-09-20 13:00:00+00:00,4,-8.997749757103541,1.51,10.507749757103541,17.405711828413647,8.407962071310106
1,20260916T032843Z-f84c8bbf,2026-09-16 03:28:43+00:00,morning,2026-09-20 14:00:00+00:00,4,1.5795986096453074,3.49,1.9104013903546928,7.915398480128436,9.494997089773744
1,20260916T032843Z-f84c8bbf,2026-09-16 03:28:43+00:00,morning,2026-09-20 15:00:00+00:00,4,20.959352096926263,7.12,-13.839352096926262,-16.634504002947747,4.324848093978517
1,20260916T032843Z-f84c8bbf,2026-09-16 03:28:43+00:00,morning,2026-09-20 16:00:00+00:00,4,28.89853218291483,11.04,-17.858532182914832,-17.640761449075278,11.257770733839553
1,20260916T032843Z-f84c8bbf,2026-09-16 03:28:43+00:00,morning,2026-09-20 17:00:00+00:00,4,24.150366705814992,24.83,0.6796332941850061,-19.872381728539022,4.27798497727597
1,20260916T032843Z-f84c8bbf,2026-09-16 03:28:43+00:00,morning,2026-09-20 18:00:00+00:00,4,10.283591161062596,38.87,28.586408838937402,-2.1914416562440344,8.092149504818561
1,20260916T032843Z-f84c8bbf,2026-09-16 03:28:43+00:00,morning,2026-09-20 19:00:00+00:00,4,6.127014202041828,38.14,32.01298579795817,-3.120268760237705,3.0067454418041226
1,20260916T032843Z-f84c8bbf,2026-09-16 03:28:43+00:00,morning,2026-09-20 20:00:00+00:00,4,-13.205701487913531,34.69,47.89570148791353,12.054613326824205,-1.1510881610893264
1,20260916T032843Z-f84c8bbf,2026-09-16 03:28:43+00:00,morning,2026-09-20 21:00:00+00:00,5,-20.88433252916242,25.51,46.394332529162426,39.52029466646514,18.63596213730272
1,20260916T032843Z-f84c8bbf,2026-09-16 03:28:43+00:00,morning,2026-09-20 22:00:00+00:00,5,-6.042394834348586,15.58,21.622394834348587,37.87030416320913,31.827909328860542
1,20260916T032843Z-f84c8bbf,2026-09-16 03:28:43+00:00,morning,2026-09-20 23:00:00+00:00,5,-11.998652621070818,10.3,22.29865262107082,35.68551920484919,23.686866583778375
1,20260916T032843Z-f84c8bbf,2026-09-16 03:28:43+00:00,morning,2026-09-21 00:00:00+00:00,5,-15.528799213293748,8.54,24.068799213293747,43.14395387781483,27.615154664521082
1,20260916T032843Z-f84c8bbf,2026-09-16 03:28:43+00:00,morning,2026-09-21 01:00:00+00:00,5,-13.470173751074457,9.79,23.260173751074454,43.11078391054119,29.640610159466732
1,20260916T032843Z-f84c8bbf,2026-09-16 03:28:43+00:00,morning,2026-09-21 02:00:00+00:00,5,-13.7517199078595,8.1,21.851719907859497,45.829448441241965,32.07772853338247
1,20260916T032843Z-f84c8bbf,2026-09-16 03:28:43+00:00,morning,2026-09-21 03:00:00+00:00,5,-6.441219062738122,51.64,58.08121906273812,50.99612600430212,44.554906941564
1,20260916T032843Z-f84c8bbf,2026-09-16 03:28:43+00:00,morning,2026-09-21 04:00:00+00:00,5,8.79171365015006,107.91,99.11828634984994,46.90505360346222,55.69676725361228
1,20260916T032843Z-f84c8bbf,2026-09-16 03:28:43+00:00,morning,2026-09-21 05:00:00+00:00,5,23.199119689596365,145.41,122.21088031040364,57.202432180582,80.40155187017837
1,20260916T032843Z-f84c8bbf,2026-09-16 03:28:43+00:00,morning,2026-09-21 06:00:00+00:00,5,25.983938904655275,146.57,120.58606109534472,54.149120154394794,80.13305905905007
1,20260916T032843Z-f84c8bbf,2026-09-16 03:28:43+00:00,morning,2026-09-21 07:00:00+00:00,5,26.226414696404277,120.04,93.81358530359573,50.6723780555567,76.89879275196097
1,20260916T032843Z-f84c8bbf,2026-09-16 03:28:43+00:00,morning,2026-09-21 08:00:00+00:00,5,18.071884116771557,73.19,55.11811588322844,48.881510951937,66.95339506870856
1,20260916T032843Z-f84c8bbf,2026-09-16 03:28:43+00:00,morning,2026-09-21 09:00:00+00:00,5,8.886804574502552,25.19,16.30319542549745,44.708530431919336,53.59533500642189
1,20260916T032843Z-f84c8bbf,2026-09-16 03:28:43+00:00,morning,2026-09-21 10:00:00+00:00,5,6.634906452253424,15.75,9.115093547746575,42.78130152822467,49.41620798047809
1,20260916T032843Z-f84c8bbf,2026-09-16 03:28:43+00:00,morning,2026-09-21 11:00:00+00:00,5,4.127941388877754,11.59,7.462058611122246,30.904188940701836,35.03213032957959
1,20260916T032843Z-f84c8bbf,2026-09-16 03:28:43+00:00,morning,2026-09-21 12:00:00+00:00,5,4.310064030696594,13.07,8.759935969303406,26.592665570171054,30.902729600867648
1,20260916T032843Z-f84c8bbf,2026-09-16 03:28:43+00:00,morning,2026-09-21 13:00:00+00:00,5,9.904268441516804,11.01,1.1057315584831962,28.90320807222369,38.8074765137405
1,20260916T032843Z-f84c8bbf,2026-09-16 03:28:43+00:00,morning,2026-09-21 14:00:00+00:00,5,18.977434502186387,10.52,-8.457434502186388,35.503084414380616,54.48051891656701
1,20260916T032843Z-f84c8bbf,2026-09-16 03:28:43+00:00,morning,2026-09-21 15:00:00+00:00,5,34.145130182493496,12.91,-21.235130182493496,43.566881208658735,77.71201139115223
1,20260916T032843Z-f84c8bbf,2026-09-16 03:28:43+00:00,morning,2026-09-21 16:00:00+00:00,5,38.78123890442711,52.81,14.02876109557289,24.90390287820438,63.68514178263149
1,20260916T032843Z-f84c8bbf,2026-09-16 03:28:43+00:00,morning,2026-09-21 17:00:00+00:00,5,30.63096275729382,36.43,5.799037242706181,-5.080996246665237,25.549966510628582
1,20260916T032843Z-f84c8bbf,2026-09-16 03:28:43+00:00,morning,2026-09-21 18:00:00+00:00,5,15.54103395393173,35.78,20.23896604606827,7.859155083421079,23.40018903735281
1,20260916T032843Z-f84c8bbf,2026-09-16 03:28:43+00:00,morning,2026-09-21 19:00:00+00:00,5,11.117499645283504,24.99,13.872500354716495,19.2329568505051,30.350456495788606
1,20260916T032843Z-f84c8bbf,2026-09-16 03:28:43+00:00,morning,2026-09-21 20:00:00+00:00,5,-7.709796854496063,24.75,32.45979685449606,12.249981228214327,4.540184373718264
1,20260916T032843Z-f84c8bbf,2026-09-16 03:28:43+00:00,morning,2026-09-21 21:00:00+00:00,6,-19.15197956681289,24.99,44.14197956681289,42.39996111244944,23.24798154563655
1,20260916T032843Z-f84c8bbf,2026-09-16 03:28:43+00:00,morning,2026-09-21 22:00:00+00:00,6,-6.997688399916697,20.01,27.0076883999167,43.79391222013609,36.796223820219396
1,20260916T032843Z-f84c8bbf,2026-09-16 03:28:43+00:00,morning,2026-09-21 23:00:00+00:00,6,-12.86628936466464,23.05,35.91628936466464,39.95829478040275,27.092005415738114
1,20260916T032843Z-f84c8bbf,2026-09-16 03:28:43+00:00,morning,2026-09-22 00:00:00+00:00,6,-15.588847807819771,23.78,39.368847807819776,46.096961970041164,30.508114162221393
1,20260916T032843Z-f84c8bbf,2026-09-16 03:28:43+00:00,morning,2026-09-22 01:00:00+00:00,6,-12.882247927288027,24.56,37.44224792728802,44.326280979949445,31.444033052661418
1,20260916T032843Z-f84c8bbf,2026-09-16 03:28:43+00:00,morning,2026-09-22 02:00:00+00:00,6,-11.935577664518528,27.64,39.575577664518526,62.59185079130518,50.65627312678665
1,20260916T032843Z-f84c8bbf,2026-09-16 03:28:43+00:00,morning,2026-09-22 03:00:00+00:00,6,-4.657899189216883,26.95,31.60789918921688,70.4728861117978,65.81498692258093
1,20260916T032843Z-f84c8bbf,2026-09-16 03:28:43+00:00,morning,2026-09-22 04:00:00+00:00,6,10.894433123766673,86.11,75.21556687623332,81.85245767735488,92.74689080112155
1,20260916T032843Z-f84c8bbf,2026-09-16 03:28:43+00:00,morning,2026-09-22 05:00:00+00:00,6,25.534920682570608,156.22,130.6850793174294,75.27466866143546,100.80958934400607
1,20260916T032843Z-f84c8bbf,2026-09-16 03:28:43+00:00,morning,2026-09-22 06:00:00+00:00,6,27.816032385921854,207.86,180.04396761407816,66.39263269112669,94.20866507704855
1,20260916T032843Z-f84c8bbf,2026-09-16 03:28:43+00:00,morning,2026-09-22 07:00:00+00:00,6,26.56705654955765,224.97,198.40294345044236,61.49484549331302,88.06190204287067
1,20260916T032843Z-f84c8bbf,2026-09-16 03:28:43+00:00,morning,2026-09-22 08:00:00+00:00,6,17.78593453224269,179.63,161.8440654677573,47.99338265013963,65.77931718238231
1,20260916T032843Z-f84c8bbf,2026-09-16 03:28:43+00:00,morning,2026-09-22 09:00:00+00:00,6,9.170587896567618,156.89,147.71941210343238,35.94392663793379,45.11451453450141
1,20260916T032843Z-f84c8bbf,2026-09-16 03:28:43+00:00,morning,2026-09-22 10:00:00+00:00,6,7.817006918930783,125.42,117.60299308106922,35.10140938829718,42.91841630722796
1,20260916T032843Z-f84c8bbf,2026-09-16 03:28:43+00:00,morning,2026-09-22 11:00:00+00:00,6,5.386018762273008,117.28,111.89398123772699,32.52096675046653,37.90698551273954
1,20260916T032843Z-f84c8bbf,2026-09-16 03:28:43+00:00,morning,2026-09-22 12:00:00+00:00,6,5.562595593401083,115.57,110.00740440659891,26.006167189201,31.568762782602086
1,20260916T032843Z-f84c8bbf,2026-09-16 03:28:43+00:00,morning,2026-09-22 13:00:00+00:00,6,9.45412554110468,128.32,118.86587445889532,18.996946838343327,28.451072379448007
1,20260916T032843Z-f84c8bbf,2026-09-16 03:28:43+00:00,morning,2026-09-22 14:00:00+00:00,6,16.05427575862066,148.28,132.22572424137934,2.7527880705837946,18.807063829204452
1,20260916T032843Z-f84c8bbf,2026-09-16 03:28:43+00:00,morning,2026-09-22 15:00:00+00:00,6,30.41140502998274,165.16,134.74859497001725,-9.434359420763055,20.977045609219683
1,20260916T032843Z-f84c8bbf,2026-09-16 03:28:43+00:00,morning,2026-09-22 16:00:00+00:00,6,35.30418865369174,245.59,210.28581134630826,-9.941030693093342,25.363157960598397
1,20260916T032843Z-f84c8bbf,2026-09-16 03:28:43+00:00,morning,2026-09-22 17:00:00+00:00,6,27.980453462465093,334.63,306.6495465375349,-6.421332099184942,21.559121363280152
1,20260916T032843Z-f84c8bbf,2026-09-16 03:28:43+00:00,morning,2026-09-22 18:00:00+00:00,6,14.04435219351979,256.39,242.3456478064802,11.406547545806369,25.45089973932616
1,20260916T032843Z-f84c8bbf,2026-09-16 03:28:43+00:00,morning,2026-09-22 19:00:00+00:00,6,10.19494862891568,194.5,184.30505137108432,7.673051194626472,17.867999823542153
1,20260916T032843Z-f84c8bbf,2026-09-16 03:28:43+00:00,morning,2026-09-22 20:00:00+00:00,6,-8.330326419456068,148.0,156.33032641945607,11.391893674364114,3.061567254908047
1,20260916T032843Z-f84c8bbf,2026-09-16 03:28:43+00:00,morning,2026-09-22 21:00:00+00:00,7,-17.252778095719904,101.7,118.9527780957199,27.54165476766369,10.288876671943786
1,20260916T032843Z-f84c8bbf,2026-09-16 03:28:43+00:00,morning,2026-09-22 22:00:00+00:00,7,-4.917586185928958,136.26,141.17758618592896,17.664516320187207,12.74693013425825
1,20260916T032843Z-f84c8bbf,2026-09-16 03:28:43+00:00,morning,2026-09-22 23:00:00+00:00,7,-11.55178472875182,124.31,135.86178472875181,28.426554690958998,16.87476996220718
1,20260916T032843Z-f84c8bbf,2026-09-16 03:28:43+00:00,morning,2026-09-23 00:00:00+00:00,7,-14.98628175227891,123.74,138.7262817522789,31.57157864213698,16.58529688985807
1,20260916T032843Z-f84c8bbf,2026-09-16 03:28:43+00:00,morning,2026-09-23 01:00:00+00:00,7,-13.367935350808274,102.58,115.94793535080828,29.534003865410096,16.16606851460182
1,20260916T032843Z-f84c8bbf,2026-09-16 03:28:43+00:00,morning,2026-09-23 02:00:00+00:00,7,-13.039372265635013,102.57,115.609372265635,40.20287429775074,27.163502032115726
1,20260916T032843Z-f84c8bbf,2026-09-16 03:28:43+00:00,morning,2026-09-23 03:00:00+00:00,7,-6.682770986179175,133.32,140.00277098617917,33.45551383246299,26.772742846283816
1,20260916T032843Z-f84c8bbf,2026-09-16 03:28:43+00:00,morning,2026-09-23 04:00:00+00:00,7,7.716700519474588,157.85,150.1332994805254,27.232874766346107,34.94957528582069
1,20260916T032843Z-f84c8bbf,2026-09-16 03:28:43+00:00,morning,2026-09-23 05:00:00+00:00,7,20.751145899385264,169.2,148.4488541006147,-1.156977393920142,19.594168505465124
1,20260916T032843Z-f84c8bbf,2026-09-16 03:28:43+00:00,morning,2026-09-23 06:00:00+00:00,7,23.520696094455385,177.54,154.0193039055446,-6.193448048819283,17.327248045636104
1,20260916T032843Z-f84c8bbf,2026-09-16 03:28:43+00:00,morning,2026-09-23 07:00:00+00:00,7,22.4557699173174,170.34,147.8842300826826,-1.930062278966933,20.525707638350468
1,20260916T032843Z-f84c8bbf,2026-09-16 03:28:43+00:00,morning,2026-09-23 08:00:00+00:00,7,14.334142131715954,152.65,138.31585786828404,10.715248858532188,25.049390990248142
1,20260916T032843Z-f84c8bbf,2026-09-16 03:28:43+00:00,morning,2026-09-23 09:00:00+00:00,7,5.629565394633012,135.29,129.660434605367,6.840038431585796,12.469603826218808
1,20260916T032843Z-f84c8bbf,2026-09-16 03:28:43+00:00,morning,2026-09-23 10:00:00+00:00,7,4.661044962375549,128.59,123.92895503762445,9.497201601643631,14.15824656401918
1,20260916T032843Z-f84c8bbf,2026-09-16 03:28:43+00:00,morning,2026-09-23 11:00:00+00:00,7,2.501213825503222,121.9,119.39878617449678,7.940192306648331,10.441406132151553
1,20260916T032843Z-f84c8bbf,2026-09-16 03:28:43+00:00,morning,2026-09-23 12:00:00+00:00,7,3.3528821951207592,121.77,118.41711780487924,-1.1408631287434683,2.212019066377291
1,20260916T032843Z-f84c8bbf,2026-09-16 03:28:43+00:00,morning,2026-09-23 13:00:00+00:00,7,8.468436921825116,123.39,114.92156307817488,-6.869254822814421,1.5991820990106955
1,20260916T032843Z-f84c8bbf,2026-09-16 03:28:43+00:00,morning,2026-09-23 14:00:00+00:00,7,15.778168585045488,132.85,117.0718314149545,-20.319704390467393,-4.541535805421905
1,20260916T032843Z-f84c8bbf,2026-09-16 03:28:43+00:00,morning,2026-09-23 15:00:00+00:00,7,28.565177190358806,161.44,132.8748228096412,-29.8697599750756,-1.3045827847167928
1,20260916T032843Z-f84c8bbf,2026-09-16 03:28:43+00:00,morning,2026-09-23 16:00:00+00:00,7,32.39384831411477,201.7,169.30615168588523,-31.760938396409895,0.6329099177048754
1,20260916T032843Z-f84c8bbf,2026-09-16 03:28:43+00:00,morning,2026-09-23 17:00:00+00:00,7,26.154619078408373,154.84,128.68538092159162,-22.413352112941052,3.7412669654673216
1,20260916T032843Z-f84c8bbf,2026-09-16 03:28:43+00:00,morning,2026-09-23 18:00:00+00:00,7,13.006714698174024,147.72,134.71328530182598,-9.128416891359532,3.8782978068144924
1,20260916T032843Z-f84c8bbf,2026-09-16 03:28:43+00:00,morning,2026-09-23 19:00:00+00:00,7,9.615176115724118,70.09,60.474823884275885,-4.4309094058357195,5.184266709888399
1,20260916T032843Z-f84c8bbf,2026-09-16 03:28:43+00:00,morning,2026-09-23 20:00:00+00:00,7,-7.565382377067859,39.04,46.605382377067855,2.538587844521985,-5.026794532545875
1,20260916T032843Z-f84c8bbf,2026-09-16 03:28:43+00:00,morning,2026-09-23 21:00:00+00:00,8,-15.88937005303271,35.5,51.38937005303271,14.864944968436772,-1.0244250845959382
1,20260916T032843Z-f84c8bbf,2026-09-16 03:28:43+00:00,morning,2026-09-23 22:00:00+00:00,8,-4.113629669339131,101.35,105.46362966933913,16.9977189906983,12.884089321359168
1,20260916T032843Z-f84c8bbf,2026-09-16 03:28:43+00:00,morning,2026-09-23 23:00:00+00:00,8,-8.836243708277227,103.88,112.71624370827722,18.390941278512553,9.554697570235327
1,20260916T032843Z-f84c8bbf,2026-09-16 03:28:43+00:00,morning,2026-09-24 00:00:00+00:00,8,-11.68454288565438,110.9,122.58454288565439,25.31411303627991,13.62957015062553
1,20260916T032843Z-f84c8bbf,2026-09-16 03:28:43+00:00,morning,2026-09-24 01:00:00+00:00,8,-8.113449580816297,100.73,108.8434495808163,24.569271454974267,16.45582187415797
1,20260916T032843Z-f84c8bbf,2026-09-16 03:28:43+00:00,morning,2026-09-24 02:00:00+00:00,8,-7.999237406692032,97.77,105.76923740669203,33.26973775185217,25.270500345160137
1,20260916T032843Z-f84c8bbf,2026-09-16 03:28:43+00:00,morning,2026-09-24 03:00:00+00:00,8,-2.739056025030882,106.85,109.58905602503087,35.83209932603606,33.093043301005174
1,20260916T032843Z-f84c8bbf,2026-09-16 03:28:43+00:00,morning,2026-09-24 04:00:00+00:00,8,10.264404794396908,119.34,109.0755952056031,26.418910195619187,36.68331499001609
1,20260916T032843Z-f84c8bbf,2026-09-16 03:28:43+00:00,morning,2026-09-24 05:00:00+00:00,8,21.36837123922005,173.34,151.97162876077996,-0.6158090017631757,20.752562237456875
1,20260916T032843Z-f84c8bbf,2026-09-16 03:28:43+00:00,morning,2026-09-24 06:00:00+00:00,8,22.173413230008737,227.37,205.19658676999126,-4.862658164490451,17.310755065518286
1,20260916T032843Z-f84c8bbf,2026-09-16 03:28:43+00:00,morning,2026-09-24 07:00:00+00:00,8,20.475283105439296,202.47,181.9947168945607,1.905858111612526,22.381141217051823
1,20260916T032843Z-f84c8bbf,2026-09-16 03:28:43+00:00,morning,2026-09-24 08:00:00+00:00,8,12.144881362146595,173.02,160.8751186378534,10.883630874464242,23.028512236610837
1,20260916T032843Z-f84c8bbf,2026-09-16 03:28:43+00:00,morning,2026-09-24 09:00:00+00:00,8,3.6998645596302246,170.98,167.28013544036978,3.8599767322609817,7.559841291891207
1,20260916T032843Z-f84c8bbf,2026-09-16 03:28:43+00:00,morning,2026-09-24 10:00:00+00:00,8,1.5741871676897166,137.68,136.10581283231028,8.74687386016459,10.321061027854306
1,20260916T032843Z-f84c8bbf,2026-09-16 03:28:43+00:00,morning,2026-09-24 11:00:00+00:00,8,-1.0337343896106963,145.76,146.79373438961068,4.555160670099102,3.521426280488406
1,20260916T032843Z-f84c8bbf,2026-09-16 03:28:43+00:00,morning,2026-09-24 12:00:00+00:00,8,-0.5602643803871405,140.03,140.59026438038714,1.8841318592151262,1.3238674788279856
1,20260916T032843Z-f84c8bbf,2026-09-16 03:28:43+00:00,morning,2026-09-24 13:00:00+00:00,8,4.387899353594902,137.74,133.35210064640512,-4.266642964017018,0.12125638957788354
1,20260916T032843Z-f84c8bbf,2026-09-16 03:28:43+00:00,morning,2026-09-24 14:00:00+00:00,8,13.429107819727484,127.6,114.17089218027252,-15.614920909228262,-2.185813089500778
1,20260916T032843Z-f84c8bbf,2026-09-16 03:28:43+00:00,morning,2026-09-24 15:00:00+00:00,8,27.14516646551361,140.0,112.85483353448639,-26.04293558941038,1.1022308761032313
1,20260916T032843Z-f84c8bbf,2026-09-16 03:28:43+00:00,morning,2026-09-24 16:00:00+00:00,8,31.52382005217592,157.48,125.95617994782407,-27.548797366361395,3.975022685814526
1,20260916T032843Z-f84c8bbf,2026-09-16 03:28:43+00:00,morning,2026-09-24 17:00:00+00:00,8,25.557546011505885,176.21,150.65245398849413,-22.48029649800202,3.0772495135038653
1,20260916T032843Z-f84c8bbf,2026-09-16 03:28:43+00:00,morning,2026-09-24 18:00:00+00:00,8,13.16821007951713,161.52,148.35178992048287,-10.696914767536295,2.4712953119808354
1,20260916T032843Z-f84c8bbf,2026-09-16 03:28:43+00:00,morning,2026-09-24 19:00:00+00:00,8,9.300754571410735,130.03,120.72924542858927,-7.659413270815756,1.6413413005949788
1,20260916T032843Z-f84c8bbf,2026-09-16 03:28:43+00:00,morning,2026-09-24 20:00:00+00:00,8,-5.884736924367315,93.8,99.68473692436731,2.4011860698964784,-3.483550854470837
1,20260916T032843Z-f84c8bbf,2026-09-16 03:28:43+00:00,morning,2026-09-24 21:00:00+00:00,9,-12.62931110114186,49.03,61.65931110114186,13.119482795185084,0.490171694043223
1,20260916T032843Z-f84c8bbf,2026-09-16 03:28:43+00:00,morning,2026-09-24 22:00:00+00:00,9,-0.4098303248252115,34.99,35.39983032482521,15.867830132712937,15.457999807887726
1,20260916T032843Z-f84c8bbf,2026-09-16 03:28:43+00:00,morning,2026-09-24 23:00:00+00:00,9,-5.2217900903139824,33.0,38.22179009031398,16.64931674235518,11.427526652041196
1,20260916T032843Z-f84c8bbf,2026-09-16 03:28:43+00:00,morning,2026-09-25 00:00:00+00:00,9,-7.525541663745864,34.14,41.66554166374586,22.375047906422058,14.849506242676194
1,20260916T032843Z-f84c8bbf,2026-09-16 03:28:43+00:00,morning,2026-09-25 01:00:00+00:00,9,-5.969162877516853,35.0,40.96916287751685,22.375047906422058,16.405885028905203
1,20260916T032843Z-f84c8bbf,2026-09-16 03:28:43+00:00,morning,2026-09-25 02:00:00+00:00,9,-5.56434242367377,29.99,35.554342423673766,30.666370008853495,25.102027585179727
1,20260916T032843Z-f84c8bbf,2026-09-16 03:28:43+00:00,morning,2026-09-25 03:00:00+00:00,9,0.2867100403123519,32.15,31.86328995968765,31.738668184762023,32.02537822507438
1,20260916T032843Z-f84c8bbf,2026-09-16 03:28:43+00:00,morning,2026-09-25 04:00:00+00:00,9,13.355428119402866,30.09,16.734571880597134,12.613859070946406,25.96928719034927
1,20260916T032843Z-f84c8bbf,2026-09-16 03:28:43+00:00,morning,2026-09-25 05:00:00+00:00,9,24.842326265121976,41.51,16.667673734878022,-4.2950520538670265,20.54727421125495
1,20260916T032843Z-f84c8bbf,2026-09-16 03:28:43+00:00,morning,2026-09-25 06:00:00+00:00,9,26.155262620501013,50.0,23.844737379498987,-6.457763950440363,19.69749867006065
1,20260916T032843Z-f84c8bbf,2026-09-16 03:28:43+00:00,morning,2026-09-25 07:00:00+00:00,9,24.326537852423577,69.41,45.08346214757642,-0.6165213082584748,23.710016544165104
1,20260916T032843Z-f84c8bbf,2026-09-16 03:28:43+00:00,morning,2026-09-25 08:00:00+00:00,9,16.418435825503423,115.48,99.06156417449658,6.5361588091814,22.954594634684824
1,20260916T032843Z-f84c8bbf,2026-09-16 03:28:43+00:00,morning,2026-09-25 09:00:00+00:00,9,8.466589971279593,138.0,129.5334100287204,6.9225497519171455,15.389139723196738
1,20260916T032843Z-f84c8bbf,2026-09-16 03:28:43+00:00,morning,2026-09-25 10:00:00+00:00,9,6.458424771484116,117.7,111.24157522851588,2.737848831396219,9.196273602880336
1,20260916T032843Z-f84c8bbf,2026-09-16 03:28:43+00:00,morning,2026-09-25 11:00:00+00:00,9,3.6978279745318288,102.12,98.42217202546817,-8.019834343670825,-4.322006369138996
1,20260916T032843Z-f84c8bbf,2026-09-16 03:28:43+00:00,morning,2026-09-25 12:00:00+00:00,9,2.238818537068523,74.67,72.43118146293148,-2.894428281676679,-0.6556097446081557
1,20260916T032843Z-f84c8bbf,2026-09-16 03:28:43+00:00,morning,2026-09-25 13:00:00+00:00,9,5.922591475856619,72.56,66.63740852414338,-6.708624100375712,-0.786032624519093
1,20260916T032843Z-f84c8bbf,2026-09-16 03:28:43+00:00,morning,2026-09-25 14:00:00+00:00,9,13.1113863946318,96.66,83.54861360536819,-14.8199867651576,-1.708600370525799
1,20260916T032843Z-f84c8bbf,2026-09-16 03:28:43+00:00,morning,2026-09-25 15:00:00+00:00,9,26.818891235250984,92.14,65.32110876474901,-17.91632600416824,8.902565231082743
1,20260916T032843Z-f84c8bbf,2026-09-16 03:28:43+00:00,morning,2026-09-25 16:00:00+00:00,9,32.1128998511053,69.02,36.9071001488947,-18.835201340500713,13.277698510604584
1,20260916T032843Z-f84c8bbf,2026-09-16 03:28:43+00:00,morning,2026-09-25 17:00:00+00:00,9,27.036121910169364,66.57,39.53387808983063,-21.97472567556225,5.061396234607113
1,20260916T032843Z-f84c8bbf,2026-09-16 03:28:43+00:00,morning,2026-09-25 18:00:00+00:00,9,15.888221525531272,49.47,33.58177847446873,-15.530056016819646,0.35816550871162534
1,20260916T032843Z-f84c8bbf,2026-09-16 03:28:43+00:00,morning,2026-09-25 19:00:00+00:00,9,11.335755459718657,35.84,24.50424454028135,-9.743687257215544,1.5920682025031123
1,20260916T032843Z-f84c8bbf,2026-09-16 03:28:43+00:00,morning,2026-09-25 20:00:00+00:00,9,-3.0013061542173567,37.18,40.18130615421735,1.3289959881228244,-1.6723101660945323
1,20260916T032843Z-f84c8bbf,2026-09-16 03:28:43+00:00,morning,2026-09-25 21:00:00+00:00,10,-12.238003719661972,34.32,46.55800371966197,14.890978829641938,2.652975109979966
1,20260916T032843Z-f84c8bbf,2026-09-16 03:28:43+00:00,morning,2026-09-25 22:00:00+00:00,10,-0.5332189757921348,25.0,25.533218975792135,16.32815431182358,15.794935336031447
1,20260916T032843Z-f84c8bbf,2026-09-16 03:28:43+00:00,morning,2026-09-25 23:00:00+00:00,10,-5.935169802322328,25.88,31.815169802322327,19.27734264384182,13.342172841519492
1,20260916T032843Z-f84c8bbf,2026-09-16 03:28:43+00:00,morning,2026-09-26 00:00:00+00:00,10,-7.488400284091814,28.82,36.30840028409182,23.783656192389607,16.295255908297793
1,20260916T032843Z-f84c8bbf,2026-09-16 03:28:43+00:00,morning,2026-09-26 01:00:00+00:00,10,-5.573715286323932,29.24,34.81371528632393,23.778777628498027,18.205062342174095
1,20260916T032843Z-f84c8bbf,2026-09-16 03:28:43+00:00,morning,2026-09-26 02:00:00+00:00,10,-5.42112857885224,29.1,34.52112857885224,30.546729642896253,25.125601064044012
1,20260916T032843Z-f84c8bbf,2026-09-16 03:28:43+00:00,morning,2026-09-26 03:00:00+00:00,10,0.9510407956558176,30.15,29.19895920434418,33.2735848728052,34.224625668461016
1,20260916T032843Z-f84c8bbf,2026-09-16 03:28:43+00:00,morning,2026-09-26 04:00:00+00:00,10,13.023201806542335,32.29,19.266798193457664,20.383659298245718,33.40686110478805
1,20260916T032843Z-f84c8bbf,2026-09-16 03:28:43+00:00,morning,2026-09-26 05:00:00+00:00,10,24.296890207509584,30.89,6.5931097924904165,5.957766090650965,30.254656298160548
1,20260916T032843Z-f84c8bbf,2026-09-16 03:28:43+00:00,morning,2026-09-26 06:00:00+00:00,10,26.16657323480161,32.97,6.803426765198388,2.710344693908505,28.876917928710114
1,20260916T032843Z-f84c8bbf,2026-09-16 03:28:43+00:00,morning,2026-09-26 07:00:00+00:00,10,24.252354964951536,34.57,10.317645035048464,5.5948860307381345,29.84724099568967
1,20260916T032843Z-f84c8bbf,2026-09-16 03:28:43+00:00,morning,2026-09-26 08:00:00+00:00,10,16.482702085183774,42.99,26.507297914816228,9.804940667882835,26.28764275306661
1,20260916T032843Z-f84c8bbf,2026-09-16 03:28:43+00:00,morning,2026-09-26 09:00:00+00:00,10,9.501454288758854,43.03,33.52854571124115,1.4367519508017963,10.93820623956065
1,20260916T032843Z-f84c8bbf,2026-09-16 03:28:43+00:00,morning,2026-09-26 10:00:00+00:00,10,8.402846616118627,29.23,20.827153383881374,-0.41541439185587764,7.987432224262749
1,20260916T032843Z-f84c8bbf,2026-09-16 03:28:43+00:00,morning,2026-09-26 11:00:00+00:00,10,5.478711246261172,19.42,13.94128875373883,-8.055818193514837,-2.5771069472536645
1,20260916T032843Z-f84c8bbf,2026-09-16 03:28:43+00:00,morning,2026-09-26 12:00:00+00:00,10,5.170191596208789,13.29,8.119808403791211,-3.6404142764666982,1.5297773197420907
1,20260916T032843Z-f84c8bbf,2026-09-16 03:28:43+00:00,morning,2026-09-26 13:00:00+00:00,10,8.898856319757385,22.59,13.691143680242615,0.40190792460268326,9.300764244360069
1,20260916T032843Z-f84c8bbf,2026-09-16 03:28:43+00:00,morning,2026-09-26 14:00:00+00:00,10,16.305677270184795,24.99,8.684322729815204,-2.9250036691783734,13.380673601006421
1,20260916T032843Z-f84c8bbf,2026-09-16 03:28:43+00:00,morning,2026-09-26 15:00:00+00:00,10,29.06670590348652,28.93,-0.13670590348651857,-9.396060619895257,19.670645283591263
1,20260916T032843Z-f84c8bbf,2026-09-16 03:28:43+00:00,morning,2026-09-26 16:00:00+00:00,10,32.21908700920586,39.97,7.750912990794141,-7.59584659759529,24.623240411610567
1,20260916T032843Z-f84c8bbf,2026-09-16 03:28:43+00:00,morning,2026-09-26 17:00:00+00:00,10,27.06041840950301,38.03,10.96958159049699,-11.815856957826256,15.244561451676756
1,20260916T032843Z-f84c8bbf,2026-09-16 03:28:43+00:00,morning,2026-09-26 18:00:00+00:00,10,15.120495861562055,34.42,19.299504138437946,-7.530391502868351,7.590104358693704
1,20260916T032843Z-f84c8bbf,2026-09-16 03:28:43+00:00,morning,2026-09-26 19:00:00+00:00,10,10.95832756038164,21.72,10.761672439618359,-6.752757824896054,4.205569735485587
1,20260916T032843Z-f84c8bbf,2026-09-16 03:28:43+00:00,morning,2026-09-26 20:00:00+00:00,10,-3.2692182370774177,19.49,22.759218237077416,1.2993026053363916,-1.969915631741026
1,20260916T032843Z-f84c8bbf,2026-09-16 03:28:43+00:00,morning,2026-09-26 21:00:00+00:00,11,-10.019261458497368,15.83,25.849261458497367,11.028988496398753,1.009727037901385
1,20260916T032843Z-f84c8bbf,2026-09-16 03:28:43+00:00,morning,2026-09-26 22:00:00+00:00,11,1.1710914170328517,13.08,11.908908582967149,9.325233713041165,10.496325130074016
1,20260916T032843Z-f84c8bbf,2026-09-16 03:28:43+00:00,morning,2026-09-26 23:00:00+00:00,11,-3.164274739449532,17.76,20.924274739449533,10.794045278397764,7.629770538948232
1,20260916T032843Z-f84c8bbf,2026-09-16 03:28:43+00:00,morning,2026-09-27 00:00:00+00:00,11,-5.02637316983191,14.3,19.32637316983191,19.63872339948238,14.61235022965047
1,20260916T032843Z-f84c8bbf,2026-09-16 03:28:43+00:00,morning,2026-09-27 01:00:00+00:00,11,-2.93031831480231,12.81,15.74031831480231,16.49682626042261,13.566507945620298
1,20260916T032843Z-f84c8bbf,2026-09-16 03:28:43+00:00,morning,2026-09-27 02:00:00+00:00,11,-2.9383056806806778,10.74,13.678305680680678,26.170769869770858,23.23246418909018
1,20260916T032843Z-f84c8bbf,2026-09-16 03:28:43+00:00,morning,2026-09-27 03:00:00+00:00,11,2.8043324278381547,9.99,7.1856675721618455,24.38842473071073,27.192757158548886
1,20260916T032843Z-f84c8bbf,2026-09-16 03:28:43+00:00,morning,2026-09-27 04:00:00+00:00,11,15.034940518969034,9.7,-5.334940518969034,7.5912574093617184,22.626197928330754
1,20260916T032843Z-f84c8bbf,2026-09-16 03:28:43+00:00,morning,2026-09-27 05:00:00+00:00,11,25.934401325630898,10.0,-15.934401325630898,-6.526289458425834,19.408111867205065
1,20260916T032843Z-f84c8bbf,2026-09-16 03:28:43+00:00,morning,2026-09-27 06:00:00+00:00,11,28.19314732065439,9.99,-18.203147320654388,-11.203698984057906,16.98944833659648
1,20260916T032843Z-f84c8bbf,2026-09-16 03:28:43+00:00,morning,2026-09-27 07:00:00+00:00,11,27.45109905902951,39.62,12.168900940970488,-6.530521929686797,20.92057712934271
1,20260916T032843Z-f84c8bbf,2026-09-16 03:28:43+00:00,morning,2026-09-27 08:00:00+00:00,11,21.05830741100187,29.81,8.751692588998129,-8.788308210623068,12.269999200378802
1,20260916T032843Z-f84c8bbf,2026-09-16 03:28:43+00:00,morning,2026-09-27 09:00:00+00:00,11,14.914633220811249,19.49,4.57536677918875,-14.65316901775034,0.2614642030609087
1,20260916T032843Z-f84c8bbf,2026-09-16 03:28:43+00:00,morning,2026-09-27 10:00:00+00:00,11,13.951655483130589,19.49,5.53834451686941,-16.662301563748972,-2.7106460806183836
1,20260916T032843Z-f84c8bbf,2026-09-16 03:28:43+00:00,morning,2026-09-27 11:00:00+00:00,11,11.04916536558333,19.9,8.85083463441667,-20.875923755500263,-9.826758389916934
1,20260916T032843Z-f84c8bbf,2026-09-16 03:28:43+00:00,morning,2026-09-27 12:00:00+00:00,11,10.674696783368391,16.35,5.67530321663161,-20.30761114930934,-9.63291436594095
1,20260916T032843Z-f84c8bbf,2026-09-16 03:28:43+00:00,morning,2026-09-27 13:00:00+00:00,11,14.96976506270768,19.99,5.020234937292319,-22.9836229250262,-8.01385786231852
1,20260916T032843Z-f84c8bbf,2026-09-16 03:28:43+00:00,morning,2026-09-27 14:00:00+00:00,11,21.57106108940767,21.99,0.4189389105923276,-25.57751958842648,-4.006458499018809
1,20260916T032843Z-f84c8bbf,2026-09-16 03:28:43+00:00,morning,2026-09-27 15:00:00+00:00,11,32.59524879838404,38.73,6.1347512016159556,-28.321322292601927,4.273926505782114
1,20260916T032843Z-f84c8bbf,2026-09-16 03:28:43+00:00,morning,2026-09-27 16:00:00+00:00,11,36.349663530677375,47.2,10.850336469322627,-32.183803370579945,4.165860160097431
1,20260916T032843Z-f84c8bbf,2026-09-16 03:28:43+00:00,morning,2026-09-27 17:00:00+00:00,11,30.27060466510936,43.76,13.489395334890638,-27.85925837487332,2.4113462902360396
1,20260916T032843Z-f84c8bbf,2026-09-16 03:28:43+00:00,morning,2026-09-27 18:00:00+00:00,11,19.98831275667921,37.3,17.311687243320787,-19.466432455371965,0.5218803013072453
1,20260916T032843Z-f84c8bbf,2026-09-16 03:28:43+00:00,morning,2026-09-27 19:00:00+00:00,11,16.32307476880743,33.57,17.24692523119257,-17.4431819966494,-1.1201072278419701
1,20260916T032843Z-f84c8bbf,2026-09-16 03:28:43+00:00,morning,2026-09-27 20:00:00+00:00,11,2.99388640416324,32.18,29.18611359583676,-13.799101068264854,-10.805214664101614
1,20260916T032843Z-f84c8bbf,2026-09-16 03:28:43+00:00,morning,2026-09-27 21:00:00+00:00,12,-2.0932695719126286,19.54,21.633269571912628,32.54876469196219,30.455495120049562
1,20260916T032843Z-f84c8bbf,2026-09-16 03:28:43+00:00,morning,2026-09-27 22:00:00+00:00,12,7.07655436651061,21.96,14.88344563348939,30.65200923786202,37.72856360437263
1,20260916T032843Z-f84c8bbf,2026-09-16 03:28:43+00:00,morning,2026-09-27 23:00:00+00:00,12,1.7784365421659256,9.64,7.861563457834075,30.814943832952174,32.5933803751181
1,20260916T032843Z-f84c8bbf,2026-09-16 03:28:43+00:00,morning,2026-09-28 00:00:00+00:00,12,-0.6951463961463062,6.88,7.575146396146306,38.693419266201325,37.99827287005502
1,20260916T032843Z-f84c8bbf,2026-09-16 03:28:43+00:00,morning,2026-09-28 01:00:00+00:00,12,0.7722560168414319,5.03,4.257743983158568,38.92841689443163,39.70067291127306
1,20260916T032843Z-f84c8bbf,2026-09-16 03:28:43+00:00,morning,2026-09-28 02:00:00+00:00,12,1.0054753632078963,4.09,3.0845246367921035,42.04756275703812,43.053038120246015
1,20260916T032843Z-f84c8bbf,2026-09-16 03:28:43+00:00,morning,2026-09-28 03:00:00+00:00,12,5.975751614596652,4.78,-1.1957516145966514,39.872993843896296,45.84874545849295
1,20260916T032843Z-f84c8bbf,2026-09-16 03:28:43+00:00,morning,2026-09-28 04:00:00+00:00,12,16.48209312936172,6.33,-10.152093129361718,34.90618611037928,51.388279239740996
1,20260916T032843Z-f84c8bbf,2026-09-16 03:28:43+00:00,morning,2026-09-28 05:00:00+00:00,12,25.842205884434023,12.95,-12.892205884434023,46.15776297615367,71.9999688605877
1,20260916T032843Z-f84c8bbf,2026-09-16 03:28:43+00:00,morning,2026-09-28 06:00:00+00:00,12,27.70061710349469,15.02,-12.68061710349469,43.82733967712111,71.5279567806158
1,20260916T032843Z-f84c8bbf,2026-09-16 03:28:43+00:00,morning,2026-09-28 07:00:00+00:00,12,26.95657759167641,13.23,-13.72657759167641,46.87057610946146,73.82715370113787
1,20260916T032843Z-f84c8bbf,2026-09-16 03:28:43+00:00,morning,2026-09-28 08:00:00+00:00,12,19.4968609096053,6.55,-12.946860909605299,40.53445241219128,60.031313321796574
1,20260916T032843Z-f84c8bbf,2026-09-16 03:28:43+00:00,morning,2026-09-28 09:00:00+00:00,12,12.295923937510736,5.4,-6.8959239375107355,29.173967944031876,41.46989188154261
1,20260916T032843Z-f84c8bbf,2026-09-16 03:28:43+00:00,morning,2026-09-28 10:00:00+00:00,12,10.79786134387366,3.67,-7.1278613438736595,29.69857943953681,40.49644078341047
1,20260916T032843Z-f84c8bbf,2026-09-16 03:28:43+00:00,morning,2026-09-28 11:00:00+00:00,12,10.016622762309574,3.56,-6.456622762309573,21.757943176185872,31.774565938495446
1,20260916T032843Z-f84c8bbf,2026-09-16 03:28:43+00:00,morning,2026-09-28 12:00:00+00:00,12,9.215099961959586,3.76,-5.455099961959586,20.781747220608924,29.99684718256851
1,20260916T032843Z-f84c8bbf,2026-09-16 03:28:43+00:00,morning,2026-09-28 13:00:00+00:00,12,13.068589035268664,3.87,-9.198589035268665,17.790256375925427,30.85884541119409
1,20260916T032843Z-f84c8bbf,2026-09-16 03:28:43+00:00,morning,2026-09-28 14:00:00+00:00,12,19.183583253961768,5.0,-14.183583253961768,12.246349961670935,31.4299332156327
1,20260916T032843Z-f84c8bbf,2026-09-16 03:28:43+00:00,morning,2026-09-28 15:00:00+00:00,12,30.197826558704836,8.3,-21.897826558704836,3.618559646945598,33.81638620565043
1,20260916T032843Z-f84c8bbf,2026-09-16 03:28:43+00:00,morning,2026-09-28 16:00:00+00:00,12,33.79138081048552,8.33,-25.461380810485522,3.948688430572129,37.74006924105765
1,20260916T032843Z-f84c8bbf,2026-09-16 03:28:43+00:00,morning,2026-09-28 17:00:00+00:00,12,28.13163032695086,8.56,-19.57163032695086,2.9687828429969363,31.100413169947796
1,20260916T032843Z-f84c8bbf,2026-09-16 03:28:43+00:00,morning,2026-09-28 18:00:00+00:00,12,16.952401924559762,6.43,-10.522401924559762,13.772729237855346,30.72513116241511
1,20260916T032843Z-f84c8bbf,2026-09-16 03:28:43+00:00,morning,2026-09-28 19:00:00+00:00,12,13.884931643310749,5.7,-8.184931643310748,13.001754529093771,26.88668617240452
1,20260916T032843Z-f84c8bbf,2026-09-16 03:28:43+00:00,morning,2026-09-28 20:00:00+00:00,12,-0.3585734610676496,9.04,9.398573461067649,14.183721606273439,13.82514814520579
1,20260916T132722Z-4e42535a,2026-09-16 13:27:22+00:00,afternoon,2026-09-17 21:00:00+00:00,2,-1.102528131888799,45.6,46.7025281318888,31.23861707642733,30.136088944538532
1,20260916T132722Z-4e42535a,2026-09-16 13:27:22+00:00,afternoon,2026-09-17 22:00:00+00:00,2,10.819939515170022,31.42,20.60006048482998,27.742727064231833,38.562666579401856
1,20260916T132722Z-4e42535a,2026-09-16 13:27:22+00:00,afternoon,2026-09-17 23:00:00+00:00,2,5.418498338699435,26.71,21.291501661300565,35.28631627694256,40.70481461564199
1,20260916T132722Z-4e42535a,2026-09-16 13:27:22+00:00,afternoon,2026-09-18 00:00:00+00:00,2,3.5182689269347307,27.13,23.61173107306527,41.43939486438696,44.95766379132169
1,20260916T132722Z-4e42535a,2026-09-16 13:27:22+00:00,afternoon,2026-09-18 01:00:00+00:00,2,6.632889515170027,26.73,20.097110484829972,47.23921856742118,53.87210808259121
1,20260916T132722Z-4e42535a,2026-09-16 13:27:22+00:00,afternoon,2026-09-18 02:00:00+00:00,2,8.787111310635705,27.63,18.842888689364294,54.7083992267838,63.495510537419506
1,20260916T132722Z-4e42535a,2026-09-16 13:27:22+00:00,afternoon,2026-09-18 03:00:00+00:00,2,21.05715542828276,25.0,3.9428445717172416,53.869590415709695,74.92674584399245
1,20260916T132722Z-4e42535a,2026-09-16 13:27:22+00:00,afternoon,2026-09-18 04:00:00+00:00,2,40.5783018092143,34.67,-5.908301809214301,42.92101328983682,83.49931509905113
1,20260916T132722Z-4e42535a,2026-09-16 13:27:22+00:00,afternoon,2026-09-18 05:00:00+00:00,2,56.30259592686138,72.81,16.507404073138623,24.000495411547746,80.30309133840913
1,20260916T132722Z-4e42535a,2026-09-16 13:27:22+00:00,afternoon,2026-09-18 06:00:00+00:00,2,60.35544886803783,87.33,26.974551131962166,28.099710602375445,88.45515947041328
1,20260916T132722Z-4e42535a,2026-09-16 13:27:22+00:00,afternoon,2026-09-18 07:00:00+00:00,2,60.420816515096654,85.68,25.259183484903353,27.71045078587533,88.13126730097198
1,20260916T132722Z-4e42535a,2026-09-16 13:27:22+00:00,afternoon,2026-09-18 08:00:00+00:00,2,52.71633122097902,94.24,41.52366877902097,26.90595665532529,79.62228787630431
1,20260916T132722Z-4e42535a,2026-09-16 13:27:22+00:00,afternoon,2026-09-18 09:00:00+00:00,2,43.900037103331954,61.06,17.15996289666805,39.85531204189403,83.75534914522598
1,20260916T132722Z-4e42535a,2026-09-16 13:27:22+00:00,afternoon,2026-09-18 10:00:00+00:00,2,39.06699298568489,34.79,-4.276992985684892,41.657920660654355,80.72491364633925
1,20260916T132722Z-4e42535a,2026-09-16 13:27:22+00:00,afternoon,2026-09-18 11:00:00+00:00,2,34.03377239744961,23.9,-10.133772397449611,32.56373510291343,66.59750750036304
1,20260916T132722Z-4e42535a,2026-09-16 13:27:22+00:00,afternoon,2026-09-18 12:00:00+00:00,2,31.97608122097902,23.2,-8.77608122097902,31.09952749666186,63.075608717640876
1,20260916T132722Z-4e42535a,2026-09-16 13:27:22+00:00,afternoon,2026-09-18 13:00:00+00:00,2,36.25553710333195,19.86,-16.395537103331954,30.301567972093846,66.5571050754258
1,20260916T132722Z-4e42535a,2026-09-16 13:27:22+00:00,afternoon,2026-09-18 14:00:00+00:00,2,44.255331220979016,12.42,-31.835331220979015,8.75871838951147,53.01404961049049
1,20260916T132722Z-4e42535a,2026-09-16 13:27:22+00:00,afternoon,2026-09-18 15:00:00+00:00,2,58.33308122097903,24.99,-33.34308122097903,0.990572624551545,59.32365384553058
1,20260916T132722Z-4e42535a,2026-09-16 13:27:22+00:00,afternoon,2026-09-18 16:00:00+00:00,2,63.0502429856849,53.66,-9.390242985684907,-58.41340976977123,4.636833215913676
1,20260916T132722Z-4e42535a,2026-09-16 13:27:22+00:00,afternoon,2026-09-18 17:00:00+00:00,2,53.387461085057886,51.11,-2.2774610850578867,-40.94441152576366,12.443049559294224
1,20260916T132722Z-4e42535a,2026-09-16 13:27:22+00:00,afternoon,2026-09-18 18:00:00+00:00,2,36.22465716222885,50.3,14.075342837771146,-34.21313417508546,2.011522987143394
1,20260916T132722Z-4e42535a,2026-09-16 13:27:22+00:00,afternoon,2026-09-18 19:00:00+00:00,2,31.0748924563465,38.09,7.015107543653503,-31.000576845415644,0.07431561093085648
1,20260916T132722Z-4e42535a,2026-09-16 13:27:22+00:00,afternoon,2026-09-18 20:00:00+00:00,2,11.913510103405324,26.42,14.506489896594678,-4.759389095163125,7.154121008242199
1,20260916T132722Z-4e42535a,2026-09-16 13:27:22+00:00,afternoon,2026-09-18 21:00:00+00:00,3,-3.775128131888797,18.02,21.795128131888795,32.32584550720019,28.550717375311397
1,20260916T132722Z-4e42535a,2026-09-16 13:27:22+00:00,afternoon,2026-09-18 22:00:00+00:00,3,6.906389515170025,12.17,5.263610484829975,28.71488793858808,35.621277453758104
1,20260916T132722Z-4e42535a,2026-09-16 13:27:22+00:00,afternoon,2026-09-18 23:00:00+00:00,3,-0.294751661300566,9.82,10.114751661300566,38.645103490723464,38.3503518294229
1,20260916T132722Z-4e42535a,2026-09-16 13:27:22+00:00,afternoon,2026-09-19 00:00:00+00:00,3,-3.4773310730652724,7.8,11.277331073065273,41.030759979349206,37.55342890628393
1,20260916T132722Z-4e42535a,2026-09-16 13:27:22+00:00,afternoon,2026-09-19 01:00:00+00:00,3,-1.981360484829972,7.28,9.261360484829972,43.33745105887345,41.35609057404348
1,20260916T132722Z-4e42535a,2026-09-16 13:27:22+00:00,afternoon,2026-09-19 02:00:00+00:00,3,-2.348651661300563,6.42,8.768651661300563,52.95530965805476,50.606657996754194
1,20260916T132722Z-4e42535a,2026-09-16 13:27:22+00:00,afternoon,2026-09-19 03:00:00+00:00,3,4.940642456346495,5.01,0.06935754365350455,46.38789377441234,51.328536230758836
1,20260916T132722Z-4e42535a,2026-09-16 13:27:22+00:00,afternoon,2026-09-19 04:00:00+00:00,3,20.68352440255248,5.73,-14.953524402552478,18.893579663032725,39.5771040655852
1,20260916T132722Z-4e42535a,2026-09-16 13:27:22+00:00,afternoon,2026-09-19 05:00:00+00:00,3,34.37026852019955,7.27,-27.100268520199553,17.429942356903318,51.80021087710287
1,20260916T132722Z-4e42535a,2026-09-16 13:27:22+00:00,afternoon,2026-09-19 06:00:00+00:00,3,36.85502146137601,8.46,-28.39502146137601,8.114451732050831,44.96947319342684
1,20260916T132722Z-4e42535a,2026-09-16 13:27:22+00:00,afternoon,2026-09-19 07:00:00+00:00,3,35.61768910843483,8.0,-27.61768910843483,5.496416094377345,41.114105202812176
1,20260916T132722Z-4e42535a,2026-09-16 13:27:22+00:00,afternoon,2026-09-19 08:00:00+00:00,3,25.546403814317195,2.64,-22.906403814317194,7.967374682876775,33.51377849719397
1,20260916T132722Z-4e42535a,2026-09-16 13:27:22+00:00,afternoon,2026-09-19 09:00:00+00:00,3,15.79555969667014,1.08,-14.71555969667014,11.463462952071334,27.25902264874147
1,20260916T132722Z-4e42535a,2026-09-16 13:27:22+00:00,afternoon,2026-09-19 10:00:00+00:00,3,11.699165579023065,2.0,-9.699165579023065,16.339435258658217,28.03860083768128
1,20260916T132722Z-4e42535a,2026-09-16 13:27:22+00:00,afternoon,2026-09-19 11:00:00+00:00,3,7.572594990787774,2.0,-5.572594990787774,6.513499416088416,14.086094406876189
1,20260916T132722Z-4e42535a,2026-09-16 13:27:22+00:00,afternoon,2026-09-19 12:00:00+00:00,3,7.303803814317183,1.99,-5.313803814317183,7.664554453538817,14.968358267856
1,20260916T132722Z-4e42535a,2026-09-16 13:27:22+00:00,afternoon,2026-09-19 13:00:00+00:00,3,13.398659696670125,1.99,-11.408659696670124,6.627021590855306,20.02568128752543
1,20260916T132722Z-4e42535a,2026-09-16 13:27:22+00:00,afternoon,2026-09-19 14:00:00+00:00,3,24.68875363800736,3.53,-21.158753638007358,-4.372965868398829,20.31578776960853
1,20260916T132722Z-4e42535a,2026-09-16 13:27:22+00:00,afternoon,2026-09-19 15:00:00+00:00,3,40.94873603223736,5.59,-35.35873603223736,-16.33711916599347,24.611616866243892
1,20260916T132722Z-4e42535a,2026-09-16 13:27:22+00:00,afternoon,2026-09-19 16:00:00+00:00,3,47.38049716974914,11.31,-36.07049716974914,-27.48438911534715,19.896108054401992
1,20260916T132722Z-4e42535a,2026-09-16 13:27:22+00:00,afternoon,2026-09-19 17:00:00+00:00,3,41.48986006284808,15.28,-26.20986006284808,-21.907930809555804,19.581929253292277
1,20260916T132722Z-4e42535a,2026-09-16 13:27:22+00:00,afternoon,2026-09-19 18:00:00+00:00,3,27.31640513041191,11.02,-16.29640513041191,-9.577480169836052,17.738924960575858
1,20260916T132722Z-4e42535a,2026-09-16 13:27:22+00:00,afternoon,2026-09-19 19:00:00+00:00,3,21.32170389824613,5.25,-16.07170389824613,-9.712528563479827,11.609175334766304
1,20260916T132722Z-4e42535a,2026-09-16 13:27:22+00:00,afternoon,2026-09-19 20:00:00+00:00,3,2.1301597611690024,4.03,1.8998402388309978,16.128774868586646,18.25893462975565
1,20260916T132722Z-4e42535a,2026-09-16 13:27:22+00:00,afternoon,2026-09-19 21:00:00+00:00,4,-12.360007630438734,1.99,14.350007630438734,33.3688875230881,21.008879892649365
1,20260916T132722Z-4e42535a,2026-09-16 13:27:22+00:00,afternoon,2026-09-19 22:00:00+00:00,4,-0.9599525033215884,0.01,0.9699525033215884,25.582325650092056,24.622373146770467
1,20260916T132722Z-4e42535a,2026-09-16 13:27:22+00:00,afternoon,2026-09-19 23:00:00+00:00,4,-8.285983939515727,-0.02,8.265983939515728,36.22578932592576,27.939805386410033
1,20260916T132722Z-4e42535a,2026-09-16 13:27:22+00:00,afternoon,2026-09-20 00:00:00+00:00,4,-11.730099060029184,-0.09,11.640099060029184,41.07604771838505,29.345948658355866
1,20260916T132722Z-4e42535a,2026-09-16 13:27:22+00:00,afternoon,2026-09-20 01:00:00+00:00,4,-12.266855500521054,-0.2,12.066855500521054,43.58876584942956,31.321910348908503
1,20260916T132722Z-4e42535a,2026-09-16 13:27:22+00:00,afternoon,2026-09-20 02:00:00+00:00,4,-15.73010789267159,-0.21,15.52010789267159,50.756501409163974,35.026393516492384
1,20260916T132722Z-4e42535a,2026-09-16 13:27:22+00:00,afternoon,2026-09-20 03:00:00+00:00,4,-11.469963726808311,-0.21,11.25996372680831,42.69831309688817,31.22834937007986
1,20260916T132722Z-4e42535a,2026-09-16 13:27:22+00:00,afternoon,2026-09-20 04:00:00+00:00,4,3.6939743258577593,-0.08,-3.7739743258577594,29.839434177673617,33.533408503531376
1,20260916T132722Z-4e42535a,2026-09-16 13:27:22+00:00,afternoon,2026-09-20 05:00:00+00:00,4,16.095309928986048,0.0,-16.095309928986048,25.430989531519,41.526299460505044
1,20260916T132722Z-4e42535a,2026-09-16 13:27:22+00:00,afternoon,2026-09-20 06:00:00+00:00,4,19.879212856986545,0.81,-19.069212856986546,17.038578813000836,36.91779166998738
1,20260916T132722Z-4e42535a,2026-09-16 13:27:22+00:00,afternoon,2026-09-20 07:00:00+00:00,4,19.06365596725697,1.49,-17.573655967256972,15.499154242775498,34.56281021003247
1,20260916T132722Z-4e42535a,2026-09-16 13:27:22+00:00,afternoon,2026-09-20 08:00:00+00:00,4,10.873780333761395,0.0,-10.873780333761395,12.458866408371987,23.332646742133385
1,20260916T132722Z-4e42535a,2026-09-16 13:27:22+00:00,afternoon,2026-09-20 09:00:00+00:00,4,2.253194636874518,0.23,-2.023194636874518,16.95957100650827,19.212765643382788
1,20260916T132722Z-4e42535a,2026-09-16 13:27:22+00:00,afternoon,2026-09-20 10:00:00+00:00,4,0.9123440044129864,0.15,-0.7623440044129863,17.478938267893597,18.391282272306583
1,20260916T132722Z-4e42535a,2026-09-16 13:27:22+00:00,afternoon,2026-09-20 11:00:00+00:00,4,0.0544640225765711,0.13,0.07553597742342891,5.02288597677723,5.077349999353801
1,20260916T132722Z-4e42535a,2026-09-16 13:27:22+00:00,afternoon,2026-09-20 12:00:00+00:00,4,2.20310095798574,0.41,-1.7931009579857402,5.850041385616944,8.053142343602683
1,20260916T132722Z-4e42535a,2026-09-16 13:27:22+00:00,afternoon,2026-09-20 13:00:00+00:00,4,10.819532903553174,1.51,-9.309532903553174,1.7287329507964184,12.548265854349593
1,20260916T132722Z-4e42535a,2026-09-16 13:27:22+00:00,afternoon,2026-09-20 14:00:00+00:00,4,21.935259527852388,3.49,-18.445259527852386,-15.387106944265621,6.548152583586766
1,20260916T132722Z-4e42535a,2026-09-16 13:27:22+00:00,afternoon,2026-09-20 15:00:00+00:00,4,39.28066084682703,7.12,-32.160660846827035,-23.305949997718432,15.9747108491086
1,20260916T132722Z-4e42535a,2026-09-16 13:27:22+00:00,afternoon,2026-09-20 16:00:00+00:00,4,46.67388487097625,11.04,-35.63388487097625,-32.447142374410994,14.226742496565258
1,20260916T132722Z-4e42535a,2026-09-16 13:27:22+00:00,afternoon,2026-09-20 17:00:00+00:00,4,41.52535656991245,24.83,-16.695356569912448,-24.424721699293755,17.10063487061869
1,20260916T132722Z-4e42535a,2026-09-16 13:27:22+00:00,afternoon,2026-09-20 18:00:00+00:00,4,28.18433605823545,38.87,10.685663941764549,-16.503663431527656,11.680672626707793
1,20260916T132722Z-4e42535a,2026-09-16 13:27:22+00:00,afternoon,2026-09-20 19:00:00+00:00,4,23.59812736040119,38.14,14.541872639598811,-16.05558338436377,7.542543976037418
1,20260916T132722Z-4e42535a,2026-09-16 13:27:22+00:00,afternoon,2026-09-20 20:00:00+00:00,4,6.773983800603876,34.69,27.916016199396122,-0.46402484718159415,6.3099589534222815
1,20260916T132722Z-4e42535a,2026-09-16 13:27:22+00:00,afternoon,2026-09-20 21:00:00+00:00,5,0.7650309565756384,25.51,24.744969043424362,35.466086271043665,36.2311172276193
1,20260916T132722Z-4e42535a,2026-09-16 13:27:22+00:00,afternoon,2026-09-20 22:00:00+00:00,5,13.0895014035829,15.58,2.4904985964170994,31.47214073579207,44.56164213937497
1,20260916T132722Z-4e42535a,2026-09-16 13:27:22+00:00,afternoon,2026-09-20 23:00:00+00:00,5,7.680177632696513,10.3,2.6198223673034873,29.282641216339208,36.96281884903572
1,20260916T132722Z-4e42535a,2026-09-16 13:27:22+00:00,afternoon,2026-09-21 00:00:00+00:00,5,5.3310683489398745,8.54,3.2089316510601247,34.87169229089202,40.202760639831894
1,20260916T132722Z-4e42535a,2026-09-16 13:27:22+00:00,afternoon,2026-09-21 01:00:00+00:00,5,8.853158910492391,9.79,0.9368410895076078,47.51016254922524,56.36332145971763
1,20260916T132722Z-4e42535a,2026-09-16 13:27:22+00:00,afternoon,2026-09-21 02:00:00+00:00,5,8.767610049331179,8.1,-0.667610049331179,47.98584009652176,56.75345014585294
1,20260916T132722Z-4e42535a,2026-09-16 13:27:22+00:00,afternoon,2026-09-21 03:00:00+00:00,5,16.061744385600704,51.64,35.578255614399296,45.422156821231184,61.48390120683189
1,20260916T132722Z-4e42535a,2026-09-16 13:27:22+00:00,afternoon,2026-09-21 04:00:00+00:00,5,31.218728156742884,107.91,76.69127184325711,24.48143684625104,55.70016500299393
1,20260916T132722Z-4e42535a,2026-09-16 13:27:22+00:00,afternoon,2026-09-21 05:00:00+00:00,5,45.06596922766495,145.41,100.34403077233505,55.5769037480949,100.64287297575984
1,20260916T132722Z-4e42535a,2026-09-16 13:27:22+00:00,afternoon,2026-09-21 06:00:00+00:00,5,48.58172954226221,146.57,97.98827045773778,76.01232747413967,124.59405701640188
1,20260916T132722Z-4e42535a,2026-09-16 13:27:22+00:00,afternoon,2026-09-21 07:00:00+00:00,5,47.985694589998914,120.04,72.05430541000109,81.2552624989051,129.240957088904
1,20260916T132722Z-4e42535a,2026-09-16 13:27:22+00:00,afternoon,2026-09-21 08:00:00+00:00,5,39.34960525960437,73.19,33.84039474039563,86.45527242594407,125.80487768554843
1,20260916T132722Z-4e42535a,2026-09-16 13:27:22+00:00,afternoon,2026-09-21 09:00:00+00:00,5,29.506756906089283,25.19,-4.316756906089282,63.9153415902314,93.42209849632069
1,20260916T132722Z-4e42535a,2026-09-16 13:27:22+00:00,afternoon,2026-09-21 10:00:00+00:00,5,26.361489848531637,15.75,-10.611489848531637,61.4237590617939,87.78524891032554
1,20260916T132722Z-4e42535a,2026-09-16 13:27:22+00:00,afternoon,2026-09-21 11:00:00+00:00,5,23.23558418900042,11.59,-11.64558418900042,42.77265947560925,66.00824366460967
1,20260916T132722Z-4e42535a,2026-09-16 13:27:22+00:00,afternoon,2026-09-21 12:00:00+00:00,5,22.77944824439873,13.07,-9.709448244398729,36.89186714211296,59.67131538651169
1,20260916T132722Z-4e42535a,2026-09-16 13:27:22+00:00,afternoon,2026-09-21 13:00:00+00:00,5,29.744396801710096,11.01,-18.734396801710098,51.000829260553,80.7452260622631
1,20260916T132722Z-4e42535a,2026-09-16 13:27:22+00:00,afternoon,2026-09-21 14:00:00+00:00,5,38.99078608205736,10.52,-28.470786082057362,54.08321121149301,93.07399729355038
1,20260916T132722Z-4e42535a,2026-09-16 13:27:22+00:00,afternoon,2026-09-21 15:00:00+00:00,5,55.84855617560467,12.91,-42.938556175604674,61.65403775464185,117.50259393024652
1,20260916T132722Z-4e42535a,2026-09-16 13:27:22+00:00,afternoon,2026-09-21 16:00:00+00:00,5,61.83604093399308,52.81,-9.02604093399308,42.258294894829646,104.09433582882272
1,20260916T132722Z-4e42535a,2026-09-16 13:27:22+00:00,afternoon,2026-09-21 17:00:00+00:00,5,54.67208038116527,36.43,-18.242080381165273,35.12828059832788,89.80036097949315
1,20260916T132722Z-4e42535a,2026-09-16 13:27:22+00:00,afternoon,2026-09-21 18:00:00+00:00,5,40.28135583576264,35.78,-4.501355835762638,20.045990765981735,60.327346601744374
1,20260916T132722Z-4e42535a,2026-09-16 13:27:22+00:00,afternoon,2026-09-21 19:00:00+00:00,5,35.012848149948894,24.99,-10.022848149948896,-4.487704515182297,30.525143634766597
1,20260916T132722Z-4e42535a,2026-09-16 13:27:22+00:00,afternoon,2026-09-21 20:00:00+00:00,5,16.238344229592045,24.75,8.511655770407955,9.012448439963782,25.25079266955583
1,20260916T132722Z-4e42535a,2026-09-16 13:27:22+00:00,afternoon,2026-09-21 21:00:00+00:00,6,5.458700684029767,24.99,19.53129931597023,47.63730991581499,53.09601059984475
1,20260916T132722Z-4e42535a,2026-09-16 13:27:22+00:00,afternoon,2026-09-21 22:00:00+00:00,6,15.467520807584243,20.01,4.542479192415758,41.247974852558514,56.71549566014276
1,20260916T132722Z-4e42535a,2026-09-16 13:27:22+00:00,afternoon,2026-09-21 23:00:00+00:00,6,10.338323320792163,23.05,12.711676679207837,39.222537362541736,49.5608606833339
1,20260916T132722Z-4e42535a,2026-09-16 13:27:22+00:00,afternoon,2026-09-22 00:00:00+00:00,6,7.329809971863755,23.78,16.450190028136248,41.228523526500794,48.55833349836455
1,20260916T132722Z-4e42535a,2026-09-16 13:27:22+00:00,afternoon,2026-09-22 01:00:00+00:00,6,9.733217301644746,24.56,14.826782698355252,49.867632345231385,59.60084964687613
1,20260916T132722Z-4e42535a,2026-09-16 13:27:22+00:00,afternoon,2026-09-22 02:00:00+00:00,6,10.312912898209628,27.64,17.327087101790372,72.62217995173931,82.93509284994894
1,20260916T132722Z-4e42535a,2026-09-16 13:27:22+00:00,afternoon,2026-09-22 03:00:00+00:00,6,17.0942159666619,26.95,9.8557840333381,73.4171778080649,90.5113937747268
1,20260916T132722Z-4e42535a,2026-09-16 13:27:22+00:00,afternoon,2026-09-22 04:00:00+00:00,6,31.76266949318184,86.11,54.34733050681816,49.00128212671318,80.76395161989501
1,20260916T132722Z-4e42535a,2026-09-16 13:27:22+00:00,afternoon,2026-09-22 05:00:00+00:00,6,45.92761418966042,156.22,110.29238581033958,78.68936229448805,124.61697648414847
1,20260916T132722Z-4e42535a,2026-09-16 13:27:22+00:00,afternoon,2026-09-22 06:00:00+00:00,6,47.03808284730093,207.86,160.8219171526991,55.91271093098422,102.95079377828515
1,20260916T132722Z-4e42535a,2026-09-16 13:27:22+00:00,afternoon,2026-09-22 07:00:00+00:00,6,45.38021888671412,224.97,179.58978111328588,59.379294181642045,104.75951306835617
1,20260916T132722Z-4e42535a,2026-09-16 13:27:22+00:00,afternoon,2026-09-22 08:00:00+00:00,6,35.67757460469126,179.63,143.95242539530875,58.353238369774296,94.03081297446556
1,20260916T132722Z-4e42535a,2026-09-16 13:27:22+00:00,afternoon,2026-09-22 09:00:00+00:00,6,27.08545760800782,156.89,129.80454239199216,30.117710610322625,57.20316821833045
1,20260916T132722Z-4e42535a,2026-09-16 13:27:22+00:00,afternoon,2026-09-22 10:00:00+00:00,6,24.9162590841346,125.42,100.5037409158654,32.042534233895175,56.95879331802978
1,20260916T132722Z-4e42535a,2026-09-16 13:27:22+00:00,afternoon,2026-09-22 11:00:00+00:00,6,22.41598030832227,117.28,94.86401969167773,24.2496135908053,46.66559389912757
1,20260916T132722Z-4e42535a,2026-09-16 13:27:22+00:00,afternoon,2026-09-22 12:00:00+00:00,6,23.05731974894189,115.57,92.5126802510581,20.660299173695403,43.71761892263729
1,20260916T132722Z-4e42535a,2026-09-16 13:27:22+00:00,afternoon,2026-09-22 13:00:00+00:00,6,28.25378500100236,128.32,100.06621499899764,18.57686636336523,46.83065136436759
1,20260916T132722Z-4e42535a,2026-09-16 13:27:22+00:00,afternoon,2026-09-22 14:00:00+00:00,6,36.48326124384505,148.28,111.79673875615495,9.25495195033933,45.73821319418438
1,20260916T132722Z-4e42535a,2026-09-16 13:27:22+00:00,afternoon,2026-09-22 15:00:00+00:00,6,51.62566108644609,165.16,113.53433891355391,-2.488133999260199,49.13752708718589
1,20260916T132722Z-4e42535a,2026-09-16 13:27:22+00:00,afternoon,2026-09-22 16:00:00+00:00,6,56.9277692051055,245.59,188.6622307948945,-20.928207016123444,35.999562188982054
1,20260916T132722Z-4e42535a,2026-09-16 13:27:22+00:00,afternoon,2026-09-22 17:00:00+00:00,6,49.377737656887945,334.63,285.2522623431121,-28.65385329927417,20.723884357613773
1,20260916T132722Z-4e42535a,2026-09-16 13:27:22+00:00,afternoon,2026-09-22 18:00:00+00:00,6,36.27668734750128,256.39,220.1133126524987,-11.007264096755776,25.269423250745504
1,20260916T132722Z-4e42535a,2026-09-16 13:27:22+00:00,afternoon,2026-09-22 19:00:00+00:00,6,32.185770028579554,194.5,162.31422997142045,-11.737488586545998,20.448281442033554
1,20260916T132722Z-4e42535a,2026-09-16 13:27:22+00:00,afternoon,2026-09-22 20:00:00+00:00,6,15.614389013392596,148.0,132.3856109866074,2.056685067444585,17.67107408083718
1,20260916T132722Z-4e42535a,2026-09-16 13:27:22+00:00,afternoon,2026-09-22 21:00:00+00:00,7,5.995119837653603,101.7,95.7048801623464,13.754729900693434,19.749849738347038
1,20260916T132722Z-4e42535a,2026-09-16 13:27:22+00:00,afternoon,2026-09-22 22:00:00+00:00,7,16.21864487826327,136.26,120.04135512173673,11.010775421645059,27.229420299908327
1,20260916T132722Z-4e42535a,2026-09-16 13:27:22+00:00,afternoon,2026-09-22 23:00:00+00:00,7,10.217815171187064,124.31,114.09218482881293,11.799364548724345,22.01717971991141
1,20260916T132722Z-4e42535a,2026-09-16 13:27:22+00:00,afternoon,2026-09-23 00:00:00+00:00,7,6.978277251361332,123.74,116.76172274863866,16.72823938518555,23.70651663654688
1,20260916T132722Z-4e42535a,2026-09-16 13:27:22+00:00,afternoon,2026-09-23 01:00:00+00:00,7,8.183677854919262,102.58,94.39632214508073,15.958619953580065,24.14229780849933
1,20260916T132722Z-4e42535a,2026-09-16 13:27:22+00:00,afternoon,2026-09-23 02:00:00+00:00,7,8.928299947284883,102.57,93.64170005271511,24.18589144351642,33.1141913908013
1,20260916T132722Z-4e42535a,2026-09-16 13:27:22+00:00,afternoon,2026-09-23 03:00:00+00:00,7,15.760512618210912,133.32,117.55948738178908,20.91585326025461,36.676365878465525
1,20260916T132722Z-4e42535a,2026-09-16 13:27:22+00:00,afternoon,2026-09-23 04:00:00+00:00,7,29.302162455626465,157.85,128.54783754437352,-0.30104674479818333,29.001115710828284
1,20260916T132722Z-4e42535a,2026-09-16 13:27:22+00:00,afternoon,2026-09-23 05:00:00+00:00,7,41.55248665123463,169.2,127.64751334876536,-7.454387365613639,34.09809928562099
1,20260916T132722Z-4e42535a,2026-09-16 13:27:22+00:00,afternoon,2026-09-23 06:00:00+00:00,7,44.02585868194413,177.54,133.51414131805586,-9.38844891766853,34.6374097642756
1,20260916T132722Z-4e42535a,2026-09-16 13:27:22+00:00,afternoon,2026-09-23 07:00:00+00:00,7,42.37306714316216,170.34,127.96693285683784,-6.011159256826461,36.3619078863357
1,20260916T132722Z-4e42535a,2026-09-16 13:27:22+00:00,afternoon,2026-09-23 08:00:00+00:00,7,34.62515776829007,152.65,118.02484223170993,-9.252288071411012,25.37286969687906
1,20260916T132722Z-4e42535a,2026-09-16 13:27:22+00:00,afternoon,2026-09-23 09:00:00+00:00,7,26.43887234860759,135.29,108.8511276513924,-11.627022910276834,14.811849438330755
1,20260916T132722Z-4e42535a,2026-09-16 13:27:22+00:00,afternoon,2026-09-23 10:00:00+00:00,7,23.84204943976614,128.59,104.74795056023386,-11.286817052509699,12.55523238725644
1,20260916T132722Z-4e42535a,2026-09-16 13:27:22+00:00,afternoon,2026-09-23 11:00:00+00:00,7,21.28058919598941,121.9,100.6194108040106,-14.767743802566686,6.512845393422724
1,20260916T132722Z-4e42535a,2026-09-16 13:27:22+00:00,afternoon,2026-09-23 12:00:00+00:00,7,21.763362584211443,121.77,100.00663741578856,-20.208841564397698,1.5545210198137447
1,20260916T132722Z-4e42535a,2026-09-16 13:27:22+00:00,afternoon,2026-09-23 13:00:00+00:00,7,26.074472669785745,123.39,97.31552733021425,-18.69336359265724,7.381109077128507
1,20260916T132722Z-4e42535a,2026-09-16 13:27:22+00:00,afternoon,2026-09-23 14:00:00+00:00,7,34.99011709831183,132.85,97.85988290168817,-27.034787014720116,7.955330083591711
1,20260916T132722Z-4e42535a,2026-09-16 13:27:22+00:00,afternoon,2026-09-23 15:00:00+00:00,7,49.23877897365277,161.44,112.20122102634723,-40.831972434916686,8.406806538736085
1,20260916T132722Z-4e42535a,2026-09-16 13:27:22+00:00,afternoon,2026-09-23 16:00:00+00:00,7,53.66458555906336,201.7,148.03541444093662,-60.68892984129802,-7.024344282234658
1,20260916T132722Z-4e42535a,2026-09-16 13:27:22+00:00,afternoon,2026-09-23 17:00:00+00:00,7,46.92826964470089,154.84,107.91173035529911,-42.513939429637055,4.414330215063835
1,20260916T132722Z-4e42535a,2026-09-16 13:27:22+00:00,afternoon,2026-09-23 18:00:00+00:00,7,35.00266679596216,147.72,112.71733320403783,-39.294794279101986,-4.292127483139822
1,20260916T132722Z-4e42535a,2026-09-16 13:27:22+00:00,afternoon,2026-09-23 19:00:00+00:00,7,30.829455784446253,70.09,39.26054421555375,-34.42772830692004,-3.598272522473785
1,20260916T132722Z-4e42535a,2026-09-16 13:27:22+00:00,afternoon,2026-09-23 20:00:00+00:00,7,15.164492006050748,39.04,23.87550799394925,-16.222458848760457,-1.0579668427097086
1,20260916T132722Z-4e42535a,2026-09-16 13:27:22+00:00,afternoon,2026-09-23 21:00:00+00:00,8,6.834354637861253,35.5,28.665645362138747,5.685987408527401,12.520342046388654
1,20260916T132722Z-4e42535a,2026-09-16 13:27:22+00:00,afternoon,2026-09-23 22:00:00+00:00,8,16.718315074167794,101.35,84.6316849258322,-0.9602987491039148,15.75801632506388
1,20260916T132722Z-4e42535a,2026-09-16 13:27:22+00:00,afternoon,2026-09-23 23:00:00+00:00,8,11.265259608158592,103.88,92.61474039184141,9.64568628066619,20.910945888824784
1,20260916T132722Z-4e42535a,2026-09-16 13:27:22+00:00,afternoon,2026-09-24 00:00:00+00:00,8,8.834213415213647,110.9,102.06578658478637,14.285294060374348,23.119507475587994
1,20260916T132722Z-4e42535a,2026-09-16 13:27:22+00:00,afternoon,2026-09-24 01:00:00+00:00,8,11.829140753749996,100.73,88.90085924625001,14.142127762310142,25.97126851606014
1,20260916T132722Z-4e42535a,2026-09-16 13:27:22+00:00,afternoon,2026-09-24 02:00:00+00:00,8,13.17309683338124,97.77,84.59690316661876,17.188698137769336,30.361794971150577
1,20260916T132722Z-4e42535a,2026-09-16 13:27:22+00:00,afternoon,2026-09-24 03:00:00+00:00,8,19.22044378178432,106.85,87.62955621821567,1.4155842498432336,20.636028031627554
1,20260916T132722Z-4e42535a,2026-09-16 13:27:22+00:00,afternoon,2026-09-24 04:00:00+00:00,8,31.996929418386703,119.34,87.3430705816133,-1.6561194702100182,30.340809948176684
1,20260916T132722Z-4e42535a,2026-09-16 13:27:22+00:00,afternoon,2026-09-24 05:00:00+00:00,8,43.65624082238594,173.34,129.68375917761406,-0.4122859146306838,43.24395490775525
1,20260916T132722Z-4e42535a,2026-09-16 13:27:22+00:00,afternoon,2026-09-24 06:00:00+00:00,8,46.21951781274176,227.37,181.15048218725823,0.25269543340523853,46.472213246147
1,20260916T132722Z-4e42535a,2026-09-16 13:27:22+00:00,afternoon,2026-09-24 07:00:00+00:00,8,45.25077974127872,202.47,157.2192202587213,2.292593394190216,47.54337313546893
1,20260916T132722Z-4e42535a,2026-09-16 13:27:22+00:00,afternoon,2026-09-24 08:00:00+00:00,8,37.81012050430293,173.02,135.20987949569707,-4.161746215977866,33.648374288325066
1,20260916T132722Z-4e42535a,2026-09-16 13:27:22+00:00,afternoon,2026-09-24 09:00:00+00:00,8,29.58232806120653,170.98,141.39767193879345,0.40912625976029854,29.991454320966827
1,20260916T132722Z-4e42535a,2026-09-16 13:27:22+00:00,afternoon,2026-09-24 10:00:00+00:00,8,28.85464448280161,137.68,108.8253555171984,13.412745344875505,42.267389827677114
1,20260916T132722Z-4e42535a,2026-09-16 13:27:22+00:00,afternoon,2026-09-24 11:00:00+00:00,8,26.933006047034937,145.76,118.82699395296505,5.69536841483667,32.62837446187161
1,20260916T132722Z-4e42535a,2026-09-16 13:27:22+00:00,afternoon,2026-09-24 12:00:00+00:00,8,25.858070582629665,140.03,114.17192941737034,-5.8690306647548045,19.989039917874862
1,20260916T132722Z-4e42535a,2026-09-16 13:27:22+00:00,afternoon,2026-09-24 13:00:00+00:00,8,30.85744519862534,137.74,106.88255480137467,-0.041565839205069545,30.81587935942027
1,20260916T132722Z-4e42535a,2026-09-16 13:27:22+00:00,afternoon,2026-09-24 14:00:00+00:00,8,37.83397492021218,127.6,89.76602507978782,-31.590845659148847,6.243129261063331
1,20260916T132722Z-4e42535a,2026-09-16 13:27:22+00:00,afternoon,2026-09-24 15:00:00+00:00,8,51.62516889249497,140.0,88.37483110750503,-42.49017971658484,9.134989175910128
1,20260916T132722Z-4e42535a,2026-09-16 13:27:22+00:00,afternoon,2026-09-24 16:00:00+00:00,8,57.53766760245429,157.48,99.9423323975457,-67.56557536114407,-10.027907758689778
1,20260916T132722Z-4e42535a,2026-09-16 13:27:22+00:00,afternoon,2026-09-24 17:00:00+00:00,8,49.73138006197004,176.21,126.47861993802996,-50.94039338443082,-1.2090133224607769
1,20260916T132722Z-4e42535a,2026-09-16 13:27:22+00:00,afternoon,2026-09-24 18:00:00+00:00,8,36.63058145398418,161.52,124.88941854601583,-39.85776733822882,-3.2271858842446406
1,20260916T132722Z-4e42535a,2026-09-16 13:27:22+00:00,afternoon,2026-09-24 19:00:00+00:00,8,33.3818223280133,130.03,96.6481776719867,-39.41997064567405,-6.038148317660749
1,20260916T132722Z-4e42535a,2026-09-16 13:27:22+00:00,afternoon,2026-09-24 20:00:00+00:00,8,18.913750428518007,93.8,74.88624957148198,-22.926865720819723,-4.013115292301716
1,20260916T132722Z-4e42535a,2026-09-16 13:27:22+00:00,afternoon,2026-09-24 21:00:00+00:00,9,10.163603182818918,49.03,38.866396817181084,-2.155946763295187,8.00765641952373
1,20260916T132722Z-4e42535a,2026-09-16 13:27:22+00:00,afternoon,2026-09-24 22:00:00+00:00,9,19.63422419023924,34.99,15.355775809760761,-7.834870709605597,11.799353480633645
1,20260916T132722Z-4e42535a,2026-09-16 13:27:22+00:00,afternoon,2026-09-24 23:00:00+00:00,9,14.872768560379347,33.0,18.12723143962065,-3.16697002199742,11.705798538381927
1,20260916T132722Z-4e42535a,2026-09-16 13:27:22+00:00,afternoon,2026-09-25 00:00:00+00:00,9,12.6733404306378,34.14,21.4666595693622,3.546602581684084,16.219943012321885
1,20260916T132722Z-4e42535a,2026-09-16 13:27:22+00:00,afternoon,2026-09-25 01:00:00+00:00,9,14.016048591855798,35.0,20.9839514081442,-3.0731153395705526,10.942933252285245
1,20260916T132722Z-4e42535a,2026-09-16 13:27:22+00:00,afternoon,2026-09-25 02:00:00+00:00,9,14.516723969820813,29.99,15.473276030179186,5.245651808866681,19.762375778687492
1,20260916T132722Z-4e42535a,2026-09-16 13:27:22+00:00,afternoon,2026-09-25 03:00:00+00:00,9,20.317145101354036,32.15,11.832854898645962,-4.41702754044736,15.900117560906676
1,20260916T132722Z-4e42535a,2026-09-16 13:27:22+00:00,afternoon,2026-09-25 04:00:00+00:00,9,32.43662503780442,30.09,-2.3466250378044187,-12.917298923113977,19.519326114690443
1,20260916T132722Z-4e42535a,2026-09-16 13:27:22+00:00,afternoon,2026-09-25 05:00:00+00:00,9,43.656384021925696,41.51,-2.146384021925698,-7.283566782941242,36.37281723898445
1,20260916T132722Z-4e42535a,2026-09-16 13:27:22+00:00,afternoon,2026-09-25 06:00:00+00:00,9,45.13091473028274,50.0,4.86908526971726,-5.663724766494616,39.46718996378812
1,20260916T132722Z-4e42535a,2026-09-16 13:27:22+00:00,afternoon,2026-09-25 07:00:00+00:00,9,43.33108831543985,69.41,26.078911684560147,-4.700716760844979,38.63037155459487
1,20260916T132722Z-4e42535a,2026-09-16 13:27:22+00:00,afternoon,2026-09-25 08:00:00+00:00,9,35.60880578636769,115.48,79.87119421363232,-17.53498795264458,18.07381783372311
1,20260916T132722Z-4e42535a,2026-09-16 13:27:22+00:00,afternoon,2026-09-25 09:00:00+00:00,9,27.559656080114685,138.0,110.44034391988532,-13.078537278164136,14.481118801950549
1,20260916T132722Z-4e42535a,2026-09-16 13:27:22+00:00,afternoon,2026-09-25 10:00:00+00:00,9,25.89145053571685,117.7,91.80854946428315,-9.129527494426627,16.761923041290224
1,20260916T132722Z-4e42535a,2026-09-16 13:27:22+00:00,afternoon,2026-09-25 11:00:00+00:00,9,22.767319934844707,102.12,79.3526800651553,-22.320398960361224,0.4469209744834828
1,20260916T132722Z-4e42535a,2026-09-16 13:27:22+00:00,afternoon,2026-09-25 12:00:00+00:00,9,22.98553805121997,74.67,51.68446194878003,-27.791950635886646,-4.806412584666678
1,20260916T132722Z-4e42535a,2026-09-16 13:27:22+00:00,afternoon,2026-09-25 13:00:00+00:00,9,27.19057339215033,72.56,45.369426607849675,-24.319059598885467,2.871513793264864
1,20260916T132722Z-4e42535a,2026-09-16 13:27:22+00:00,afternoon,2026-09-25 14:00:00+00:00,9,34.50416197625753,96.66,62.15583802374247,-31.41427192410157,3.0898900521559582
1,20260916T132722Z-4e42535a,2026-09-16 13:27:22+00:00,afternoon,2026-09-25 15:00:00+00:00,9,46.75461983934731,92.14,45.38538016065269,-26.287390588326808,20.467229251020505
1,20260916T132722Z-4e42535a,2026-09-16 13:27:22+00:00,afternoon,2026-09-25 16:00:00+00:00,9,51.62119399078357,69.02,17.39880600921643,-45.99031662555845,5.630877365225118
1,20260916T132722Z-4e42535a,2026-09-16 13:27:22+00:00,afternoon,2026-09-25 17:00:00+00:00,9,46.062882558611406,66.57,20.507117441388587,-33.67377490879768,12.389107649813724
1,20260916T132722Z-4e42535a,2026-09-16 13:27:22+00:00,afternoon,2026-09-25 18:00:00+00:00,9,33.63982089818646,49.47,15.830179101813542,-27.429902363179185,6.209918535007272
1,20260916T132722Z-4e42535a,2026-09-16 13:27:22+00:00,afternoon,2026-09-25 19:00:00+00:00,9,28.796953396945725,35.84,7.043046603054279,-27.35233780102865,1.4446155959170746
1,20260916T132722Z-4e42535a,2026-09-16 13:27:22+00:00,afternoon,2026-09-25 20:00:00+00:00,9,15.43749683122864,37.18,21.74250316877136,-17.849044362331863,-2.411547531103224
1,20260916T132722Z-4e42535a,2026-09-16 13:27:22+00:00,afternoon,2026-09-25 21:00:00+00:00,10,5.5380989761086425,34.32,28.781901023891358,3.6532429462793075,9.19134192238795
1,20260916T132722Z-4e42535a,2026-09-16 13:27:22+00:00,afternoon,2026-09-25 22:00:00+00:00,10,15.090910496787613,25.0,9.909089503212387,5.976481823661581,21.067392320449194
1,20260916T132722Z-4e42535a,2026-09-16 13:27:22+00:00,afternoon,2026-09-25 23:00:00+00:00,10,11.03994490626058,25.88,14.84005509373942,10.783004842634355,21.822949748894935
1,20260916T132722Z-4e42535a,2026-09-16 13:27:22+00:00,afternoon,2026-09-26 00:00:00+00:00,10,9.063349445123954,28.82,19.756650554876046,8.31147865819122,17.374828103315174
1,20260916T132722Z-4e42535a,2026-09-16 13:27:22+00:00,afternoon,2026-09-26 01:00:00+00:00,10,10.49001746129029,29.24,18.74998253870971,10.341415360260854,20.831432821551143
1,20260916T132722Z-4e42535a,2026-09-16 13:27:22+00:00,afternoon,2026-09-26 02:00:00+00:00,10,11.327978722772183,29.1,17.772021277227818,18.959734787948072,30.287713510720256
1,20260916T132722Z-4e42535a,2026-09-16 13:27:22+00:00,afternoon,2026-09-26 03:00:00+00:00,10,17.234275766940037,30.15,12.915724233059962,12.852338494260366,30.086614261200403
1,20260916T132722Z-4e42535a,2026-09-16 13:27:22+00:00,afternoon,2026-09-26 04:00:00+00:00,10,28.139582097230825,32.29,4.150417902769174,2.585922486324171,30.725504583554997
1,20260916T132722Z-4e42535a,2026-09-16 13:27:22+00:00,afternoon,2026-09-26 05:00:00+00:00,10,38.580231139157775,30.89,-7.690231139157774,6.900132544154425,45.4803636833122
1,20260916T132722Z-4e42535a,2026-09-16 13:27:22+00:00,afternoon,2026-09-26 06:00:00+00:00,10,39.80485201910015,32.97,-6.834852019100154,7.165222752823088,46.970074771923244
1,20260916T132722Z-4e42535a,2026-09-16 13:27:22+00:00,afternoon,2026-09-26 07:00:00+00:00,10,38.79569012691,34.57,-4.225690126910003,4.799557681239454,43.59524780814946
1,20260916T132722Z-4e42535a,2026-09-16 13:27:22+00:00,afternoon,2026-09-26 08:00:00+00:00,10,31.11346516847809,42.99,11.876534831521912,0.11252663930047034,31.22599180777856
1,20260916T132722Z-4e42535a,2026-09-16 13:27:22+00:00,afternoon,2026-09-26 09:00:00+00:00,10,23.110059743413863,43.03,19.919940256586138,-2.7079803546547723,20.40207938875909
1,20260916T132722Z-4e42535a,2026-09-16 13:27:22+00:00,afternoon,2026-09-26 10:00:00+00:00,10,21.669142394222742,29.23,7.560857605777258,-3.7186557352495164,17.950486658973226
1,20260916T132722Z-4e42535a,2026-09-16 13:27:22+00:00,afternoon,2026-09-26 11:00:00+00:00,10,16.610718491351225,19.42,2.809281508648777,-9.641694614317347,6.969023877033878
1,20260916T132722Z-4e42535a,2026-09-16 13:27:22+00:00,afternoon,2026-09-26 12:00:00+00:00,10,16.44957509954079,13.29,-3.159575099540792,-8.603800981307467,7.845774118233324
1,20260916T132722Z-4e42535a,2026-09-16 13:27:22+00:00,afternoon,2026-09-26 13:00:00+00:00,10,21.457488913122155,22.59,1.1325110868778445,-5.738761554941492,15.718727358180663
1,20260916T132722Z-4e42535a,2026-09-16 13:27:22+00:00,afternoon,2026-09-26 14:00:00+00:00,10,29.589067902199428,24.99,-4.59906790219943,-9.20843153530144,20.38063636689799
1,20260916T132722Z-4e42535a,2026-09-16 13:27:22+00:00,afternoon,2026-09-26 15:00:00+00:00,10,42.57745688683022,28.93,-13.64745688683022,-5.612136597918582,36.96532028891164
1,20260916T132722Z-4e42535a,2026-09-16 13:27:22+00:00,afternoon,2026-09-26 16:00:00+00:00,10,46.78351736076728,39.97,-6.813517360767278,-17.144456577607677,29.6390607831596
1,20260916T132722Z-4e42535a,2026-09-16 13:27:22+00:00,afternoon,2026-09-26 17:00:00+00:00,10,42.6251163852156,38.03,-4.595116385215597,-13.219827677146004,29.405288708069595
1,20260916T132722Z-4e42535a,2026-09-16 13:27:22+00:00,afternoon,2026-09-26 18:00:00+00:00,10,31.53981754719865,34.42,2.8801824528013533,-18.06265761302664,13.477159934172008
1,20260916T132722Z-4e42535a,2026-09-16 13:27:22+00:00,afternoon,2026-09-26 19:00:00+00:00,10,27.699105748269453,21.72,-5.979105748269454,-20.983481517321746,6.715624230947707
1,20260916T132722Z-4e42535a,2026-09-16 13:27:22+00:00,afternoon,2026-09-26 20:00:00+00:00,10,15.4367219448406,19.49,4.053278055159398,-14.045580539260087,1.3911414055805142
1,20260916T132722Z-4e42535a,2026-09-16 13:27:22+00:00,afternoon,2026-09-26 21:00:00+00:00,11,7.945812141855944,15.83,7.884187858144056,1.8516584512333643,9.797470593089308
1,20260916T132722Z-4e42535a,2026-09-16 13:27:22+00:00,afternoon,2026-09-26 22:00:00+00:00,11,15.802748410517294,13.08,-2.722748410517294,2.90227944892023,18.705027859437525
1,20260916T132722Z-4e42535a,2026-09-16 13:27:22+00:00,afternoon,2026-09-26 23:00:00+00:00,11,10.649543239991552,17.76,7.11045676000845,7.049671804747146,17.699215044738697
1,20260916T132722Z-4e42535a,2026-09-16 13:27:22+00:00,afternoon,2026-09-27 00:00:00+00:00,11,8.921872512750873,14.3,5.378127487249127,3.38987856949142,12.311751082242294
1,20260916T132722Z-4e42535a,2026-09-16 13:27:22+00:00,afternoon,2026-09-27 01:00:00+00:00,11,11.48636644192466,12.81,1.3236335580753398,6.407958147242963,17.894324589167624
1,20260916T132722Z-4e42535a,2026-09-16 13:27:22+00:00,afternoon,2026-09-27 02:00:00+00:00,11,11.730123283558015,10.74,-0.9901232835580149,13.483967754268637,25.214091037826652
1,20260916T132722Z-4e42535a,2026-09-16 13:27:22+00:00,afternoon,2026-09-27 03:00:00+00:00,11,16.662007813246188,9.99,-6.6720078132461875,4.651699207969311,21.3137070212155
1,20260916T132722Z-4e42535a,2026-09-16 13:27:22+00:00,afternoon,2026-09-27 04:00:00+00:00,11,28.712079954711925,9.7,-19.012079954711925,-7.200068665624519,21.512011289087404
1,20260916T132722Z-4e42535a,2026-09-16 13:27:22+00:00,afternoon,2026-09-27 05:00:00+00:00,11,38.76245897754653,10.0,-28.76245897754653,-3.3088109015501126,35.45364807599642
1,20260916T132722Z-4e42535a,2026-09-16 13:27:22+00:00,afternoon,2026-09-27 06:00:00+00:00,11,40.12032315821445,9.99,-30.130323158214445,-1.8143783660038222,38.305944792210624
1,20260916T132722Z-4e42535a,2026-09-16 13:27:22+00:00,afternoon,2026-09-27 07:00:00+00:00,11,38.761866100030666,39.62,0.8581338999693315,-5.85746116552989,32.904404934500775
1,20260916T132722Z-4e42535a,2026-09-16 13:27:22+00:00,afternoon,2026-09-27 08:00:00+00:00,11,31.54825416368965,29.81,-1.7382541636896498,-14.061796435129432,17.486457728560218
1,20260916T132722Z-4e42535a,2026-09-16 13:27:22+00:00,afternoon,2026-09-27 09:00:00+00:00,11,24.487754488350884,19.49,-4.9977544883508855,-11.591312196217016,12.896442292133868
1,20260916T132722Z-4e42535a,2026-09-16 13:27:22+00:00,afternoon,2026-09-27 10:00:00+00:00,11,22.324746562555823,19.49,-2.834746562555825,-11.127857281939951,11.196889280615872
1,20260916T132722Z-4e42535a,2026-09-16 13:27:22+00:00,afternoon,2026-09-27 11:00:00+00:00,11,20.47427677552266,19.9,-0.5742767755226623,-18.40549805175852,2.06877872376414
1,20260916T132722Z-4e42535a,2026-09-16 13:27:22+00:00,afternoon,2026-09-27 12:00:00+00:00,11,21.048080987627195,16.35,-4.698080987627193,-19.192950054289014,1.855130933338181
1,20260916T132722Z-4e42535a,2026-09-16 13:27:22+00:00,afternoon,2026-09-27 13:00:00+00:00,11,25.00735447992607,19.99,-5.017354479926073,-17.799174628896186,7.208179851029886
1,20260916T132722Z-4e42535a,2026-09-16 13:27:22+00:00,afternoon,2026-09-27 14:00:00+00:00,11,31.2277104846044,21.99,-9.237710484604403,-21.951956105086474,9.275754379517927
1,20260916T132722Z-4e42535a,2026-09-16 13:27:22+00:00,afternoon,2026-09-27 15:00:00+00:00,11,43.56781820058748,38.73,-4.837818200587485,-23.10119084627414,20.466627354313342
1,20260916T132722Z-4e42535a,2026-09-16 13:27:22+00:00,afternoon,2026-09-27 16:00:00+00:00,11,48.32063835261973,47.2,-1.1206383526197286,-29.006753266608946,19.313885086010785
1,20260916T132722Z-4e42535a,2026-09-16 13:27:22+00:00,afternoon,2026-09-27 17:00:00+00:00,11,43.09877659667761,43.76,0.6612234033223885,-25.705703344687628,17.393073251989982
1,20260916T132722Z-4e42535a,2026-09-16 13:27:22+00:00,afternoon,2026-09-27 18:00:00+00:00,11,33.99056997025531,37.3,3.3094300297446893,-22.110107943836244,11.880462026419064
1,20260916T132722Z-4e42535a,2026-09-16 13:27:22+00:00,afternoon,2026-09-27 19:00:00+00:00,11,30.704798105107628,33.57,2.8652018948923725,-24.06022235411961,6.644575750988018
1,20260916T132722Z-4e42535a,2026-09-16 13:27:22+00:00,afternoon,2026-09-27 20:00:00+00:00,11,18.97249520695276,32.18,13.207504793047239,-19.52435548888112,-0.5518602819283593
1,20260916T132722Z-4e42535a,2026-09-16 13:27:22+00:00,afternoon,2026-09-27 21:00:00+00:00,12,14.331722966172368,19.54,5.208277033827631,23.912166908888803,38.24388987506117
1,20260916T132722Z-4e42535a,2026-09-16 13:27:22+00:00,afternoon,2026-09-27 22:00:00+00:00,12,22.055333350767288,21.96,-0.09533335076728733,30.274615375059323,52.32994872582661
1,20260916T132722Z-4e42535a,2026-09-16 13:27:22+00:00,afternoon,2026-09-27 23:00:00+00:00,12,17.59875873332034,9.64,-7.958758733320341,16.26917216891888,33.86793090223922
1,20260916T132722Z-4e42535a,2026-09-16 13:27:22+00:00,afternoon,2026-09-28 00:00:00+00:00,12,16.205836856653498,6.88,-9.325836856653499,13.620511641993152,29.826348498646652
1,20260916T132722Z-4e42535a,2026-09-16 13:27:22+00:00,afternoon,2026-09-28 01:00:00+00:00,12,17.3708039670933,5.03,-12.340803967093297,16.74327002367752,34.11407399077082
1,20260916T132722Z-4e42535a,2026-09-16 13:27:22+00:00,afternoon,2026-09-28 02:00:00+00:00,12,18.02043002962455,4.09,-13.93043002962455,16.965320088248124,34.98575011787267
1,20260916T132722Z-4e42535a,2026-09-16 13:27:22+00:00,afternoon,2026-09-28 03:00:00+00:00,12,23.39585347965536,4.78,-18.61585347965536,24.08645739997734,47.482310879632706
1,20260916T132722Z-4e42535a,2026-09-16 13:27:22+00:00,afternoon,2026-09-28 04:00:00+00:00,12,34.39693514740766,6.33,-28.066935147407662,6.545580925184928,40.94251607259259
1,20260916T132722Z-4e42535a,2026-09-16 13:27:22+00:00,afternoon,2026-09-28 05:00:00+00:00,12,44.174485037481006,12.95,-31.224485037481006,51.64882833021143,95.82331336769244
1,20260916T132722Z-4e42535a,2026-09-16 13:27:22+00:00,afternoon,2026-09-28 06:00:00+00:00,12,46.33100469532073,15.02,-31.31100469532073,47.90978038247088,94.2407850777916
1,20260916T132722Z-4e42535a,2026-09-16 13:27:22+00:00,afternoon,2026-09-28 07:00:00+00:00,12,44.9852668118868,13.23,-31.755266811886802,48.370898138905424,93.35616495079222
1,20260916T132722Z-4e42535a,2026-09-16 13:27:22+00:00,afternoon,2026-09-28 08:00:00+00:00,12,38.89168847175414,6.55,-32.34168847175414,42.2019783564575,81.09366682821164
1,20260916T132722Z-4e42535a,2026-09-16 13:27:22+00:00,afternoon,2026-09-28 09:00:00+00:00,12,32.14272809459688,5.4,-26.742728094596885,24.36526164922719,56.50798974382407
1,20260916T132722Z-4e42535a,2026-09-16 13:27:22+00:00,afternoon,2026-09-28 10:00:00+00:00,12,30.25685669619865,3.67,-26.58685669619865,24.05119748565971,54.30805418185836
1,20260916T132722Z-4e42535a,2026-09-16 13:27:22+00:00,afternoon,2026-09-28 11:00:00+00:00,12,28.86253315179984,3.56,-25.302533151799842,21.95484914572422,50.81738229752406
1,20260916T132722Z-4e42535a,2026-09-16 13:27:22+00:00,afternoon,2026-09-28 12:00:00+00:00,12,29.634411010561493,3.76,-25.874411010561495,25.611291887106812,55.24570289766831
1,20260916T132722Z-4e42535a,2026-09-16 13:27:22+00:00,afternoon,2026-09-28 13:00:00+00:00,12,33.38300833789735,3.87,-29.51300833789735,25.62951481625125,59.012523154148596
1,20260916T132722Z-4e42535a,2026-09-16 13:27:22+00:00,afternoon,2026-09-28 14:00:00+00:00,12,39.34153303549805,5.0,-34.34153303549805,4.809124650138025,44.15065768563608
1,20260916T132722Z-4e42535a,2026-09-16 13:27:22+00:00,afternoon,2026-09-28 15:00:00+00:00,12,49.86967391282291,8.3,-41.56967391282291,-11.048601747226012,38.8210721655969
1,20260916T132722Z-4e42535a,2026-09-16 13:27:22+00:00,afternoon,2026-09-28 16:00:00+00:00,12,53.4781870597134,8.33,-45.1481870597134,-35.109431519379974,18.368755540333424
1,20260916T132722Z-4e42535a,2026-09-16 13:27:22+00:00,afternoon,2026-09-28 17:00:00+00:00,12,48.80762749668144,8.56,-40.24762749668144,-23.89606796548087,24.91155953120057
1,20260916T132722Z-4e42535a,2026-09-16 13:27:22+00:00,afternoon,2026-09-28 18:00:00+00:00,12,39.1816321435268,6.43,-32.7516321435268,-12.98105117104282,26.200580972483976
1,20260916T132722Z-4e42535a,2026-09-16 13:27:22+00:00,afternoon,2026-09-28 19:00:00+00:00,12,36.09989091175154,5.7,-30.399890911751537,-13.439418738429792,22.660472173321743
1,20260916T132722Z-4e42535a,2026-09-16 13:27:22+00:00,afternoon,2026-09-28 20:00:00+00:00,12,24.0533302119234,9.04,-15.0133302119234,3.96692210329259,28.020252315215988
1,20260917T032907Z-b88ffb68,2026-09-17 03:29:07+00:00,morning,2026-09-17 21:00:00+00:00,1,9.18058972785006,45.6,36.41941027214994,22.814556464772274,31.995146192622336
1,20260917T032907Z-b88ffb68,2026-09-17 03:29:07+00:00,morning,2026-09-17 22:00:00+00:00,1,21.25125737490888,31.42,10.16874262509112,11.173371537537353,32.42462891244624
1,20260917T032907Z-b88ffb68,2026-09-17 03:29:07+00:00,morning,2026-09-17 23:00:00+00:00,1,15.099516198438293,26.71,11.610483801561708,19.22444590144419,34.323962099882486
1,20260917T032907Z-b88ffb68,2026-09-17 03:29:07+00:00,morning,2026-09-18 00:00:00+00:00,1,12.602436786673586,27.13,14.527563213326413,37.51110883260678,50.113545619280366
1,20260917T032907Z-b88ffb68,2026-09-17 03:29:07+00:00,morning,2026-09-18 01:00:00+00:00,1,15.386307374908888,26.73,11.343692625091112,35.75054340802967,51.13685078293856
1,20260917T032907Z-b88ffb68,2026-09-17 03:29:07+00:00,morning,2026-09-18 02:00:00+00:00,1,16.426466198438302,27.63,11.203533801561697,38.4317247715116,54.8581909699499
1,20260917T032907Z-b88ffb68,2026-09-17 03:29:07+00:00,morning,2026-09-18 03:00:00+00:00,1,25.95445109662733,25.0,-0.9544510966273307,31.002933167222256,56.95738426384959
1,20260917T032907Z-b88ffb68,2026-09-17 03:29:07+00:00,morning,2026-09-18 04:00:00+00:00,1,44.69207427290694,34.67,-10.022074272906941,28.4512900239075,73.14336429681444
1,20260917T032907Z-b88ffb68,2026-09-17 03:29:07+00:00,morning,2026-09-18 05:00:00+00:00,1,61.164368390554,72.81,11.645631609446,19.804423177873616,80.96879156842762
1,20260917T032907Z-b88ffb68,2026-09-17 03:29:07+00:00,morning,2026-09-18 06:00:00+00:00,1,65.67522133173046,87.33,21.654778668269543,21.255226945722235,86.93044827745268
1,20260917T032907Z-b88ffb68,2026-09-17 03:29:07+00:00,morning,2026-09-18 07:00:00+00:00,1,66.44783897878928,85.68,19.23216102121073,21.00838252089715,87.45622149968642
1,20260917T032907Z-b88ffb68,2026-09-17 03:29:07+00:00,morning,2026-09-18 08:00:00+00:00,1,59.14010368467165,94.24,35.099896315328344,27.41651650815444,86.55662019282609
1,20260917T032907Z-b88ffb68,2026-09-17 03:29:07+00:00,morning,2026-09-18 09:00:00+00:00,1,47.64955956702459,61.06,13.410440432975413,3.950019062129504,51.599578629154095
1,20260917T032907Z-b88ffb68,2026-09-17 03:29:07+00:00,morning,2026-09-18 10:00:00+00:00,1,43.07326544937752,34.79,-8.283265449377524,8.576815889643585,51.650081339021106
1,20260917T032907Z-b88ffb68,2026-09-17 03:29:07+00:00,morning,2026-09-18 11:00:00+00:00,1,40.37054486114224,23.9,-16.470544861142244,17.662104938389025,58.03264979953127
1,20260917T032907Z-b88ffb68,2026-09-17 03:29:07+00:00,morning,2026-09-18 12:00:00+00:00,1,39.851603684671645,23.2,-16.651603684671645,14.423744011606964,54.27534769627861
1,20260917T032907Z-b88ffb68,2026-09-17 03:29:07+00:00,morning,2026-09-18 13:00:00+00:00,1,44.30305956702458,19.86,-24.443059567024584,-4.251043478540533,40.05201608848405
1,20260917T032907Z-b88ffb68,2026-09-17 03:29:07+00:00,morning,2026-09-18 14:00:00+00:00,1,51.59610368467165,12.42,-39.176103684671645,-5.142940418859231,46.453163265812414
1,20260917T032907Z-b88ffb68,2026-09-17 03:29:07+00:00,morning,2026-09-18 15:00:00+00:00,1,66.29760368467164,24.99,-41.30760368467165,-47.98742378950153,18.310179895170116
1,20260917T032907Z-b88ffb68,2026-09-17 03:29:07+00:00,morning,2026-09-18 16:00:00+00:00,1,70.03026544937754,53.66,-16.37026544937754,-75.28422723811836,-5.253961788740824
1,20260917T032907Z-b88ffb68,2026-09-17 03:29:07+00:00,morning,2026-09-18 17:00:00+00:00,1,59.27258724917358,51.11,-8.162587249173583,-66.17152876529799,-6.89894151612441
1,20260917T032907Z-b88ffb68,2026-09-17 03:29:07+00:00,morning,2026-09-18 18:00:00+00:00,1,43.95837502196771,50.3,6.341624978032286,-40.37250947870919,3.585865543258521
1,20260917T032907Z-b88ffb68,2026-09-17 03:29:07+00:00,morning,2026-09-18 19:00:00+00:00,1,39.05881031608536,38.09,-0.9688103160853601,-32.26046687535161,6.798343440733753
1,20260917T032907Z-b88ffb68,2026-09-17 03:29:07+00:00,morning,2026-09-18 20:00:00+00:00,1,20.069777963144176,26.42,6.3502220368558255,-8.083561483852176,11.986216479292
1,20260917T032907Z-b88ffb68,2026-09-17 03:29:07+00:00,morning,2026-09-18 21:00:00+00:00,2,4.256489727850058,18.02,13.763510272149942,28.699599867293163,32.95608959514322
1,20260917T032907Z-b88ffb68,2026-09-17 03:29:07+00:00,morning,2026-09-18 22:00:00+00:00,2,15.12385737490888,12.17,-2.95385737490888,22.141552191925978,37.26540956683486
1,20260917T032907Z-b88ffb68,2026-09-17 03:29:07+00:00,morning,2026-09-18 23:00:00+00:00,2,8.362666198438289,9.82,1.4573338015617114,32.18900158447528,40.55166778291357
1,20260917T032907Z-b88ffb68,2026-09-17 03:29:07+00:00,morning,2026-09-19 00:00:00+00:00,2,5.495386786673585,7.8,2.304613213326415,36.37972362948658,41.87511041616016
1,20260917T032907Z-b88ffb68,2026-09-17 03:29:07+00:00,morning,2026-09-19 01:00:00+00:00,2,7.563757374908887,7.28,-0.28375737490888664,36.426482822668945,43.99024019757783
1,20260917T032907Z-b88ffb68,2026-09-17 03:29:07+00:00,morning,2026-09-19 02:00:00+00:00,2,7.407666198438294,6.42,-0.9876661984382942,44.72235266257613,52.13001886101442
1,20260917T032907Z-b88ffb68,2026-09-17 03:29:07+00:00,morning,2026-09-19 03:00:00+00:00,2,15.075560316085356,5.01,-10.065560316085357,38.14801219350539,53.223572509590745
1,20260917T032907Z-b88ffb68,2026-09-17 03:29:07+00:00,morning,2026-09-19 04:00:00+00:00,2,31.06007833950018,5.73,-25.33007833950018,19.205689112874886,50.265767452375066
1,20260917T032907Z-b88ffb68,2026-09-17 03:29:07+00:00,morning,2026-09-19 05:00:00+00:00,2,46.67822245714724,7.27,-39.40822245714725,5.937559277771492,52.615781734918734
1,20260917T032907Z-b88ffb68,2026-09-17 03:29:07+00:00,morning,2026-09-19 06:00:00+00:00,2,48.879475398323706,8.46,-40.419475398323705,-1.0757080545709212,47.80376734375278
1,20260917T032907Z-b88ffb68,2026-09-17 03:29:07+00:00,morning,2026-09-19 07:00:00+00:00,2,46.78519304538252,8.0,-38.78519304538252,-2.6830685977600712,44.10212444762245
1,20260917T032907Z-b88ffb68,2026-09-17 03:29:07+00:00,morning,2026-09-19 08:00:00+00:00,2,36.079107751264885,2.64,-33.439107751264885,10.72469273284632,46.80380048411121
1,20260917T032907Z-b88ffb68,2026-09-17 03:29:07+00:00,morning,2026-09-19 09:00:00+00:00,2,24.575063633617823,1.08,-23.495063633617825,-0.6692099800326122,23.90585365358521
1,20260917T032907Z-b88ffb68,2026-09-17 03:29:07+00:00,morning,2026-09-19 10:00:00+00:00,2,20.46051951597076,2.0,-18.46051951597076,-0.019488834796476565,20.441030681174283
1,20260917T032907Z-b88ffb68,2026-09-17 03:29:07+00:00,morning,2026-09-19 11:00:00+00:00,2,12.270748927735475,2.0,-10.270748927735475,3.2994253819971124,15.570174309732588
1,20260917T032907Z-b88ffb68,2026-09-17 03:29:07+00:00,morning,2026-09-19 12:00:00+00:00,2,13.021057751264884,1.99,-11.031057751264884,1.1910363617218978,14.212094112986781
1,20260917T032907Z-b88ffb68,2026-09-17 03:29:07+00:00,morning,2026-09-19 13:00:00+00:00,2,20.449713633617822,1.99,-18.459713633617824,-6.959911398647225,13.489802234970597
1,20260917T032907Z-b88ffb68,2026-09-17 03:29:07+00:00,morning,2026-09-19 14:00:00+00:00,2,31.55030775126488,3.53,-28.02030775126488,-4.717912244219336,26.832395507045547
1,20260917T032907Z-b88ffb68,2026-09-17 03:29:07+00:00,morning,2026-09-19 15:00:00+00:00,2,50.07145775126488,5.59,-44.481457751264884,-25.084298111465934,24.987159639798946
1,20260917T032907Z-b88ffb68,2026-09-17 03:29:07+00:00,morning,2026-09-19 16:00:00+00:00,2,57.15343839952976,11.31,-45.84343839952976,-30.99611491363622,26.157323485893542
1,20260917T032907Z-b88ffb68,2026-09-17 03:29:07+00:00,morning,2026-09-19 17:00:00+00:00,2,52.52753812358981,15.28,-37.247538123589806,-36.00643840581649,16.521099717773318
1,20260917T032907Z-b88ffb68,2026-09-17 03:29:07+00:00,morning,2026-09-19 18:00:00+00:00,2,37.8380250219677,11.02,-26.818025021967703,-29.168204806220484,8.669820215747219
1,20260917T032907Z-b88ffb68,2026-09-17 03:29:07+00:00,morning,2026-09-19 19:00:00+00:00,2,33.08306031608535,5.25,-27.83306031608535,-21.633215427106666,11.449844888978685
1,20260917T032907Z-b88ffb68,2026-09-17 03:29:07+00:00,morning,2026-09-19 20:00:00+00:00,2,14.179527963144182,4.03,-10.14952796314418,-3.5997076152009937,10.579820347943187
1,20260917T032907Z-b88ffb68,2026-09-17 03:29:07+00:00,morning,2026-09-19 21:00:00+00:00,3,0.0669897278500712,1.99,1.9230102721499287,30.102692552210524,30.169682280060595
1,20260917T032907Z-b88ffb68,2026-09-17 03:29:07+00:00,morning,2026-09-19 22:00:00+00:00,3,10.78615737490889,0.01,-10.776157374908891,15.937458090895872,26.723615465804762
1,20260917T032907Z-b88ffb68,2026-09-17 03:29:07+00:00,morning,2026-09-19 23:00:00+00:00,3,3.782716198438294,-0.02,-3.802716198438294,21.797116042572444,25.579832241010738
1,20260917T032907Z-b88ffb68,2026-09-17 03:29:07+00:00,morning,2026-09-20 00:00:00+00:00,3,0.3664367866735887,-0.09,-0.45643678667358867,39.16474589507653,39.53118268175012
1,20260917T032907Z-b88ffb68,2026-09-17 03:29:07+00:00,morning,2026-09-20 01:00:00+00:00,3,1.8166573749088928,-0.2,-2.0166573749088927,40.40162076613364,42.21827814104253
1,20260917T032907Z-b88ffb68,2026-09-17 03:29:07+00:00,morning,2026-09-20 02:00:00+00:00,3,1.220766198438298,-0.21,-1.430766198438298,47.41697646077962,48.63774265921792
1,20260917T032907Z-b88ffb68,2026-09-17 03:29:07+00:00,morning,2026-09-20 03:00:00+00:00,3,8.078660316085362,-0.21,-8.288660316085362,30.15833312423413,38.236993440319495
1,20260917T032907Z-b88ffb68,2026-09-17 03:29:07+00:00,morning,2026-09-20 04:00:00+00:00,3,21.96616505695975,-0.08,-22.046165056959747,17.345969756775382,39.31213481373513
1,20260917T032907Z-b88ffb68,2026-09-17 03:29:07+00:00,morning,2026-09-20 05:00:00+00:00,3,35.19454157643054,0.0,-35.19454157643054,-3.3233683162658005,31.87117326016474
1,20260917T032907Z-b88ffb68,2026-09-17 03:29:07+00:00,morning,2026-09-20 06:00:00+00:00,3,36.248442018577535,0.81,-35.43844201857753,1.208815056000582,37.457257074578116
1,20260917T032907Z-b88ffb68,2026-09-17 03:29:07+00:00,morning,2026-09-20 07:00:00+00:00,3,37.45415915795455,1.49,-35.96415915795455,-5.405483728411487,32.04867542954306
1,20260917T032907Z-b88ffb68,2026-09-17 03:29:07+00:00,morning,2026-09-20 08:00:00+00:00,3,28.138015025161767,0.0,-28.138015025161767,6.200684085609436,34.3386991107712
1,20260917T032907Z-b88ffb68,2026-09-17 03:29:07+00:00,morning,2026-09-20 09:00:00+00:00,3,17.705759010065922,0.23,-17.47575901006592,-5.744288695972575,11.961470314093347
1,20260917T032907Z-b88ffb68,2026-09-17 03:29:07+00:00,morning,2026-09-20 10:00:00+00:00,3,16.15534869709277,0.15,-16.00534869709277,-7.110503355539432,9.044845341553337
1,20260917T032907Z-b88ffb68,2026-09-17 03:29:07+00:00,morning,2026-09-20 11:00:00+00:00,3,12.439735343630076,0.13,-12.309735343630075,-3.8682731957737624,8.571462147856314
1,20260917T032907Z-b88ffb68,2026-09-17 03:29:07+00:00,morning,2026-09-20 12:00:00+00:00,3,14.12720126455455,0.41,-13.71720126455455,-7.539663185745374,6.587538078809176
1,20260917T032907Z-b88ffb68,2026-09-17 03:29:07+00:00,morning,2026-09-20 13:00:00+00:00,3,22.082218901833397,1.51,-20.572218901833395,-18.59486339506072,3.4873555067726763
1,20260917T032907Z-b88ffb68,2026-09-17 03:29:07+00:00,morning,2026-09-20 14:00:00+00:00,3,33.77073606782329,3.49,-30.28073606782329,-18.014986461479538,15.755749606343755
1,20260917T032907Z-b88ffb68,2026-09-17 03:29:07+00:00,morning,2026-09-20 15:00:00+00:00,3,51.556740039217225,7.12,-44.43674003921723,-33.610363008791694,17.94637703042553
1,20260917T032907Z-b88ffb68,2026-09-17 03:29:07+00:00,morning,2026-09-20 16:00:00+00:00,3,60.09373272295628,11.04,-49.05373272295628,-48.06259396601262,12.031138756943662
1,20260917T032907Z-b88ffb68,2026-09-17 03:29:07+00:00,morning,2026-09-20 17:00:00+00:00,3,54.47750630325656,24.83,-29.647506303256563,-39.6156234766224,14.861882826634158
1,20260917T032907Z-b88ffb68,2026-09-17 03:29:07+00:00,morning,2026-09-20 18:00:00+00:00,3,41.011437248573486,38.87,-2.1414372485734887,-35.222830979789414,5.788606268784072
1,20260917T032907Z-b88ffb68,2026-09-17 03:29:07+00:00,morning,2026-09-20 19:00:00+00:00,3,36.69297297810139,38.14,1.447027021898613,-30.39114160752623,6.301831370575158
1,20260917T032907Z-b88ffb68,2026-09-17 03:29:07+00:00,morning,2026-09-20 20:00:00+00:00,3,19.64608739416037,34.69,15.043912605839626,-16.49027881520524,3.1558085789551313
1,20260917T032907Z-b88ffb68,2026-09-17 03:29:07+00:00,morning,2026-09-20 21:00:00+00:00,4,11.17757166561981,25.51,14.332428334380191,40.12805924449743,51.30563091011724
1,20260917T032907Z-b88ffb68,2026-09-17 03:29:07+00:00,morning,2026-09-20 22:00:00+00:00,4,23.42020413087208,15.58,-7.840204130872079,33.36295947767724,56.783163608549316
1,20260917T032907Z-b88ffb68,2026-09-17 03:29:07+00:00,morning,2026-09-20 23:00:00+00:00,4,17.60785118582283,10.3,-7.30785118582283,34.97686447745298,52.58471566327581
1,20260917T032907Z-b88ffb68,2026-09-17 03:29:07+00:00,morning,2026-09-21 00:00:00+00:00,4,14.989146938726549,8.54,-6.44914693872655,47.83911776824686,62.82826470697341
1,20260917T032907Z-b88ffb68,2026-09-17 03:29:07+00:00,morning,2026-09-21 01:00:00+00:00,4,16.516429526008892,9.79,-6.726429526008893,43.89964660500265,60.41607613101154
1,20260917T032907Z-b88ffb68,2026-09-17 03:29:07+00:00,morning,2026-09-21 02:00:00+00:00,4,15.496205589075863,8.1,-7.396205589075864,45.62473085933967,61.120936448415534
1,20260917T032907Z-b88ffb68,2026-09-17 03:29:07+00:00,morning,2026-09-21 03:00:00+00:00,4,22.642858070482838,51.64,28.997141929517163,43.9891964695115,66.63205453999433
1,20260917T032907Z-b88ffb68,2026-09-17 03:29:07+00:00,morning,2026-09-21 04:00:00+00:00,4,38.65202120924626,107.91,69.25797879075374,25.31692584967175,63.968947058918005
1,20260917T032907Z-b88ffb68,2026-09-17 03:29:07+00:00,morning,2026-09-21 05:00:00+00:00,4,53.575616535880336,145.41,91.83438346411967,57.03224362260179,110.60786015848213
1,20260917T032907Z-b88ffb68,2026-09-17 03:29:07+00:00,morning,2026-09-21 06:00:00+00:00,4,57.30278269721145,146.57,89.26721730278854,79.69536274230913,136.99814543952058
1,20260917T032907Z-b88ffb68,2026-09-17 03:29:07+00:00,morning,2026-09-21 07:00:00+00:00,4,56.985308290746495,120.04,63.05469170925351,89.58434319396973,146.56965148471622
1,20260917T032907Z-b88ffb68,2026-09-17 03:29:07+00:00,morning,2026-09-21 08:00:00+00:00,4,48.71761397304406,73.19,24.472386026955938,93.83537458812646,142.5529885611705
1,20260917T032907Z-b88ffb68,2026-09-17 03:29:07+00:00,morning,2026-09-21 09:00:00+00:00,4,39.8845993505106,25.19,-14.694599350510597,68.1351855891721,108.0197849396827
1,20260917T032907Z-b88ffb68,2026-09-17 03:29:07+00:00,morning,2026-09-21 10:00:00+00:00,4,37.43880762800857,15.75,-21.68880762800857,67.12472111248655,104.56352874049512
1,20260917T032907Z-b88ffb68,2026-09-17 03:29:07+00:00,morning,2026-09-21 11:00:00+00:00,4,34.13799033199827,11.59,-22.547990331998268,52.983999408522244,87.12198974052052
1,20260917T032907Z-b88ffb68,2026-09-17 03:29:07+00:00,morning,2026-09-21 12:00:00+00:00,4,34.93094029661672,13.07,-21.860940296616718,45.763061895360615,80.69400219197733
1,20260917T032907Z-b88ffb68,2026-09-17 03:29:07+00:00,morning,2026-09-21 13:00:00+00:00,4,41.31856847924125,11.01,-30.308568479241252,51.58093194897051,92.89950042821175
1,20260917T032907Z-b88ffb68,2026-09-17 03:29:07+00:00,morning,2026-09-21 14:00:00+00:00,4,50.712125306740695,10.52,-40.19212530674069,41.14958669215789,91.86171199889858
1,20260917T032907Z-b88ffb68,2026-09-17 03:29:07+00:00,morning,2026-09-21 15:00:00+00:00,4,67.10705921339763,12.91,-54.19705921339764,39.549752449748084,106.65681166314572
1,20260917T032907Z-b88ffb68,2026-09-17 03:29:07+00:00,morning,2026-09-21 16:00:00+00:00,4,72.14730580556271,52.81,-19.337305805562707,10.687494014987271,82.83479982054997
1,20260917T032907Z-b88ffb68,2026-09-17 03:29:07+00:00,morning,2026-09-21 17:00:00+00:00,4,63.417956100691626,36.43,-26.987956100691626,-0.48242386086454964,62.935532239827076
1,20260917T032907Z-b88ffb68,2026-09-17 03:29:07+00:00,morning,2026-09-21 18:00:00+00:00,4,47.850801798206,35.78,-12.070801798205999,12.178591397661268,60.02939319586727
1,20260917T032907Z-b88ffb68,2026-09-17 03:29:07+00:00,morning,2026-09-21 19:00:00+00:00,4,42.15941107095191,24.99,-17.169411070951913,-12.541884912269197,29.617526158682715
1,20260917T032907Z-b88ffb68,2026-09-17 03:29:07+00:00,morning,2026-09-21 20:00:00+00:00,4,23.93030231293256,24.75,0.8196976870674391,2.012228278063209,25.94253059099577
1,20260917T032907Z-b88ffb68,2026-09-17 03:29:07+00:00,morning,2026-09-21 21:00:00+00:00,5,12.48242067922439,24.99,12.507579320775609,44.9076382137104,57.39005889293479
1,20260917T032907Z-b88ffb68,2026-09-17 03:29:07+00:00,morning,2026-09-21 22:00:00+00:00,5,23.016180359082345,20.01,-3.006180359082343,52.41503944190559,75.43121980098793
1,20260917T032907Z-b88ffb68,2026-09-17 03:29:07+00:00,morning,2026-09-21 23:00:00+00:00,5,16.107888811169175,23.05,6.942111188830825,37.18163439725554,53.28952320842472
1,20260917T032907Z-b88ffb68,2026-09-17 03:29:07+00:00,morning,2026-09-22 00:00:00+00:00,5,12.426760921060731,23.78,11.35323907893927,48.56126360452497,60.9880245255857
1,20260917T032907Z-b88ffb68,2026-09-17 03:29:07+00:00,morning,2026-09-22 01:00:00+00:00,5,13.778518292778472,24.56,10.781481707221527,45.432940710515005,59.21145900329348
1,20260917T032907Z-b88ffb68,2026-09-17 03:29:07+00:00,morning,2026-09-22 02:00:00+00:00,5,13.008639505236912,27.64,14.631360494763088,63.10508105721841,76.11372056245533
1,20260917T032907Z-b88ffb68,2026-09-17 03:29:07+00:00,morning,2026-09-22 03:00:00+00:00,5,19.88348263327977,26.95,7.06651736672023,65.44131151762129,85.32479415090106
1,20260917T032907Z-b88ffb68,2026-09-17 03:29:07+00:00,morning,2026-09-22 04:00:00+00:00,5,35.1768623557158,86.11,50.9331376442842,47.753839151189794,82.93070150690559
1,20260917T032907Z-b88ffb68,2026-09-17 03:29:07+00:00,morning,2026-09-22 05:00:00+00:00,5,49.68809198357559,156.22,106.53190801642441,63.399312539624496,113.08740452320009
1,20260917T032907Z-b88ffb68,2026-09-17 03:29:07+00:00,morning,2026-09-22 06:00:00+00:00,5,53.087109702170125,207.86,154.7728902978299,59.16566491666041,112.25277461883053
1,20260917T032907Z-b88ffb68,2026-09-17 03:29:07+00:00,morning,2026-09-22 07:00:00+00:00,5,53.20325675832544,224.97,171.76674324167456,74.93775784283454,128.14101460115998
1,20260917T032907Z-b88ffb68,2026-09-17 03:29:07+00:00,morning,2026-09-22 08:00:00+00:00,5,46.3467173125259,179.63,133.2832826874741,88.39018445645732,134.73690176898322
1,20260917T032907Z-b88ffb68,2026-09-17 03:29:07+00:00,morning,2026-09-22 09:00:00+00:00,5,39.23743203703444,156.89,117.65256796296555,58.27212598143314,97.50955801846757
1,20260917T032907Z-b88ffb68,2026-09-17 03:29:07+00:00,morning,2026-09-22 10:00:00+00:00,5,37.68277472243882,125.42,87.73722527756118,51.48576917518819,89.16854389762702
1,20260917T032907Z-b88ffb68,2026-09-17 03:29:07+00:00,morning,2026-09-22 11:00:00+00:00,5,35.65528851848218,117.28,81.62471148151782,35.65862985898623,71.31391837746841
1,20260917T032907Z-b88ffb68,2026-09-17 03:29:07+00:00,morning,2026-09-22 12:00:00+00:00,5,36.83017827193517,115.57,78.73982172806483,26.204419968396138,63.034598240331306
1,20260917T032907Z-b88ffb68,2026-09-17 03:29:07+00:00,morning,2026-09-22 13:00:00+00:00,5,43.443633429446336,128.32,84.87636657055366,33.13297653208837,76.5766099615347
1,20260917T032907Z-b88ffb68,2026-09-17 03:29:07+00:00,morning,2026-09-22 14:00:00+00:00,5,52.66256392449421,148.28,95.6174360755058,24.918809888122137,77.58137381261635
1,20260917T032907Z-b88ffb68,2026-09-17 03:29:07+00:00,morning,2026-09-22 15:00:00+00:00,5,68.70101865407612,165.16,96.45898134592387,15.650646227223822,84.35166488129994
1,20260917T032907Z-b88ffb68,2026-09-17 03:29:07+00:00,morning,2026-09-22 16:00:00+00:00,5,73.68403685373295,245.59,171.90596314626706,19.541430021261327,93.22546687499428
1,20260917T032907Z-b88ffb68,2026-09-17 03:29:07+00:00,morning,2026-09-22 17:00:00+00:00,5,64.23134801036355,334.63,270.39865198963645,26.34789568019097,90.57924369055452
1,20260917T032907Z-b88ffb68,2026-09-17 03:29:07+00:00,morning,2026-09-22 18:00:00+00:00,5,48.6833886433556,256.39,207.70661135664437,12.143577471649252,60.82696611500485
1,20260917T032907Z-b88ffb68,2026-09-17 03:29:07+00:00,morning,2026-09-22 19:00:00+00:00,5,43.44330239699974,194.5,151.05669760300026,27.523998355899757,70.96730075289949
1,20260917T032907Z-b88ffb68,2026-09-17 03:29:07+00:00,morning,2026-09-22 20:00:00+00:00,5,25.2729263675149,148.0,122.7270736324851,9.94111240209886,35.21403876961376
1,20260917T032907Z-b88ffb68,2026-09-17 03:29:07+00:00,morning,2026-09-22 21:00:00+00:00,6,12.316015785914525,101.7,89.38398421408547,20.193329739097997,32.50934552501252
1,20260917T032907Z-b88ffb68,2026-09-17 03:29:07+00:00,morning,2026-09-22 22:00:00+00:00,6,21.998116743361084,136.26,114.26188325663891,-1.1344182490133443,20.86369849434774
1,20260917T032907Z-b88ffb68,2026-09-17 03:29:07+00:00,morning,2026-09-22 23:00:00+00:00,6,14.654045897003863,124.31,109.65595410299613,10.633596355344244,25.287642252348107
1,20260917T032907Z-b88ffb68,2026-09-17 03:29:07+00:00,morning,2026-09-23 00:00:00+00:00,6,10.840034265837083,123.74,112.89996573416292,19.14824466768311,29.988278933520192
1,20260917T032907Z-b88ffb68,2026-09-17 03:29:07+00:00,morning,2026-09-23 01:00:00+00:00,6,11.56190618917682,102.58,91.01809381082317,17.780208595161803,29.342114784338623
1,20260917T032907Z-b88ffb68,2026-09-17 03:29:07+00:00,morning,2026-09-23 02:00:00+00:00,6,11.502312620440511,102.57,91.06768737955949,25.708494996177365,37.21080761661788
1,20260917T032907Z-b88ffb68,2026-09-17 03:29:07+00:00,morning,2026-09-23 03:00:00+00:00,6,17.81595605460577,133.32,115.50404394539422,16.55880946942289,34.37476552402866
1,20260917T032907Z-b88ffb68,2026-09-17 03:29:07+00:00,morning,2026-09-23 04:00:00+00:00,6,31.80039446076093,157.85,126.04960553923907,0.5545560011087286,32.354950461869656
1,20260917T032907Z-b88ffb68,2026-09-17 03:29:07+00:00,morning,2026-09-23 05:00:00+00:00,6,45.13442967628846,169.2,124.06557032371153,-13.451336659132869,31.683093017155592
1,20260917T032907Z-b88ffb68,2026-09-17 03:29:07+00:00,morning,2026-09-23 06:00:00+00:00,6,48.32255986038133,177.54,129.21744013961865,-6.702125852801644,41.62043400757969
1,20260917T032907Z-b88ffb68,2026-09-17 03:29:07+00:00,morning,2026-09-23 07:00:00+00:00,6,47.89750318515867,170.34,122.44249681484133,4.113877107592335,52.01138029275101
1,20260917T032907Z-b88ffb68,2026-09-17 03:29:07+00:00,morning,2026-09-23 08:00:00+00:00,6,40.14616396462898,152.65,112.50383603537102,1.5643778972817544,41.710541861910734
1,20260917T032907Z-b88ffb68,2026-09-17 03:29:07+00:00,morning,2026-09-23 09:00:00+00:00,6,32.87976008105248,135.29,102.41023991894751,-18.59168184971253,14.288078231339952
1,20260917T032907Z-b88ffb68,2026-09-17 03:29:07+00:00,morning,2026-09-23 10:00:00+00:00,6,32.6581353480872,128.59,95.9318646519128,-16.90262413099353,15.75551121709367
1,20260917T032907Z-b88ffb68,2026-09-17 03:29:07+00:00,morning,2026-09-23 11:00:00+00:00,6,32.179659694728514,121.9,89.72034030527149,-8.440129160598744,23.73953053412977
1,20260917T032907Z-b88ffb68,2026-09-17 03:29:07+00:00,morning,2026-09-23 12:00:00+00:00,6,33.34226465585636,121.77,88.42773534414363,-16.137792511246793,17.204472144609568
1,20260917T032907Z-b88ffb68,2026-09-17 03:29:07+00:00,morning,2026-09-23 13:00:00+00:00,6,38.66454190206752,123.39,84.72545809793249,-25.815275403300856,12.849266498766664
1,20260917T032907Z-b88ffb68,2026-09-17 03:29:07+00:00,morning,2026-09-23 14:00:00+00:00,6,46.46622535979235,132.85,86.38377464020765,-16.60905219055159,29.857173169240756
1,20260917T032907Z-b88ffb68,2026-09-17 03:29:07+00:00,morning,2026-09-23 15:00:00+00:00,6,61.28596492926636,161.44,100.15403507073364,-56.33242188579674,4.953543043469622
1,20260917T032907Z-b88ffb68,2026-09-17 03:29:07+00:00,morning,2026-09-23 16:00:00+00:00,6,65.63706930024816,201.7,136.06293069975183,-71.42274820917996,-5.7856789089318
1,20260917T032907Z-b88ffb68,2026-09-17 03:29:07+00:00,morning,2026-09-23 17:00:00+00:00,6,58.176926815901545,154.84,96.66307318409847,-64.99149321265163,-6.814566396750088
1,20260917T032907Z-b88ffb68,2026-09-17 03:29:07+00:00,morning,2026-09-23 18:00:00+00:00,6,45.23260104804127,147.72,102.48739895195874,-39.190417846652245,6.042183201389022
1,20260917T032907Z-b88ffb68,2026-09-17 03:29:07+00:00,morning,2026-09-23 19:00:00+00:00,6,40.60677166728223,70.09,29.483228332717772,-36.18208542345637,4.42468624382586
1,20260917T032907Z-b88ffb68,2026-09-17 03:29:07+00:00,morning,2026-09-23 20:00:00+00:00,6,23.53600081109301,39.04,15.503999188906988,-15.011219155607238,8.524781655485773
1,20260917T032907Z-b88ffb68,2026-09-17 03:29:07+00:00,morning,2026-09-23 21:00:00+00:00,7,12.4550066337101,35.5,23.0449933662899,16.087897972328697,28.542904606038796
1,20260917T032907Z-b88ffb68,2026-09-17 03:29:07+00:00,morning,2026-09-23 22:00:00+00:00,7,23.081924128453217,101.35,78.26807587154678,10.35306819144895,33.434992319902165
1,20260917T032907Z-b88ffb68,2026-09-17 03:29:07+00:00,morning,2026-09-23 23:00:00+00:00,7,16.67655948871368,103.88,87.20344051128632,12.727194448421963,29.40375393713564
1,20260917T032907Z-b88ffb68,2026-09-17 03:29:07+00:00,morning,2026-09-24 00:00:00+00:00,7,14.093039677196684,110.9,96.80696032280332,21.048061926809986,35.14110160400667
1,20260917T032907Z-b88ffb68,2026-09-17 03:29:07+00:00,morning,2026-09-24 01:00:00+00:00,7,15.674966589634607,100.73,85.0550334103654,20.97474432657402,36.649710916208626
1,20260917T032907Z-b88ffb68,2026-09-17 03:29:07+00:00,morning,2026-09-24 02:00:00+00:00,7,15.583830297345964,97.77,82.18616970265403,29.376185240648766,44.96001553799473
1,20260917T032907Z-b88ffb68,2026-09-17 03:29:07+00:00,morning,2026-09-24 03:00:00+00:00,7,21.730271558390783,106.85,85.11972844160921,22.130935007807725,43.861206566198504
1,20260917T032907Z-b88ffb68,2026-09-17 03:29:07+00:00,morning,2026-09-24 04:00:00+00:00,7,34.96680211924716,119.34,84.37319788075284,8.601691264075042,43.568493383322206
1,20260917T032907Z-b88ffb68,2026-09-17 03:29:07+00:00,morning,2026-09-24 05:00:00+00:00,7,47.013188997258666,173.34,126.32681100274134,1.4360095103402846,48.44919850759895
1,20260917T032907Z-b88ffb68,2026-09-17 03:29:07+00:00,morning,2026-09-24 06:00:00+00:00,7,49.37955005714655,227.37,177.99044994285345,9.316023488647973,58.695573545794524
1,20260917T032907Z-b88ffb68,2026-09-17 03:29:07+00:00,morning,2026-09-24 07:00:00+00:00,7,48.89198908129832,202.47,153.5780109187017,12.635038243428843,61.527027324727165
1,20260917T032907Z-b88ffb68,2026-09-17 03:29:07+00:00,morning,2026-09-24 08:00:00+00:00,7,42.23510360840646,173.02,130.78489639159355,9.598720591337395,51.83382419974386
1,20260917T032907Z-b88ffb68,2026-09-17 03:29:07+00:00,morning,2026-09-24 09:00:00+00:00,7,34.137350861578106,170.98,136.84264913842188,-13.397212434959599,20.740138426618508
1,20260917T032907Z-b88ffb68,2026-09-17 03:29:07+00:00,morning,2026-09-24 10:00:00+00:00,7,32.62737635538965,137.68,105.05262364461035,-14.00876374336711,18.618612612022538
1,20260917T032907Z-b88ffb68,2026-09-17 03:29:07+00:00,morning,2026-09-24 11:00:00+00:00,7,32.328016623881005,145.76,113.43198337611898,-10.285583424955147,22.042433198925856
1,20260917T032907Z-b88ffb68,2026-09-17 03:29:07+00:00,morning,2026-09-24 12:00:00+00:00,7,33.4521972661252,140.03,106.5778027338748,-14.352634675213771,19.099562590911425
1,20260917T032907Z-b88ffb68,2026-09-17 03:29:07+00:00,morning,2026-09-24 13:00:00+00:00,7,38.84765071060546,137.74,98.89234928939456,-29.581315244061702,9.266335466543755
1,20260917T032907Z-b88ffb68,2026-09-17 03:29:07+00:00,morning,2026-09-24 14:00:00+00:00,7,48.2611648802946,127.6,79.3388351197054,-34.85615917812188,13.405005702172723
1,20260917T032907Z-b88ffb68,2026-09-17 03:29:07+00:00,morning,2026-09-24 15:00:00+00:00,7,60.601454469448726,140.0,79.39854553055127,-57.370182870707175,3.23127159874155
1,20260917T032907Z-b88ffb68,2026-09-17 03:29:07+00:00,morning,2026-09-24 16:00:00+00:00,7,65.53823353132137,157.48,91.94176646867862,-69.5093579998185,-3.9711244684971376
1,20260917T032907Z-b88ffb68,2026-09-17 03:29:07+00:00,morning,2026-09-24 17:00:00+00:00,7,58.3515077527869,176.21,117.8584922472131,-63.97474842142742,-5.62324066864052
1,20260917T032907Z-b88ffb68,2026-09-17 03:29:07+00:00,morning,2026-09-24 18:00:00+00:00,7,45.37842756168463,161.52,116.14157243831538,-46.87749572144695,-1.4990681597623166
1,20260917T032907Z-b88ffb68,2026-09-17 03:29:07+00:00,morning,2026-09-24 19:00:00+00:00,7,40.49595141470695,130.03,89.53404858529305,-44.06201601109022,-3.5660645963832707
1,20260917T032907Z-b88ffb68,2026-09-17 03:29:07+00:00,morning,2026-09-24 20:00:00+00:00,7,24.47109679374685,93.8,69.32890320625314,-29.10795372226474,-4.63685692851789
1,20260917T032907Z-b88ffb68,2026-09-17 03:29:07+00:00,morning,2026-09-24 21:00:00+00:00,8,15.341884221973045,49.03,33.688115778026955,0.35685131075702226,15.698735532730067
1,20260917T032907Z-b88ffb68,2026-09-17 03:29:07+00:00,morning,2026-09-24 22:00:00+00:00,8,24.914045848378063,34.99,10.07595415162194,-7.903453393560559,17.010592454817505
1,20260917T032907Z-b88ffb68,2026-09-17 03:29:07+00:00,morning,2026-09-24 23:00:00+00:00,8,18.95732120632529,33.0,14.04267879367471,-1.3175454994691977,17.639775706856092
1,20260917T032907Z-b88ffb68,2026-09-17 03:29:07+00:00,morning,2026-09-25 00:00:00+00:00,8,16.21409139788323,34.14,17.92590860211677,0.07030994268748988,16.28440134057072
1,20260917T032907Z-b88ffb68,2026-09-17 03:29:07+00:00,morning,2026-09-25 01:00:00+00:00,8,17.224035492394172,35.0,17.775964507605828,-0.5597547522278756,16.664280740166298
1,20260917T032907Z-b88ffb68,2026-09-17 03:29:07+00:00,morning,2026-09-25 02:00:00+00:00,8,17.55500754419473,29.99,12.434992455805268,7.337724628718269,24.892732172913
1,20260917T032907Z-b88ffb68,2026-09-17 03:29:07+00:00,morning,2026-09-25 03:00:00+00:00,8,23.677871276462533,32.15,8.472128723537466,0.041217704216757606,23.71908898067929
1,20260917T032907Z-b88ffb68,2026-09-17 03:29:07+00:00,morning,2026-09-25 04:00:00+00:00,8,36.71193483608697,30.09,-6.621934836086968,-7.710095343145471,29.001839492941496
1,20260917T032907Z-b88ffb68,2026-09-17 03:29:07+00:00,morning,2026-09-25 05:00:00+00:00,8,48.55079464104785,41.51,-7.040794641047853,0.45595240607422477,49.006747047122076
1,20260917T032907Z-b88ffb68,2026-09-17 03:29:07+00:00,morning,2026-09-25 06:00:00+00:00,8,50.45688398238685,50.0,-0.4568839823868487,0.6372847501983445,51.094168732585196
1,20260917T032907Z-b88ffb68,2026-09-17 03:29:07+00:00,morning,2026-09-25 07:00:00+00:00,8,49.82731308307391,69.41,19.582686916926086,0.20339292721052113,50.03070601028443
1,20260917T032907Z-b88ffb68,2026-09-17 03:29:07+00:00,morning,2026-09-25 08:00:00+00:00,8,42.05917347200551,115.48,73.42082652799449,-3.057669090421953,39.00150438158356
1,20260917T032907Z-b88ffb68,2026-09-17 03:29:07+00:00,morning,2026-09-25 09:00:00+00:00,8,34.33734471384584,138.0,103.66265528615416,-21.344262887711654,12.993081826134183
1,20260917T032907Z-b88ffb68,2026-09-17 03:29:07+00:00,morning,2026-09-25 10:00:00+00:00,8,32.66911238592298,117.7,85.03088761407702,-21.627409995039415,11.041702390883565
1,20260917T032907Z-b88ffb68,2026-09-17 03:29:07+00:00,morning,2026-09-25 11:00:00+00:00,8,31.277693198861776,102.12,70.84230680113822,-19.203131549229372,12.074561649632404
1,20260917T032907Z-b88ffb68,2026-09-17 03:29:07+00:00,morning,2026-09-25 12:00:00+00:00,8,31.38460131820877,74.67,43.285398681791236,-24.010375310442093,7.374226007766676
1,20260917T032907Z-b88ffb68,2026-09-17 03:29:07+00:00,morning,2026-09-25 13:00:00+00:00,8,36.70500602279513,72.56,35.85499397720487,-31.612271686131187,5.092734336663945
1,20260917T032907Z-b88ffb68,2026-09-17 03:29:07+00:00,morning,2026-09-25 14:00:00+00:00,8,43.74441911717288,96.66,52.915580882827115,-26.95451919240269,16.789899924770193
1,20260917T032907Z-b88ffb68,2026-09-17 03:29:07+00:00,morning,2026-09-25 15:00:00+00:00,8,56.612210368169805,92.14,35.527789631830196,-44.24370372980428,12.368506638365524
1,20260917T032907Z-b88ffb68,2026-09-17 03:29:07+00:00,morning,2026-09-25 16:00:00+00:00,8,61.3742925886056,69.02,7.6457074113943975,-54.130703655056394,7.243588933549205
1,20260917T032907Z-b88ffb68,2026-09-17 03:29:07+00:00,morning,2026-09-25 17:00:00+00:00,8,54.545196319687584,66.57,12.02480368031241,-47.09007299752773,7.4551233221598565
1,20260917T032907Z-b88ffb68,2026-09-17 03:29:07+00:00,morning,2026-09-25 18:00:00+00:00,8,41.99069070322231,49.47,7.479309296777686,-30.639436057693395,11.351254645528918
1,20260917T032907Z-b88ffb68,2026-09-17 03:29:07+00:00,morning,2026-09-25 19:00:00+00:00,8,37.68700016134197,35.84,-1.8470001613419669,-28.83823061797911,8.84876954336286
1,20260917T032907Z-b88ffb68,2026-09-17 03:29:07+00:00,morning,2026-09-25 20:00:00+00:00,8,22.341321857544145,37.18,14.838678142455855,-24.97953340099434,-2.638211543450197
1,20260917T032907Z-b88ffb68,2026-09-17 03:29:07+00:00,morning,2026-09-25 21:00:00+00:00,9,9.862541827151317,34.32,24.457458172848682,8.011196783050085,17.8737386102014
1,20260917T032907Z-b88ffb68,2026-09-17 03:29:07+00:00,morning,2026-09-25 22:00:00+00:00,9,19.33635936215431,25.0,5.663640637845688,1.7021831229572508,21.038542485111563
1,20260917T032907Z-b88ffb68,2026-09-17 03:29:07+00:00,morning,2026-09-25 23:00:00+00:00,9,15.577311832885432,25.88,10.302688167114567,7.460694965605814,23.038006798491246
1,20260917T032907Z-b88ffb68,2026-09-17 03:29:07+00:00,morning,2026-09-26 00:00:00+00:00,9,13.51768188680244,28.82,15.30231811319756,5.871409050332886,19.38909093713533
1,20260917T032907Z-b88ffb68,2026-09-17 03:29:07+00:00,morning,2026-09-26 01:00:00+00:00,9,14.447561864355524,29.24,14.792438135644474,7.112065991895289,21.559627856250813
1,20260917T032907Z-b88ffb68,2026-09-17 03:29:07+00:00,morning,2026-09-26 02:00:00+00:00,9,14.19206056456781,29.1,14.90793943543219,14.596898044301504,28.788958608869315
1,20260917T032907Z-b88ffb68,2026-09-17 03:29:07+00:00,morning,2026-09-26 03:00:00+00:00,9,20.219002217203315,30.15,9.930997782796684,9.576678341048074,29.79568055825139
1,20260917T032907Z-b88ffb68,2026-09-17 03:29:07+00:00,morning,2026-09-26 04:00:00+00:00,9,32.86085087299786,32.29,-0.570850872997859,6.99811956779613,39.85897044079399
1,20260917T032907Z-b88ffb68,2026-09-17 03:29:07+00:00,morning,2026-09-26 05:00:00+00:00,9,44.7288688549602,30.89,-13.838868854960197,3.524989242917449,48.25385809787765
1,20260917T032907Z-b88ffb68,2026-09-17 03:29:07+00:00,morning,2026-09-26 06:00:00+00:00,9,46.512055106731495,32.97,-13.542055106731496,3.6647981531827862,50.17685325991428
1,20260917T032907Z-b88ffb68,2026-09-17 03:29:07+00:00,morning,2026-09-26 07:00:00+00:00,9,46.38183099588584,34.57,-11.811830995885842,2.1509840143027894,48.53281501018863
1,20260917T032907Z-b88ffb68,2026-09-17 03:29:07+00:00,morning,2026-09-26 08:00:00+00:00,9,39.38160771634684,42.99,3.60839228365316,4.999881780847951,44.38148949719479
1,20260917T032907Z-b88ffb68,2026-09-17 03:29:07+00:00,morning,2026-09-26 09:00:00+00:00,9,32.28458653339673,43.03,10.745413466603274,-17.171035736962395,15.113550796434332
1,20260917T032907Z-b88ffb68,2026-09-17 03:29:07+00:00,morning,2026-09-26 10:00:00+00:00,9,31.222413474779827,29.23,-1.992413474779827,-16.930322188008287,14.29209128677154
1,20260917T032907Z-b88ffb68,2026-09-17 03:29:07+00:00,morning,2026-09-26 11:00:00+00:00,9,29.245030161557366,19.42,-9.825030161557365,-21.3150403027295,7.9299898588278666
1,20260917T032907Z-b88ffb68,2026-09-17 03:29:07+00:00,morning,2026-09-26 12:00:00+00:00,9,30.0311416100269,13.29,-16.7411416100269,-18.771430472070616,11.259711137956284
1,20260917T032907Z-b88ffb68,2026-09-17 03:29:07+00:00,morning,2026-09-26 13:00:00+00:00,9,33.80725011005273,22.59,-11.217250110052728,-20.196474091861425,13.610776018191302
1,20260917T032907Z-b88ffb68,2026-09-17 03:29:07+00:00,morning,2026-09-26 14:00:00+00:00,9,41.00210892097692,24.99,-16.012108920976925,-11.323605800893278,29.678503120083647
1,20260917T032907Z-b88ffb68,2026-09-17 03:29:07+00:00,morning,2026-09-26 15:00:00+00:00,9,54.03681955424063,28.93,-25.10681955424063,-14.340359113273353,39.69646044096728
1,20260917T032907Z-b88ffb68,2026-09-17 03:29:07+00:00,morning,2026-09-26 16:00:00+00:00,9,59.1665569958536,39.97,-19.196556995853598,-32.093717592245405,27.072839403608192
1,20260917T032907Z-b88ffb68,2026-09-17 03:29:07+00:00,morning,2026-09-26 17:00:00+00:00,9,54.31716520813444,38.03,-16.28716520813444,-31.084748937549055,23.232416270585386
1,20260917T032907Z-b88ffb68,2026-09-17 03:29:07+00:00,morning,2026-09-26 18:00:00+00:00,9,43.20825273268599,34.42,-8.78825273268599,-29.579474774505574,13.628777958180418
1,20260917T032907Z-b88ffb68,2026-09-17 03:29:07+00:00,morning,2026-09-26 19:00:00+00:00,9,38.86019373982628,21.72,-17.14019373982628,-25.390891159606426,13.469302580219853
1,20260917T032907Z-b88ffb68,2026-09-17 03:29:07+00:00,morning,2026-09-26 20:00:00+00:00,9,24.38594707415233,19.49,-4.895947074152332,-18.652915023505702,5.733032050646628
1,20260917T032907Z-b88ffb68,2026-09-17 03:29:07+00:00,morning,2026-09-26 21:00:00+00:00,10,15.798506377223426,15.83,0.031493622776574526,-3.1420963141822558,12.65641006304117
1,20260917T032907Z-b88ffb68,2026-09-17 03:29:07+00:00,morning,2026-09-26 22:00:00+00:00,10,24.78348340353778,13.08,-11.70348340353778,-4.760013076475117,20.02347032706266
1,20260917T032907Z-b88ffb68,2026-09-17 03:29:07+00:00,morning,2026-09-26 23:00:00+00:00,10,20.71641016439238,17.76,-2.956410164392377,-3.0880890060353563,17.62832115835702
1,20260917T032907Z-b88ffb68,2026-09-17 03:29:07+00:00,morning,2026-09-27 00:00:00+00:00,10,18.11278703254101,14.3,-3.81278703254101,-1.8729681575119217,16.23981887502909
1,20260917T032907Z-b88ffb68,2026-09-17 03:29:07+00:00,morning,2026-09-27 01:00:00+00:00,10,20.184562354707825,12.81,-7.374562354707825,-2.3261517171877757,17.85841063752005
1,20260917T032907Z-b88ffb68,2026-09-17 03:29:07+00:00,morning,2026-09-27 02:00:00+00:00,10,20.03323800418616,10.74,-9.29323800418616,2.665496021369224,22.698734025555382
1,20260917T032907Z-b88ffb68,2026-09-17 03:29:07+00:00,morning,2026-09-27 03:00:00+00:00,10,25.99836921324887,9.99,-16.00836921324887,-8.011813155978613,17.986556057270256
1,20260917T032907Z-b88ffb68,2026-09-17 03:29:07+00:00,morning,2026-09-27 04:00:00+00:00,10,37.37337116268819,9.7,-27.673371162688188,-12.70064518679918,24.67272597588901
1,20260917T032907Z-b88ffb68,2026-09-17 03:29:07+00:00,morning,2026-09-27 05:00:00+00:00,10,47.63620419266848,10.0,-37.63620419266848,-11.19150617399765,36.44469801867083
1,20260917T032907Z-b88ffb68,2026-09-17 03:29:07+00:00,morning,2026-09-27 06:00:00+00:00,10,49.62846402802568,9.99,-39.63846402802568,-8.996286811530334,40.63217721649535
1,20260917T032907Z-b88ffb68,2026-09-17 03:29:07+00:00,morning,2026-09-27 07:00:00+00:00,10,48.66226442236094,39.62,-9.042264422360944,-14.368284995279959,34.293979427080984
1,20260917T032907Z-b88ffb68,2026-09-17 03:29:07+00:00,morning,2026-09-27 08:00:00+00:00,10,41.23619352848793,29.81,-11.426193528487932,-8.994570634467394,32.24162289402054
1,20260917T032907Z-b88ffb68,2026-09-17 03:29:07+00:00,morning,2026-09-27 09:00:00+00:00,10,34.83880250257494,19.49,-15.348802502574944,-29.285651641831628,5.553150860743315
1,20260917T032907Z-b88ffb68,2026-09-17 03:29:07+00:00,morning,2026-09-27 10:00:00+00:00,10,33.13461338853392,19.49,-13.644613388533923,-29.065318883098136,4.069294505435785
1,20260917T032907Z-b88ffb68,2026-09-17 03:29:07+00:00,morning,2026-09-27 11:00:00+00:00,10,31.12532930988714,19.9,-11.22532930988714,-31.818395253743972,-0.6930659438568334
1,20260917T032907Z-b88ffb68,2026-09-17 03:29:07+00:00,morning,2026-09-27 12:00:00+00:00,10,30.66300728315649,16.35,-14.313007283156487,-31.147705037419513,-0.4846977542630242
1,20260917T032907Z-b88ffb68,2026-09-17 03:29:07+00:00,morning,2026-09-27 13:00:00+00:00,10,34.84398908889953,19.99,-14.853989088899528,-34.28563893552921,0.5583501533703199
1,20260917T032907Z-b88ffb68,2026-09-17 03:29:07+00:00,morning,2026-09-27 14:00:00+00:00,10,41.46902670629827,21.99,-19.479026706298274,-27.446064311185282,14.022962395112991
1,20260917T032907Z-b88ffb68,2026-09-17 03:29:07+00:00,morning,2026-09-27 15:00:00+00:00,10,54.02188660329279,38.73,-15.291886603292795,-32.16102352081642,21.86086308247637
1,20260917T032907Z-b88ffb68,2026-09-17 03:29:07+00:00,morning,2026-09-27 16:00:00+00:00,10,58.00153282591618,47.2,-10.801532825916176,-36.936930783738006,21.064602042178173
1,20260917T032907Z-b88ffb68,2026-09-17 03:29:07+00:00,morning,2026-09-27 17:00:00+00:00,10,52.33230894710146,43.76,-8.572308947101462,-32.25854993658378,20.073759010517676
1,20260917T032907Z-b88ffb68,2026-09-17 03:29:07+00:00,morning,2026-09-27 18:00:00+00:00,10,41.62091625368514,37.3,-4.320916253685141,-27.595714412433853,14.025201841251285
1,20260917T032907Z-b88ffb68,2026-09-17 03:29:07+00:00,morning,2026-09-27 19:00:00+00:00,10,38.7497586679169,33.57,-5.1797586679169,-26.298056870890633,12.451701797026267
1,20260917T032907Z-b88ffb68,2026-09-17 03:29:07+00:00,morning,2026-09-27 20:00:00+00:00,10,25.05815331632532,32.18,7.121846683674679,-23.584687258039253,1.4734660582860677
1,20260917T032907Z-b88ffb68,2026-09-17 03:29:07+00:00,morning,2026-09-27 21:00:00+00:00,11,20.474426976815348,19.54,-0.9344269768153488,17.238091692522303,37.712518669337655
1,20260917T032907Z-b88ffb68,2026-09-17 03:29:07+00:00,morning,2026-09-27 22:00:00+00:00,11,28.74292929873559,21.96,-6.7829292987355885,23.937198152518633,52.68012745125422
1,20260917T032907Z-b88ffb68,2026-09-17 03:29:07+00:00,morning,2026-09-27 23:00:00+00:00,11,25.370080553424792,9.64,-15.730080553424791,11.511643734182895,36.88172428760769
1,20260917T032907Z-b88ffb68,2026-09-17 03:29:07+00:00,morning,2026-09-28 00:00:00+00:00,11,24.242511140794303,6.88,-17.362511140794304,15.987997477789909,40.23050861858421
1,20260917T032907Z-b88ffb68,2026-09-17 03:29:07+00:00,morning,2026-09-28 01:00:00+00:00,11,25.51350275841996,5.03,-20.48350275841996,12.033179403560975,37.54668216198094
1,20260917T032907Z-b88ffb68,2026-09-17 03:29:07+00:00,morning,2026-09-28 02:00:00+00:00,11,25.404402212643,4.09,-21.314402212643,12.845947318804486,38.25034953144748
1,20260917T032907Z-b88ffb68,2026-09-17 03:29:07+00:00,morning,2026-09-28 03:00:00+00:00,11,30.00658811182284,4.78,-25.22658811182284,12.941981955232317,42.94857006705516
1,20260917T032907Z-b88ffb68,2026-09-17 03:29:07+00:00,morning,2026-09-28 04:00:00+00:00,11,40.388524313346565,6.33,-34.05852431334657,5.97684124109772,46.36536555444428
1,20260917T032907Z-b88ffb68,2026-09-17 03:29:07+00:00,morning,2026-09-28 05:00:00+00:00,11,50.4705349703157,12.95,-37.520534970315694,43.82864988672892,94.29918485704462
1,20260917T032907Z-b88ffb68,2026-09-17 03:29:07+00:00,morning,2026-09-28 06:00:00+00:00,11,52.86929708325862,15.02,-37.84929708325862,49.25059717345646,102.11989425671509
1,20260917T032907Z-b88ffb68,2026-09-17 03:29:07+00:00,morning,2026-09-28 07:00:00+00:00,11,51.886238317111975,13.23,-38.65623831711197,44.091180087496575,95.97741840460856
1,20260917T032907Z-b88ffb68,2026-09-17 03:29:07+00:00,morning,2026-09-28 08:00:00+00:00,11,45.14993368376837,6.55,-38.59993368376837,45.44814095696601,90.59807464073438
1,20260917T032907Z-b88ffb68,2026-09-17 03:29:07+00:00,morning,2026-09-28 09:00:00+00:00,11,39.25708746091006,5.4,-33.85708746091006,40.52730037179865,79.78438783270872
1,20260917T032907Z-b88ffb68,2026-09-17 03:29:07+00:00,morning,2026-09-28 10:00:00+00:00,11,39.3436172386627,3.67,-35.6736172386627,58.47527155079441,97.8188887894571
1,20260917T032907Z-b88ffb68,2026-09-17 03:29:07+00:00,morning,2026-09-28 11:00:00+00:00,11,38.429070034827085,3.56,-34.86907003482708,42.99970395865585,81.42877399348293
1,20260917T032907Z-b88ffb68,2026-09-17 03:29:07+00:00,morning,2026-09-28 12:00:00+00:00,11,38.99107736908121,3.76,-35.23107736908121,36.96253419323094,75.95361156231215
1,20260917T032907Z-b88ffb68,2026-09-17 03:29:07+00:00,morning,2026-09-28 13:00:00+00:00,11,43.62566111457675,3.87,-39.75566111457675,49.716450342260075,93.34211145683682
1,20260917T032907Z-b88ffb68,2026-09-17 03:29:07+00:00,morning,2026-09-28 14:00:00+00:00,11,49.89246213058125,5.0,-44.89246213058125,19.18900889792261,69.08147102850386
1,20260917T032907Z-b88ffb68,2026-09-17 03:29:07+00:00,morning,2026-09-28 15:00:00+00:00,11,61.28957475864301,8.3,-52.989574758643016,-9.032107724525293,52.257467034117724
1,20260917T032907Z-b88ffb68,2026-09-17 03:29:07+00:00,morning,2026-09-28 16:00:00+00:00,11,64.30297072883441,8.33,-55.97297072883441,-25.60259270317043,38.70037802566398
1,20260917T032907Z-b88ffb68,2026-09-17 03:29:07+00:00,morning,2026-09-28 17:00:00+00:00,11,58.07915379360217,8.56,-49.519153793602165,-34.24188461467646,23.83726917892571
1,20260917T032907Z-b88ffb68,2026-09-17 03:29:07+00:00,morning,2026-09-28 18:00:00+00:00,11,47.3135273985689,6.43,-40.8835273985689,-26.445549659233937,20.867977739334965
1,20260917T032907Z-b88ffb68,2026-09-17 03:29:07+00:00,morning,2026-09-28 19:00:00+00:00,11,43.86172265578018,5.7,-38.161722655780174,-17.170329441821092,26.691393213959085
1,20260917T032907Z-b88ffb68,2026-09-17 03:29:07+00:00,morning,2026-09-28 20:00:00+00:00,11,31.285050018132036,9.04,-22.245050018132037,-5.54359158142957,25.741458436702466
1,20260917T132650Z-5989d10d,2026-09-17 13:26:50+00:00,afternoon,2026-09-18 21:00:00+00:00,2,17.00153664144779,18.02,1.0184633585522107,20.828248860747152,37.82978550219494
1,20260917T132650Z-5989d10d,2026-09-17 13:26:50+00:00,afternoon,2026-09-18 22:00:00+00:00,2,28.44205330811445,12.17,-16.27205330811445,2.337953006666489,30.780006314780938
1,20260917T132650Z-5989d10d,2026-09-17 13:26:50+00:00,afternoon,2026-09-18 23:00:00+00:00,2,21.64808664144779,9.82,-11.82808664144779,15.150945708076272,36.79903234952406
1,20260917T132650Z-5989d10d,2026-09-17 13:26:50+00:00,afternoon,2026-09-19 00:00:00+00:00,2,18.32110330811446,7.8,-10.521103308114458,19.59217793092256,37.91328123903702
1,20260917T132650Z-5989d10d,2026-09-17 13:26:50+00:00,afternoon,2026-09-19 01:00:00+00:00,2,19.61505886367001,7.28,-12.33505886367001,19.969746940577892,39.58480580424791
1,20260917T132650Z-5989d10d,2026-09-17 13:26:50+00:00,afternoon,2026-09-19 02:00:00+00:00,2,19.366042197003345,6.42,-12.946042197003345,29.141586719933393,48.50762891693674
1,20260917T132650Z-5989d10d,2026-09-17 13:26:50+00:00,afternoon,2026-09-19 03:00:00+00:00,2,26.54859775255889,5.01,-21.538597752558893,18.884872052928866,45.43346980548776
1,20260917T132650Z-5989d10d,2026-09-17 13:26:50+00:00,afternoon,2026-09-19 04:00:00+00:00,2,42.84784055925196,5.73,-37.11784055925196,14.44715847097407,57.29499903022602
1,20260917T132650Z-5989d10d,2026-09-17 13:26:50+00:00,afternoon,2026-09-19 05:00:00+00:00,2,58.17630167036308,7.27,-50.90630167036308,-7.287288305034598,50.88901336532848
1,20260917T132650Z-5989d10d,2026-09-17 13:26:50+00:00,afternoon,2026-09-19 06:00:00+00:00,2,60.53037944814086,8.46,-52.07037944814086,-9.649732487668862,50.880646960472
1,20260917T132650Z-5989d10d,2026-09-17 13:26:50+00:00,afternoon,2026-09-19 07:00:00+00:00,2,59.179446114807526,8.0,-51.179446114807526,-9.063474223907646,50.11597189089988
1,20260917T132650Z-5989d10d,2026-09-17 13:26:50+00:00,afternoon,2026-09-19 08:00:00+00:00,2,48.00506278147418,2.64,-45.36506278147418,4.997912630303691,53.00297541177787
1,20260917T132650Z-5989d10d,2026-09-17 13:26:50+00:00,afternoon,2026-09-19 09:00:00+00:00,2,36.61464055925196,1.08,-35.53464055925196,0.0736614540949446,36.688302013346906
1,20260917T132650Z-5989d10d,2026-09-17 13:26:50+00:00,afternoon,2026-09-19 10:00:00+00:00,2,31.68560167036307,2.0,-29.68560167036307,-4.206482811353824,27.479118859009247
1,20260917T132650Z-5989d10d,2026-09-17 13:26:50+00:00,afternoon,2026-09-19 11:00:00+00:00,2,27.51719611480752,2.0,-25.51719611480752,-13.730508395144879,13.78668771966264
1,20260917T132650Z-5989d10d,2026-09-17 13:26:50+00:00,afternoon,2026-09-19 12:00:00+00:00,2,27.45540167036308,1.99,-25.465401670363082,-14.933067230279823,12.522334440083258
1,20260917T132650Z-5989d10d,2026-09-17 13:26:50+00:00,afternoon,2026-09-19 13:00:00+00:00,2,33.80532944814085,1.99,-31.815329448140854,-12.542449946347725,21.26287950179313
1,20260917T132650Z-5989d10d,2026-09-17 13:26:50+00:00,afternoon,2026-09-19 14:00:00+00:00,2,44.58495167036308,3.53,-41.05495167036308,-12.806800860080633,31.778150810282447
1,20260917T132650Z-5989d10d,2026-09-17 13:26:50+00:00,afternoon,2026-09-19 15:00:00+00:00,2,62.111435003696414,5.59,-56.52143500369641,-28.06336050610536,34.04807449759105
1,20260917T132650Z-5989d10d,2026-09-17 13:26:50+00:00,afternoon,2026-09-19 16:00:00+00:00,2,69.14304611480753,11.31,-57.83304611480753,-41.24566832601898,27.897377788788553
1,20260917T132650Z-5989d10d,2026-09-17 13:26:50+00:00,afternoon,2026-09-19 17:00:00+00:00,2,63.664378537468735,15.28,-48.384378537468734,-41.07526181946113,22.589116718007602
1,20260917T132650Z-5989d10d,2026-09-17 13:26:50+00:00,afternoon,2026-09-19 18:00:00+00:00,2,48.88239219700334,11.02,-37.862392197003345,-33.397031095853265,15.485361101150076
1,20260917T132650Z-5989d10d,2026-09-17 13:26:50+00:00,afternoon,2026-09-19 19:00:00+00:00,2,43.25276997478112,5.25,-38.00276997478112,-34.83342524717003,8.41934472761109
1,20260917T132650Z-5989d10d,2026-09-17 13:26:50+00:00,afternoon,2026-09-19 20:00:00+00:00,2,24.09194775255889,4.03,-20.06194775255889,-13.93728431349733,10.154663439061562
1,20260917T132650Z-5989d10d,2026-09-17 13:26:50+00:00,afternoon,2026-09-19 21:00:00+00:00,3,9.725636641447784,1.99,-7.735636641447783,19.438182564336827,29.163819205784613
1,20260917T132650Z-5989d10d,2026-09-17 13:26:50+00:00,afternoon,2026-09-19 22:00:00+00:00,3,19.941253308114455,0.01,-19.931253308114453,1.8190855179524825,21.76033882606694
1,20260917T132650Z-5989d10d,2026-09-17 13:26:50+00:00,afternoon,2026-09-19 23:00:00+00:00,3,12.81128664144779,-0.02,-12.83128664144779,16.642520017825014,29.453806659272804
1,20260917T132650Z-5989d10d,2026-09-17 13:26:50+00:00,afternoon,2026-09-20 00:00:00+00:00,3,9.589453308114456,-0.09,-9.679453308114455,25.903544826427453,35.49299813454191
1,20260917T132650Z-5989d10d,2026-09-17 13:26:50+00:00,afternoon,2026-09-20 01:00:00+00:00,3,11.408108863670009,-0.2,-11.608108863670008,26.213331049844772,37.62143991351478
1,20260917T132650Z-5989d10d,2026-09-17 13:26:50+00:00,afternoon,2026-09-20 02:00:00+00:00,3,11.526442197003345,-0.21,-11.736442197003345,33.502797961581884,45.029240158585225
1,20260917T132650Z-5989d10d,2026-09-17 13:26:50+00:00,afternoon,2026-09-20 03:00:00+00:00,3,18.870397752558905,-0.21,-19.080397752558905,14.418887046798956,33.28928479935786
1,20260917T132650Z-5989d10d,2026-09-17 13:26:50+00:00,afternoon,2026-09-20 04:00:00+00:00,3,35.440990559251965,-0.08,-35.52099055925196,-3.4442816557907285,31.996708903461236
1,20260917T132650Z-5989d10d,2026-09-17 13:26:50+00:00,afternoon,2026-09-20 05:00:00+00:00,3,51.115501670363074,0.0,-51.115501670363074,-15.652681020924575,35.4628206494385
1,20260917T132650Z-5989d10d,2026-09-17 13:26:50+00:00,afternoon,2026-09-20 06:00:00+00:00,3,54.51372944814086,0.81,-53.703729448140855,-16.332717636552594,38.18101181158826
1,20260917T132650Z-5989d10d,2026-09-17 13:26:50+00:00,afternoon,2026-09-20 07:00:00+00:00,3,54.87459611480752,1.49,-53.384596114807515,-18.603369144745777,36.27122697006174
1,20260917T132650Z-5989d10d,2026-09-17 13:26:50+00:00,afternoon,2026-09-20 08:00:00+00:00,3,45.84821278147419,0.0,-45.84821278147419,-6.432625843759945,39.415586937714245
1,20260917T132650Z-5989d10d,2026-09-17 13:26:50+00:00,afternoon,2026-09-20 09:00:00+00:00,3,37.021890559251965,0.23,-36.79189055925197,-14.183488508271719,22.838402050980246
1,20260917T132650Z-5989d10d,2026-09-17 13:26:50+00:00,afternoon,2026-09-20 10:00:00+00:00,3,34.41065167036307,0.15,-34.260651670363075,-15.846904958028887,18.563746712334186
1,20260917T132650Z-5989d10d,2026-09-17 13:26:50+00:00,afternoon,2026-09-20 11:00:00+00:00,3,32.388446114807515,0.13,-32.25844611480751,-28.738651780653957,3.649794334153558
1,20260917T132650Z-5989d10d,2026-09-17 13:26:50+00:00,afternoon,2026-09-20 12:00:00+00:00,3,34.10146297015526,0.41,-33.691462970155264,-29.37173213369512,4.729730836460142
1,20260917T132650Z-5989d10d,2026-09-17 13:26:50+00:00,afternoon,2026-09-20 13:00:00+00:00,3,43.842490747933056,1.51,-42.33249074793306,-28.209646309195232,15.632844438737823
1,20260917T132650Z-5989d10d,2026-09-17 13:26:50+00:00,afternoon,2026-09-20 14:00:00+00:00,3,49.20537865057393,3.49,-45.715378650573925,-30.734456785242532,18.470921865331395
1,20260917T132650Z-5989d10d,2026-09-17 13:26:50+00:00,afternoon,2026-09-20 15:00:00+00:00,3,67.09466836306639,7.12,-59.97466836306639,-49.24410824450491,17.850560118561482
1,20260917T132650Z-5989d10d,2026-09-17 13:26:50+00:00,afternoon,2026-09-20 16:00:00+00:00,3,72.9582095972102,11.04,-61.9182095972102,-62.228099012499925,10.730110584710275
1,20260917T132650Z-5989d10d,2026-09-17 13:26:50+00:00,afternoon,2026-09-20 17:00:00+00:00,3,66.71765594336503,24.83,-41.88765594336503,-50.26253332318611,16.45512262017892
1,20260917T132650Z-5989d10d,2026-09-17 13:26:50+00:00,afternoon,2026-09-20 18:00:00+00:00,3,53.14660930700276,38.87,-14.276609307002765,-38.67933450435291,14.467274802649854
1,20260917T132650Z-5989d10d,2026-09-17 13:26:50+00:00,afternoon,2026-09-20 19:00:00+00:00,3,48.81698499293225,38.14,-10.676984992932248,-38.59679574858486,10.220189244347388
1,20260917T132650Z-5989d10d,2026-09-17 13:26:50+00:00,afternoon,2026-09-20 20:00:00+00:00,3,31.1607218680272,34.69,3.5292781319727986,-27.981192808269725,3.179529059757474
1,20260917T132650Z-5989d10d,2026-09-17 13:26:50+00:00,afternoon,2026-09-20 21:00:00+00:00,4,25.001305982882545,25.51,0.5086940171174561,34.465501506122436,59.46680748900498
1,20260917T132650Z-5989d10d,2026-09-17 13:26:50+00:00,afternoon,2026-09-20 22:00:00+00:00,4,35.714221647232165,15.58,-20.134221647232167,22.714478296039513,58.42869994327168
1,20260917T132650Z-5989d10d,2026-09-17 13:26:50+00:00,afternoon,2026-09-20 23:00:00+00:00,4,28.89517936083272,10.3,-18.59517936083272,29.637738416854358,58.532917777687075
1,20260917T132650Z-5989d10d,2026-09-17 13:26:50+00:00,afternoon,2026-09-21 00:00:00+00:00,4,26.09568413472745,8.54,-17.55568413472745,38.65056917257046,64.7462533072979
1,20260917T132650Z-5989d10d,2026-09-17 13:26:50+00:00,afternoon,2026-09-21 01:00:00+00:00,4,27.7775918814384,9.79,-17.9875918814384,38.128047859537304,65.9056397409757
1,20260917T132650Z-5989d10d,2026-09-17 13:26:50+00:00,afternoon,2026-09-21 02:00:00+00:00,4,27.48099327350204,8.1,-19.380993273502042,36.739307811745164,64.2203010852472
1,20260917T132650Z-5989d10d,2026-09-17 13:26:50+00:00,afternoon,2026-09-21 03:00:00+00:00,4,34.369035867540184,51.64,17.270964132459817,29.27158236324968,63.64061823078987
1,20260917T132650Z-5989d10d,2026-09-17 13:26:50+00:00,afternoon,2026-09-21 04:00:00+00:00,4,50.06348163182175,107.91,57.846518368178245,26.842906420259485,76.90638805208124
1,20260917T132650Z-5989d10d,2026-09-17 13:26:50+00:00,afternoon,2026-09-21 05:00:00+00:00,4,65.17207826515678,145.41,80.23792173484321,37.952272939527376,103.12435120468416
1,20260917T132650Z-5989d10d,2026-09-17 13:26:50+00:00,afternoon,2026-09-21 06:00:00+00:00,4,67.57237470361163,146.57,78.99762529638836,35.26484570930628,102.8372204129179
1,20260917T132650Z-5989d10d,2026-09-17 13:26:50+00:00,afternoon,2026-09-21 07:00:00+00:00,4,66.97824108369751,120.04,53.061758916302495,35.617306272313265,102.59554735601077
1,20260917T132650Z-5989d10d,2026-09-17 13:26:50+00:00,afternoon,2026-09-21 08:00:00+00:00,4,57.64912198153197,73.19,15.540878018468028,58.997710862761224,116.64683284429319
1,20260917T132650Z-5989d10d,2026-09-17 13:26:50+00:00,afternoon,2026-09-21 09:00:00+00:00,4,48.294807371244936,25.19,-23.104807371244934,54.86102457282292,103.15583194406786
1,20260917T132650Z-5989d10d,2026-09-17 13:26:50+00:00,afternoon,2026-09-21 10:00:00+00:00,4,45.87302961518228,15.75,-30.123029615182283,55.64035837931876,101.51338799450104
1,20260917T132650Z-5989d10d,2026-09-17 13:26:50+00:00,afternoon,2026-09-21 11:00:00+00:00,4,43.63682857427303,11.59,-32.046828574273036,58.395449444762065,102.03227801903509
1,20260917T132650Z-5989d10d,2026-09-17 13:26:50+00:00,afternoon,2026-09-21 12:00:00+00:00,4,44.643593877466536,13.07,-31.573593877466536,51.69003849309064,96.33363237055718
1,20260917T132650Z-5989d10d,2026-09-17 13:26:50+00:00,afternoon,2026-09-21 13:00:00+00:00,4,50.49533583724246,11.01,-39.48533583724246,47.847410664551056,98.34274650179351
1,20260917T132650Z-5989d10d,2026-09-17 13:26:50+00:00,afternoon,2026-09-21 14:00:00+00:00,4,59.35301326669952,10.52,-48.833013266699524,29.268068149466146,88.62108141616567
1,20260917T132650Z-5989d10d,2026-09-17 13:26:50+00:00,afternoon,2026-09-21 15:00:00+00:00,4,75.79059705630779,12.91,-62.88059705630779,-15.831883223285075,59.95871383302271
1,20260917T132650Z-5989d10d,2026-09-17 13:26:50+00:00,afternoon,2026-09-21 16:00:00+00:00,4,80.64142083658777,52.81,-27.831420836587768,-30.17775474853852,50.46366608804925
1,20260917T132650Z-5989d10d,2026-09-17 13:26:50+00:00,afternoon,2026-09-21 17:00:00+00:00,4,72.57180603609817,36.43,-36.14180603609817,-36.87101986536262,35.70078617073555
1,20260917T132650Z-5989d10d,2026-09-17 13:26:50+00:00,afternoon,2026-09-21 18:00:00+00:00,4,57.00878812154386,35.78,-21.228788121543857,-27.087564860102187,29.92122326144167
1,20260917T132650Z-5989d10d,2026-09-17 13:26:50+00:00,afternoon,2026-09-21 19:00:00+00:00,4,51.28379728675616,24.99,-26.293797286756163,-28.26417015423797,23.019627132518192
1,20260917T132650Z-5989d10d,2026-09-17 13:26:50+00:00,afternoon,2026-09-21 20:00:00+00:00,4,33.28059807719024,24.75,-8.530598077190241,-9.388468990886265,23.892129086303974
1,20260917T132650Z-5989d10d,2026-09-17 13:26:50+00:00,afternoon,2026-09-21 21:00:00+00:00,5,21.87103968927464,24.99,3.1189603107253596,29.80689216416585,51.677931853440484
1,20260917T132650Z-5989d10d,2026-09-17 13:26:50+00:00,afternoon,2026-09-21 22:00:00+00:00,5,32.74608680849463,20.01,-12.73608680849463,25.327549315297592,58.07363612379223
1,20260917T132650Z-5989d10d,2026-09-17 13:26:50+00:00,afternoon,2026-09-21 23:00:00+00:00,5,26.75113018761254,23.05,-3.701130187612538,37.130024321430085,63.881154509042624
1,20260917T132650Z-5989d10d,2026-09-17 13:26:50+00:00,afternoon,2026-09-22 00:00:00+00:00,5,23.59377423586256,23.78,0.18622576413743985,35.53039000331624,59.1241642391788
1,20260917T132650Z-5989d10d,2026-09-17 13:26:50+00:00,afternoon,2026-09-22 01:00:00+00:00,5,25.22879420384193,24.56,-0.6687942038419301,35.63489724337997,60.863691447221896
1,20260917T132650Z-5989d10d,2026-09-17 13:26:50+00:00,afternoon,2026-09-22 02:00:00+00:00,5,25.012961374177085,27.64,2.627038625822916,53.59090641112304,78.60386778530012
1,20260917T132650Z-5989d10d,2026-09-17 13:26:50+00:00,afternoon,2026-09-22 03:00:00+00:00,5,31.821390113053827,26.95,-4.8713901130538275,46.43683984513179,78.25822995818562
1,20260917T132650Z-5989d10d,2026-09-17 13:26:50+00:00,afternoon,2026-09-22 04:00:00+00:00,5,47.28377710192234,86.11,38.82622289807766,40.30784986547385,87.5916269673962
1,20260917T132650Z-5989d10d,2026-09-17 13:26:50+00:00,afternoon,2026-09-22 05:00:00+00:00,5,62.45878840085286,156.22,93.76121159914715,47.09244793166459,109.55123633251745
1,20260917T132650Z-5989d10d,2026-09-17 13:26:50+00:00,afternoon,2026-09-22 06:00:00+00:00,5,65.12498572529363,207.86,142.73501427470637,47.050559031246216,112.17554475653984
1,20260917T132650Z-5989d10d,2026-09-17 13:26:50+00:00,afternoon,2026-09-22 07:00:00+00:00,5,64.60735182965203,224.97,160.36264817034797,51.78824111873479,116.39559294838682
1,20260917T132650Z-5989d10d,2026-09-17 13:26:50+00:00,afternoon,2026-09-22 08:00:00+00:00,5,56.3606750201551,179.63,123.2693249798449,68.67455877839963,125.03523379855473
1,20260917T132650Z-5989d10d,2026-09-17 13:26:50+00:00,afternoon,2026-09-22 09:00:00+00:00,5,48.01880950650743,156.89,108.87119049349255,41.192523740102395,89.21133324660983
1,20260917T132650Z-5989d10d,2026-09-17 13:26:50+00:00,afternoon,2026-09-22 10:00:00+00:00,5,45.73884597770796,125.42,79.68115402229205,39.066280298391234,84.8051262760992
1,20260917T132650Z-5989d10d,2026-09-17 13:26:50+00:00,afternoon,2026-09-22 11:00:00+00:00,5,43.55112114320775,117.28,73.72887885679225,42.32666622339493,85.87778736660269
1,20260917T132650Z-5989d10d,2026-09-17 13:26:50+00:00,afternoon,2026-09-22 12:00:00+00:00,5,44.67711466111908,115.57,70.89288533888092,33.82578898064486,78.50290364176394
1,20260917T132650Z-5989d10d,2026-09-17 13:26:50+00:00,afternoon,2026-09-22 13:00:00+00:00,5,51.01996842121709,128.32,77.3000315787829,27.922051480713424,78.94201990193051
1,20260917T132650Z-5989d10d,2026-09-17 13:26:50+00:00,afternoon,2026-09-22 14:00:00+00:00,5,60.5705306919449,148.28,87.7094693080551,1.231975336506443,61.80250602845135
1,20260917T132650Z-5989d10d,2026-09-17 13:26:50+00:00,afternoon,2026-09-22 15:00:00+00:00,5,77.01034882853702,165.16,88.14965117146298,-29.945128881030726,47.06521994750629
1,20260917T132650Z-5989d10d,2026-09-17 13:26:50+00:00,afternoon,2026-09-22 16:00:00+00:00,5,81.66659573130633,245.59,163.92340426869367,-48.286184068840285,33.380411662466045
1,20260917T132650Z-5989d10d,2026-09-17 13:26:50+00:00,afternoon,2026-09-22 17:00:00+00:00,5,73.45853832011547,334.63,261.17146167988454,-41.834044743254815,31.62449357686065
1,20260917T132650Z-5989d10d,2026-09-17 13:26:50+00:00,afternoon,2026-09-22 18:00:00+00:00,5,58.02193014392053,256.39,198.36806985607944,-36.252694784093464,21.769235359827064
1,20260917T132650Z-5989d10d,2026-09-17 13:26:50+00:00,afternoon,2026-09-22 19:00:00+00:00,5,51.92720232946649,194.5,142.5727976705335,-33.06317207689892,18.864030252567566
1,20260917T132650Z-5989d10d,2026-09-17 13:26:50+00:00,afternoon,2026-09-22 20:00:00+00:00,5,34.49479581618067,148.0,113.50520418381933,-11.634256456031778,22.86053936014889
1,20260917T132650Z-5989d10d,2026-09-17 13:26:50+00:00,afternoon,2026-09-22 21:00:00+00:00,6,23.365107403465046,101.7,78.33489259653496,6.744936315249282,30.11004371871433
1,20260917T132650Z-5989d10d,2026-09-17 13:26:50+00:00,afternoon,2026-09-22 22:00:00+00:00,6,33.572483263276816,136.26,102.68751673672318,-2.7941172461284034,30.77836601714841
1,20260917T132650Z-5989d10d,2026-09-17 13:26:50+00:00,afternoon,2026-09-22 23:00:00+00:00,6,27.63271942005765,124.31,96.67728057994235,10.701655056046754,38.3343744761044
1,20260917T132650Z-5989d10d,2026-09-17 13:26:50+00:00,afternoon,2026-09-23 00:00:00+00:00,6,24.3606148758343,123.74,99.3793851241657,18.894162810007533,43.25477768584183
1,20260917T132650Z-5989d10d,2026-09-17 13:26:50+00:00,afternoon,2026-09-23 01:00:00+00:00,6,25.288719085502155,102.58,77.29128091449785,10.198603944870273,35.48732303037243
1,20260917T132650Z-5989d10d,2026-09-17 13:26:50+00:00,afternoon,2026-09-23 02:00:00+00:00,6,24.45008178295416,102.57,78.11991821704584,18.945668338244285,43.395750121198446
1,20260917T132650Z-5989d10d,2026-09-17 13:26:50+00:00,afternoon,2026-09-23 03:00:00+00:00,6,30.668489503128885,133.32,102.65151049687111,-2.489823042532724,28.178666460596162
1,20260917T132650Z-5989d10d,2026-09-17 13:26:50+00:00,afternoon,2026-09-23 04:00:00+00:00,6,45.10314974071766,157.85,112.74685025928233,-2.125059750002496,42.97808999071516
1,20260917T132650Z-5989d10d,2026-09-17 13:26:50+00:00,afternoon,2026-09-23 05:00:00+00:00,6,59.30132307561369,169.2,109.89867692438631,-17.41211173109777,41.889211344515914
1,20260917T132650Z-5989d10d,2026-09-17 13:26:50+00:00,afternoon,2026-09-23 06:00:00+00:00,6,61.188935222994544,177.54,116.35106477700545,-16.362019853860293,44.826915369134255
1,20260917T132650Z-5989d10d,2026-09-17 13:26:50+00:00,afternoon,2026-09-23 07:00:00+00:00,6,59.78456190600255,170.34,110.55543809399745,-11.255717263691995,48.52884464231056
1,20260917T132650Z-5989d10d,2026-09-17 13:26:50+00:00,afternoon,2026-09-23 08:00:00+00:00,6,50.77504526639631,152.65,101.87495473360369,5.905353108843529,56.68039837523984
1,20260917T132650Z-5989d10d,2026-09-17 13:26:50+00:00,afternoon,2026-09-23 09:00:00+00:00,6,42.6110938868709,135.29,92.6789061131291,-18.57542230070232,24.035671586168576
1,20260917T132650Z-5989d10d,2026-09-17 13:26:50+00:00,afternoon,2026-09-23 10:00:00+00:00,6,41.20826240588087,128.59,87.38173759411913,-25.136944891276826,16.071317514604047
1,20260917T132650Z-5989d10d,2026-09-17 13:26:50+00:00,afternoon,2026-09-23 11:00:00+00:00,6,40.46468712384464,121.9,81.43531287615536,-34.1614003131202,6.303286810724444
1,20260917T132650Z-5989d10d,2026-09-17 13:26:50+00:00,afternoon,2026-09-23 12:00:00+00:00,6,42.11962103825172,121.77,79.65037896174827,-38.05298244092948,4.066638597322239
1,20260917T132650Z-5989d10d,2026-09-17 13:26:50+00:00,afternoon,2026-09-23 13:00:00+00:00,6,47.78931464568114,123.39,75.60068535431887,-41.61463942907543,6.174675216605706
1,20260917T132650Z-5989d10d,2026-09-17 13:26:50+00:00,afternoon,2026-09-23 14:00:00+00:00,6,55.82525086776401,132.85,77.02474913223598,-30.96702709074774,24.85822377701627
1,20260917T132650Z-5989d10d,2026-09-17 13:26:50+00:00,afternoon,2026-09-23 15:00:00+00:00,6,70.41512462475872,161.44,91.02487537524128,-60.615139830286616,9.799984794472103
1,20260917T132650Z-5989d10d,2026-09-17 13:26:50+00:00,afternoon,2026-09-23 16:00:00+00:00,6,74.4287630101204,201.7,127.27123698987958,-71.5120258357852,2.9167371743352106
1,20260917T132650Z-5989d10d,2026-09-17 13:26:50+00:00,afternoon,2026-09-23 17:00:00+00:00,6,67.05237514375585,154.84,87.78762485624415,-65.11239845480445,1.939976688951404
1,20260917T132650Z-5989d10d,2026-09-17 13:26:50+00:00,afternoon,2026-09-23 18:00:00+00:00,6,53.94940311856599,147.72,93.77059688143402,-50.06974437964886,3.8796587389171293
1,20260917T132650Z-5989d10d,2026-09-17 13:26:50+00:00,afternoon,2026-09-23 19:00:00+00:00,6,49.01502979954088,70.09,21.07497020045912,-49.336321723507076,-0.3212919239661929
1,20260917T132650Z-5989d10d,2026-09-17 13:26:50+00:00,afternoon,2026-09-23 20:00:00+00:00,6,32.60784991261853,39.04,6.432150087381466,-32.32651272653734,0.2813371860811955
1,20260917T132650Z-5989d10d,2026-09-17 13:26:50+00:00,afternoon,2026-09-23 21:00:00+00:00,7,22.070847076387587,35.5,13.429152923612413,4.261324693065319,26.332171769452906
1,20260917T132650Z-5989d10d,2026-09-17 13:26:50+00:00,afternoon,2026-09-23 22:00:00+00:00,7,31.933608620476733,101.35,69.41639137952326,-8.0448719789555,23.888736641521234
1,20260917T132650Z-5989d10d,2026-09-17 13:26:50+00:00,afternoon,2026-09-23 23:00:00+00:00,7,26.401598435579476,103.88,77.47840156442052,4.484436493018,30.886034928597475
1,20260917T132650Z-5989d10d,2026-09-17 13:26:50+00:00,afternoon,2026-09-24 00:00:00+00:00,7,24.00980697390513,110.9,86.89019302609488,4.933514284689389,28.943321258594516
1,20260917T132650Z-5989d10d,2026-09-17 13:26:50+00:00,afternoon,2026-09-24 01:00:00+00:00,7,25.612341929493752,100.73,75.11765807050625,4.876120174720624,30.488462104214378
1,20260917T132650Z-5989d10d,2026-09-17 13:26:50+00:00,afternoon,2026-09-24 02:00:00+00:00,7,25.651251436774217,97.77,72.11874856322578,13.773130313305527,39.424381750079746
1,20260917T132650Z-5989d10d,2026-09-17 13:26:50+00:00,afternoon,2026-09-24 03:00:00+00:00,7,32.14591464206151,106.85,74.70408535793848,-1.7688910202694939,30.37702362179202
1,20260917T132650Z-5989d10d,2026-09-17 13:26:50+00:00,afternoon,2026-09-24 04:00:00+00:00,7,46.05106381765002,119.34,73.28893618234999,4.7218517755522145,50.772915593202235
1,20260917T132650Z-5989d10d,2026-09-17 13:26:50+00:00,afternoon,2026-09-24 05:00:00+00:00,7,59.87604766679674,173.34,113.46395233320327,-2.3053882136914567,57.57065945310528
1,20260917T132650Z-5989d10d,2026-09-17 13:26:50+00:00,afternoon,2026-09-24 06:00:00+00:00,7,61.92457339132486,227.37,165.44542660867515,-1.4976886256378208,60.42688476568704
1,20260917T132650Z-5989d10d,2026-09-17 13:26:50+00:00,afternoon,2026-09-24 07:00:00+00:00,7,61.12803381869328,202.47,141.3419661813067,0.5022919880819848,61.63032580677527
1,20260917T132650Z-5989d10d,2026-09-17 13:26:50+00:00,afternoon,2026-09-24 08:00:00+00:00,7,52.81008352348968,173.02,120.20991647651033,9.592817558607708,62.40290108209739
1,20260917T132650Z-5989d10d,2026-09-17 13:26:50+00:00,afternoon,2026-09-24 09:00:00+00:00,7,45.73220396735368,170.98,125.2477960326463,-14.089350397981217,31.642853569372466
1,20260917T132650Z-5989d10d,2026-09-17 13:26:50+00:00,afternoon,2026-09-24 10:00:00+00:00,7,45.65225432864628,137.68,92.02774567135373,-24.047999477088936,21.604254851557343
1,20260917T132650Z-5989d10d,2026-09-17 13:26:50+00:00,afternoon,2026-09-24 11:00:00+00:00,7,44.8881022819305,145.76,100.87189771806949,-21.56398323204578,23.32411904988472
1,20260917T132650Z-5989d10d,2026-09-17 13:26:50+00:00,afternoon,2026-09-24 12:00:00+00:00,7,46.1138082859637,140.03,93.9161917140363,-29.340408099664074,16.773400186299625
1,20260917T132650Z-5989d10d,2026-09-17 13:26:50+00:00,afternoon,2026-09-24 13:00:00+00:00,7,51.9686951131385,137.74,85.77130488686151,-35.76127073965439,16.20742437348411
1,20260917T132650Z-5989d10d,2026-09-17 13:26:50+00:00,afternoon,2026-09-24 14:00:00+00:00,7,59.7678428899336,127.6,67.83215711006639,-34.08226944388803,25.685573446045566
1,20260917T132650Z-5989d10d,2026-09-17 13:26:50+00:00,afternoon,2026-09-24 15:00:00+00:00,7,74.50498438264313,140.0,65.49501561735687,-68.93559611242601,5.569388270217118
1,20260917T132650Z-5989d10d,2026-09-17 13:26:50+00:00,afternoon,2026-09-24 16:00:00+00:00,7,78.23885802092512,157.48,79.24114197907487,-84.2565252323217,-6.017667211396585
1,20260917T132650Z-5989d10d,2026-09-17 13:26:50+00:00,afternoon,2026-09-24 17:00:00+00:00,7,71.02544049278879,176.21,105.18455950721122,-79.3075022023553,-8.282061709566506
1,20260917T132650Z-5989d10d,2026-09-17 13:26:50+00:00,afternoon,2026-09-24 18:00:00+00:00,7,57.882339773953625,161.52,103.63766022604639,-57.58348170084074,0.29885807311288204
1,20260917T132650Z-5989d10d,2026-09-17 13:26:50+00:00,afternoon,2026-09-24 19:00:00+00:00,7,53.485511276333845,130.03,76.54448872366615,-55.99880698965901,-2.5132957133251637
1,20260917T132650Z-5989d10d,2026-09-17 13:26:50+00:00,afternoon,2026-09-24 20:00:00+00:00,7,37.963033916425935,93.8,55.83696608357406,-34.70846726548293,3.254566650943005
1,20260917T132650Z-5989d10d,2026-09-17 13:26:50+00:00,afternoon,2026-09-24 21:00:00+00:00,8,27.83433792449109,49.03,21.19566207550891,1.3972987867359021,29.231636711226994
1,20260917T132650Z-5989d10d,2026-09-17 13:26:50+00:00,afternoon,2026-09-24 22:00:00+00:00,8,37.68581810819544,34.99,-2.6958181081954393,-8.951265500072518,28.734552608122925
1,20260917T132650Z-5989d10d,2026-09-17 13:26:50+00:00,afternoon,2026-09-24 23:00:00+00:00,8,32.66356879899706,33.0,0.336431201002938,3.0594289314633105,35.72299773046037
1,20260917T132650Z-5989d10d,2026-09-17 13:26:50+00:00,afternoon,2026-09-25 00:00:00+00:00,8,29.99015718177377,34.14,4.1498428182262295,2.925370955665118,32.91552813743889
1,20260917T132650Z-5989d10d,2026-09-17 13:26:50+00:00,afternoon,2026-09-25 01:00:00+00:00,8,31.36520259373679,35.0,3.6347974062632105,2.8629739024533136,34.2281764961901
1,20260917T132650Z-5989d10d,2026-09-17 13:26:50+00:00,afternoon,2026-09-25 02:00:00+00:00,8,31.183301357660447,29.99,-1.1933013576604488,10.907030418196115,42.09033177585656
1,20260917T132650Z-5989d10d,2026-09-17 13:26:50+00:00,afternoon,2026-09-25 03:00:00+00:00,8,36.77922737622224,32.15,-4.629227376222239,-10.611275979423073,26.167951396799165
1,20260917T132650Z-5989d10d,2026-09-17 13:26:50+00:00,afternoon,2026-09-25 04:00:00+00:00,8,49.50919217593986,30.09,-19.41919217593986,-1.323258748489593,48.185933427450266
1,20260917T132650Z-5989d10d,2026-09-17 13:26:50+00:00,afternoon,2026-09-25 05:00:00+00:00,8,62.12571040411883,41.51,-20.61571040411883,-8.098615987202244,54.02709441691658
1,20260917T132650Z-5989d10d,2026-09-17 13:26:50+00:00,afternoon,2026-09-25 06:00:00+00:00,8,63.987054900967216,50.0,-13.987054900967216,-8.449792654950613,55.5372622460166
1,20260917T132650Z-5989d10d,2026-09-17 13:26:50+00:00,afternoon,2026-09-25 07:00:00+00:00,8,63.1994029639555,69.41,6.210597036044497,-9.842979432228752,53.35642353172675
1,20260917T132650Z-5989d10d,2026-09-17 13:26:50+00:00,afternoon,2026-09-25 08:00:00+00:00,8,55.53719353557938,115.48,59.94280646442063,3.341684691555829,58.8788782271352
1,20260917T132650Z-5989d10d,2026-09-17 13:26:50+00:00,afternoon,2026-09-25 09:00:00+00:00,8,48.45829554993104,138.0,89.54170445006896,-8.125216492861194,40.333079057069845
1,20260917T132650Z-5989d10d,2026-09-17 13:26:50+00:00,afternoon,2026-09-25 10:00:00+00:00,8,46.86123926148091,117.7,70.83876073851908,-15.248296835187572,31.612942426293337
1,20260917T132650Z-5989d10d,2026-09-17 13:26:50+00:00,afternoon,2026-09-25 11:00:00+00:00,8,45.16365109957829,102.12,56.956348900421716,-15.647295480076396,29.516355619501894
1,20260917T132650Z-5989d10d,2026-09-17 13:26:50+00:00,afternoon,2026-09-25 12:00:00+00:00,8,45.81569461705024,74.67,28.85430538294976,-21.281546411645188,24.534148205405053
1,20260917T132650Z-5989d10d,2026-09-17 13:26:50+00:00,afternoon,2026-09-25 13:00:00+00:00,8,49.93271038266566,72.56,22.62728961733434,-28.893187668381223,21.039522714284438
1,20260917T132650Z-5989d10d,2026-09-17 13:26:50+00:00,afternoon,2026-09-25 14:00:00+00:00,8,57.37590861499535,96.66,39.28409138500464,-20.17607774973579,37.199830865259564
1,20260917T132650Z-5989d10d,2026-09-17 13:26:50+00:00,afternoon,2026-09-25 15:00:00+00:00,8,70.91577145702881,92.14,21.22422854297119,-51.71413810603499,19.201633350993824
1,20260917T132650Z-5989d10d,2026-09-17 13:26:50+00:00,afternoon,2026-09-25 16:00:00+00:00,8,74.00077742105347,69.02,-4.9807774210534745,-59.03704568884172,14.963731732211748
1,20260917T132650Z-5989d10d,2026-09-17 13:26:50+00:00,afternoon,2026-09-25 17:00:00+00:00,8,66.53488927283153,66.57,0.03511072716845831,-58.24775044729024,8.287138825541298
1,20260917T132650Z-5989d10d,2026-09-17 13:26:50+00:00,afternoon,2026-09-25 18:00:00+00:00,8,54.50873809705384,49.47,-5.0387380970538445,-45.54176198129185,8.966976115761994
1,20260917T132650Z-5989d10d,2026-09-17 13:26:50+00:00,afternoon,2026-09-25 19:00:00+00:00,8,49.97661669895207,35.84,-14.136616698952068,-48.334800296034224,1.641816402917847
1,20260917T132650Z-5989d10d,2026-09-17 13:26:50+00:00,afternoon,2026-09-25 20:00:00+00:00,8,34.960605453376594,37.18,2.2193945466234055,-30.422780366177935,4.537825087198659
1,20260917T132650Z-5989d10d,2026-09-17 13:26:50+00:00,afternoon,2026-09-25 21:00:00+00:00,9,21.686272947691545,34.32,12.633727052308455,1.6741421844984326,23.360415132189978
1,20260917T132650Z-5989d10d,2026-09-17 13:26:50+00:00,afternoon,2026-09-25 22:00:00+00:00,9,30.947985986234237,25.0,-5.947985986234237,-1.2392018919164876,29.70878409431775
1,20260917T132650Z-5989d10d,2026-09-17 13:26:50+00:00,afternoon,2026-09-25 23:00:00+00:00,9,26.141403555742784,25.88,-0.26140355574278473,6.856809916887096,32.99821347262988
1,20260917T132650Z-5989d10d,2026-09-17 13:26:50+00:00,afternoon,2026-09-26 00:00:00+00:00,9,23.46306372358567,28.82,5.356936276414331,5.040813199935812,28.50387692352148
1,20260917T132650Z-5989d10d,2026-09-17 13:26:50+00:00,afternoon,2026-09-26 01:00:00+00:00,9,25.22227151414976,29.24,4.017728485850238,5.192985534374108,30.41525704852387
1,20260917T132650Z-5989d10d,2026-09-17 13:26:50+00:00,afternoon,2026-09-26 02:00:00+00:00,9,25.371155796572097,29.1,3.7288442034279043,17.456620102999615,42.82777589957171
1,20260917T132650Z-5989d10d,2026-09-17 13:26:50+00:00,afternoon,2026-09-26 03:00:00+00:00,9,31.506350318632308,30.15,-1.356350318632309,7.135672575939988,38.64202289457229
1,20260917T132650Z-5989d10d,2026-09-17 13:26:50+00:00,afternoon,2026-09-26 04:00:00+00:00,9,44.28769160992384,32.29,-11.99769160992384,3.897189783416581,48.18488139334042
1,20260917T132650Z-5989d10d,2026-09-17 13:26:50+00:00,afternoon,2026-09-26 05:00:00+00:00,9,56.363664307732606,30.89,-25.473664307732605,-4.034530374616616,52.32913393311599
1,20260917T132650Z-5989d10d,2026-09-17 13:26:50+00:00,afternoon,2026-09-26 06:00:00+00:00,9,58.50471741673498,32.97,-25.534717416734978,-7.098209241440846,51.40650817529413
1,20260917T132650Z-5989d10d,2026-09-17 13:26:50+00:00,afternoon,2026-09-26 07:00:00+00:00,9,57.48979162677665,34.57,-22.91979162677665,-5.879020455983494,51.61077117079316
1,20260917T132650Z-5989d10d,2026-09-17 13:26:50+00:00,afternoon,2026-09-26 08:00:00+00:00,9,49.14895834942925,42.99,-6.158958349429248,2.612577569670724,51.76153591909998
1,20260917T132650Z-5989d10d,2026-09-17 13:26:50+00:00,afternoon,2026-09-26 09:00:00+00:00,9,41.108668174109525,43.03,1.9213318258904764,-8.235500717730524,32.873167456379
1,20260917T132650Z-5989d10d,2026-09-17 13:26:50+00:00,afternoon,2026-09-26 10:00:00+00:00,9,39.01613453149793,29.23,-9.786134531497932,-17.04037142416204,21.975763107335894
1,20260917T132650Z-5989d10d,2026-09-17 13:26:50+00:00,afternoon,2026-09-26 11:00:00+00:00,9,36.7375988055627,19.42,-17.317598805562696,-24.524938148838043,12.212660656724655
1,20260917T132650Z-5989d10d,2026-09-17 13:26:50+00:00,afternoon,2026-09-26 12:00:00+00:00,9,37.232380823097095,13.29,-23.942380823097096,-25.61311059811978,11.619270224977317
1,20260917T132650Z-5989d10d,2026-09-17 13:26:50+00:00,afternoon,2026-09-26 13:00:00+00:00,9,41.30174756533266,22.59,-18.71174756533266,-16.89043374726486,24.4113138180678
1,20260917T132650Z-5989d10d,2026-09-17 13:26:50+00:00,afternoon,2026-09-26 14:00:00+00:00,9,48.480374746964216,24.99,-23.490374746964218,-9.467365602097086,39.01300914486713
1,20260917T132650Z-5989d10d,2026-09-17 13:26:50+00:00,afternoon,2026-09-26 15:00:00+00:00,9,61.916325786930045,28.93,-32.986325786930045,-19.900008753627937,42.01631703330211
1,20260917T132650Z-5989d10d,2026-09-17 13:26:50+00:00,afternoon,2026-09-26 16:00:00+00:00,9,66.51079009940374,39.97,-26.540790099403736,-33.799429616353564,32.71136048305017
1,20260917T132650Z-5989d10d,2026-09-17 13:26:50+00:00,afternoon,2026-09-26 17:00:00+00:00,9,60.972535099939705,38.03,-22.942535099939704,-32.44667920721923,28.52585589272047
1,20260917T132650Z-5989d10d,2026-09-17 13:26:50+00:00,afternoon,2026-09-26 18:00:00+00:00,9,49.84599727080757,34.42,-15.42599727080757,-22.456533658192853,27.38946361261472
1,20260917T132650Z-5989d10d,2026-09-17 13:26:50+00:00,afternoon,2026-09-26 19:00:00+00:00,9,46.108128025258864,21.72,-24.388128025258865,-29.973296452491248,16.134831572767617
1,20260917T132650Z-5989d10d,2026-09-17 13:26:50+00:00,afternoon,2026-09-26 20:00:00+00:00,9,32.400272244404135,19.49,-12.910272244404137,-18.225333179367013,14.174939065037123
1,20260917T132650Z-5989d10d,2026-09-17 13:26:50+00:00,afternoon,2026-09-26 21:00:00+00:00,10,24.039540938762187,15.83,-8.209540938762187,-2.1282877056253704,21.911253233136815
1,20260917T132650Z-5989d10d,2026-09-17 13:26:50+00:00,afternoon,2026-09-26 22:00:00+00:00,10,33.20763468685454,13.08,-20.12763468685454,-8.221098815256703,24.986535871597837
1,20260917T132650Z-5989d10d,2026-09-17 13:26:50+00:00,afternoon,2026-09-26 23:00:00+00:00,10,28.385150044262488,17.76,-10.625150044262487,-1.29916115061112,27.08598889365137
1,20260917T132650Z-5989d10d,2026-09-17 13:26:50+00:00,afternoon,2026-09-27 00:00:00+00:00,10,26.4517147495508,14.3,-12.151714749550798,-1.4595033079265938,24.992211441624207
1,20260917T132650Z-5989d10d,2026-09-17 13:26:50+00:00,afternoon,2026-09-27 01:00:00+00:00,10,28.005035115853172,12.81,-15.195035115853171,-1.7403248087905796,26.264710307062593
1,20260917T132650Z-5989d10d,2026-09-17 13:26:50+00:00,afternoon,2026-09-27 02:00:00+00:00,10,27.663546599361915,10.74,-16.923546599361913,7.500290958557445,35.16383755791936
1,20260917T132650Z-5989d10d,2026-09-17 13:26:50+00:00,afternoon,2026-09-27 03:00:00+00:00,10,32.85326396073721,9.99,-22.863263960737207,-11.198546149030784,21.654717811706426
1,20260917T132650Z-5989d10d,2026-09-17 13:26:50+00:00,afternoon,2026-09-27 04:00:00+00:00,10,44.3663835725127,9.7,-34.6663835725127,-7.697368728611148,36.66901484390156
1,20260917T132650Z-5989d10d,2026-09-17 13:26:50+00:00,afternoon,2026-09-27 05:00:00+00:00,10,55.778476808292766,10.0,-45.778476808292766,-13.7033764592783,42.07510034901446
1,20260917T132650Z-5989d10d,2026-09-17 13:26:50+00:00,afternoon,2026-09-27 06:00:00+00:00,10,57.60811864076426,9.99,-47.61811864076426,-12.771684265591059,44.8364343751732
1,20260917T132650Z-5989d10d,2026-09-17 13:26:50+00:00,afternoon,2026-09-27 07:00:00+00:00,10,56.6376809701664,39.62,-17.017680970166403,-16.56289969208582,40.07478127808058
1,20260917T132650Z-5989d10d,2026-09-17 13:26:50+00:00,afternoon,2026-09-27 08:00:00+00:00,10,49.016809054485634,29.81,-19.206809054485635,-9.911417429045752,39.10539162543988
1,20260917T132650Z-5989d10d,2026-09-17 13:26:50+00:00,afternoon,2026-09-27 09:00:00+00:00,10,41.514345647612025,19.49,-22.024345647612027,-19.381218143376074,22.13312750423595
1,20260917T132650Z-5989d10d,2026-09-17 13:26:50+00:00,afternoon,2026-09-27 10:00:00+00:00,10,39.35235916588631,19.49,-19.862359165886314,-29.455918404893726,9.896440760992586
1,20260917T132650Z-5989d10d,2026-09-17 13:26:50+00:00,afternoon,2026-09-27 11:00:00+00:00,10,37.11040482034484,19.9,-17.21040482034484,-36.24770637649659,0.8626984438482523
1,20260917T132650Z-5989d10d,2026-09-17 13:26:50+00:00,afternoon,2026-09-27 12:00:00+00:00,10,37.348403001549954,16.35,-20.998403001549953,-36.581471991283514,0.7669310102664397
1,20260917T132650Z-5989d10d,2026-09-17 13:26:50+00:00,afternoon,2026-09-27 13:00:00+00:00,10,41.678309308889,19.99,-21.688309308889,-35.35354349493093,6.3247658139580665
1,20260917T132650Z-5989d10d,2026-09-17 13:26:50+00:00,afternoon,2026-09-27 14:00:00+00:00,10,48.52202072168818,21.99,-26.53202072168818,-30.365758151829343,18.156262569858836
1,20260917T132650Z-5989d10d,2026-09-17 13:26:50+00:00,afternoon,2026-09-27 15:00:00+00:00,10,61.20371080205092,38.73,-22.473710802050924,-45.4447266556781,15.758984146372818
1,20260917T132650Z-5989d10d,2026-09-17 13:26:50+00:00,afternoon,2026-09-27 16:00:00+00:00,10,64.94719539483003,47.2,-17.74719539483003,-45.844525809783725,19.102669585046307
1,20260917T132650Z-5989d10d,2026-09-17 13:26:50+00:00,afternoon,2026-09-27 17:00:00+00:00,10,60.066717545836994,43.76,-16.306717545836996,-40.1686672003368,19.898050345500195
1,20260917T132650Z-5989d10d,2026-09-17 13:26:50+00:00,afternoon,2026-09-27 18:00:00+00:00,10,49.8019560112579,37.3,-12.501956011257903,-30.407270144921505,19.394685866336395
1,20260917T132650Z-5989d10d,2026-09-17 13:26:50+00:00,afternoon,2026-09-27 19:00:00+00:00,10,46.815091440135234,33.57,-13.245091440135234,-33.43284349674116,13.382247943394077
1,20260917T132650Z-5989d10d,2026-09-17 13:26:50+00:00,afternoon,2026-09-27 20:00:00+00:00,10,32.59506628883204,32.18,-0.4150662888320369,-25.53862859869176,7.056437690140278
1,20260917T132650Z-5989d10d,2026-09-17 13:26:50+00:00,afternoon,2026-09-27 21:00:00+00:00,11,28.56022278126354,19.54,-9.020222781263541,26.11300339598908,54.673226177252616
1,20260917T132650Z-5989d10d,2026-09-17 13:26:50+00:00,afternoon,2026-09-27 22:00:00+00:00,11,36.87268262929354,21.96,-14.912682629293542,14.175163512690704,51.047846141984245
1,20260917T132650Z-5989d10d,2026-09-17 13:26:50+00:00,afternoon,2026-09-27 23:00:00+00:00,11,32.86937104587802,9.64,-23.22937104587802,19.723248605157142,52.592619651035164
1,20260917T132650Z-5989d10d,2026-09-17 13:26:50+00:00,afternoon,2026-09-28 00:00:00+00:00,11,30.94616759320404,6.88,-24.066167593204042,18.110859974372563,49.057027567576604
1,20260917T132650Z-5989d10d,2026-09-17 13:26:50+00:00,afternoon,2026-09-28 01:00:00+00:00,11,32.60980888695918,5.03,-27.579808886959178,17.872060209386948,50.48186909634613
1,20260917T132650Z-5989d10d,2026-09-17 13:26:50+00:00,afternoon,2026-09-28 02:00:00+00:00,11,32.69258924462694,4.09,-28.602589244626937,18.826692464611238,51.51928170923817
1,20260917T132650Z-5989d10d,2026-09-17 13:26:50+00:00,afternoon,2026-09-28 03:00:00+00:00,11,37.66224407962436,4.78,-32.88224407962436,7.558759810907361,45.22100389053172
1,20260917T132650Z-5989d10d,2026-09-17 13:26:50+00:00,afternoon,2026-09-28 04:00:00+00:00,11,49.17385416547635,6.33,-42.84385416547635,14.997938439461555,64.1717926049379
1,20260917T132650Z-5989d10d,2026-09-17 13:26:50+00:00,afternoon,2026-09-28 05:00:00+00:00,11,60.6222385437006,12.95,-47.6722385437006,35.96334048011676,96.58557902381736
1,20260917T132650Z-5989d10d,2026-09-17 13:26:50+00:00,afternoon,2026-09-28 06:00:00+00:00,11,61.48595394882162,15.02,-46.46595394882162,36.540446120468985,98.0264000692906
1,20260917T132650Z-5989d10d,2026-09-17 13:26:50+00:00,afternoon,2026-09-28 07:00:00+00:00,11,60.02131844931508,13.23,-46.791318449315085,33.13407416479009,93.15539261410518
1,20260917T132650Z-5989d10d,2026-09-17 13:26:50+00:00,afternoon,2026-09-28 08:00:00+00:00,11,52.37471601109517,6.55,-45.82471601109517,50.379985493424485,102.75470150451966
1,20260917T132650Z-5989d10d,2026-09-17 13:26:50+00:00,afternoon,2026-09-28 09:00:00+00:00,11,44.53589398071106,5.4,-39.13589398071106,32.0040169652979,76.53991094600896
1,20260917T132650Z-5989d10d,2026-09-17 13:26:50+00:00,afternoon,2026-09-28 10:00:00+00:00,11,41.84304698132252,3.67,-38.17304698132252,30.118598216861642,71.96164519818416
1,20260917T132650Z-5989d10d,2026-09-17 13:26:50+00:00,afternoon,2026-09-28 11:00:00+00:00,11,40.02096897620908,3.56,-36.46096897620908,25.071036104315873,65.09200508052496
1,20260917T132650Z-5989d10d,2026-09-17 13:26:50+00:00,afternoon,2026-09-28 12:00:00+00:00,11,39.97102449005478,3.76,-36.21102449005478,21.064257640224007,61.03528213027879
1,20260917T132650Z-5989d10d,2026-09-17 13:26:50+00:00,afternoon,2026-09-28 13:00:00+00:00,11,43.80558683895679,3.87,-39.935586838956795,21.56530303701868,65.37088987597548
1,20260917T132650Z-5989d10d,2026-09-17 13:26:50+00:00,afternoon,2026-09-28 14:00:00+00:00,11,50.78747617982862,5.0,-45.78747617982862,-5.902171552729768,44.885304627098854
1,20260917T132650Z-5989d10d,2026-09-17 13:26:50+00:00,afternoon,2026-09-28 15:00:00+00:00,11,63.3265886175663,8.3,-55.026588617566304,-23.40133306923878,39.92525554832752
1,20260917T132650Z-5989d10d,2026-09-17 13:26:50+00:00,afternoon,2026-09-28 16:00:00+00:00,11,67.62814857017803,8.33,-59.29814857017803,-38.84465267402005,28.78349589615798
1,20260917T132650Z-5989d10d,2026-09-17 13:26:50+00:00,afternoon,2026-09-28 17:00:00+00:00,11,62.876786083134334,8.56,-54.31678608313433,-39.42309673229214,23.453689350842197
1,20260917T132650Z-5989d10d,2026-09-17 13:26:50+00:00,afternoon,2026-09-28 18:00:00+00:00,11,53.13341543336643,6.43,-46.70341543336643,-24.90152686589177,28.23188856747466
1,20260917T132650Z-5989d10d,2026-09-17 13:26:50+00:00,afternoon,2026-09-28 19:00:00+00:00,11,49.69101582495389,5.7,-43.991015824953884,-27.522136698727824,22.168879126226063
1,20260917T132650Z-5989d10d,2026-09-17 13:26:50+00:00,afternoon,2026-09-28 20:00:00+00:00,11,37.2460788778038,9.04,-28.206078877803797,-11.774845401177478,25.471233476626317
1,20260917T132650Z-5989d10d,2026-09-17 13:26:50+00:00,afternoon,2026-09-28 21:00:00+00:00,12,29.732815899030307,5.29,-24.442815899030307,21.26604002867774,50.99885592770805
1,20260917T132650Z-5989d10d,2026-09-17 13:26:50+00:00,afternoon,2026-09-28 22:00:00+00:00,12,37.16286041794798,5.0,-32.16286041794798,11.825505994025564,48.988366411973544
1,20260917T132650Z-5989d10d,2026-09-17 13:26:50+00:00,afternoon,2026-09-28 23:00:00+00:00,12,33.18694430718223,4.0,-29.18694430718223,28.433832730636933,61.62077703781917
1,20260917T132650Z-5989d10d,2026-09-17 13:26:50+00:00,afternoon,2026-09-29 00:00:00+00:00,12,31.319222396684832,5.02,-26.299222396684833,28.48410259926762,59.80332499595245
1,20260917T132650Z-5989d10d,2026-09-17 13:26:50+00:00,afternoon,2026-09-29 01:00:00+00:00,12,32.293112299106184,7.38,-24.913112299106185,29.53960202444998,61.83271432355616
1,20260917T132650Z-5989d10d,2026-09-17 13:26:50+00:00,afternoon,2026-09-29 02:00:00+00:00,12,32.55145812554358,9.03,-23.52145812554358,49.11283068002522,81.6642888055688
1,20260917T132650Z-5989d10d,2026-09-17 13:26:50+00:00,afternoon,2026-09-29 03:00:00+00:00,12,37.15106830504005,21.79,-15.36106830504005,36.35858570659958,73.50965401163963
1,20260917T132650Z-5989d10d,2026-09-17 13:26:50+00:00,afternoon,2026-09-29 04:00:00+00:00,12,47.56144964398878,22.06,-25.50144964398878,44.87271505284001,92.43416469682879
1,20260917T132650Z-5989d10d,2026-09-17 13:26:50+00:00,afternoon,2026-09-29 05:00:00+00:00,12,57.91408955689525,39.91,-18.004089556895252,45.51977478623054,103.43386434312579
1,20260917T132650Z-5989d10d,2026-09-17 13:26:50+00:00,afternoon,2026-09-29 06:00:00+00:00,12,59.57380917976789,89.88,30.306190820232104,43.8128720085964,103.38668118836429
1,20260917T132650Z-5989d10d,2026-09-17 13:26:50+00:00,afternoon,2026-09-29 07:00:00+00:00,12,58.49554521437791,93.85,35.35445478562208,47.29102848349194,105.78657369786985
1,20260917T132650Z-5989d10d,2026-09-17 13:26:50+00:00,afternoon,2026-09-29 08:00:00+00:00,12,51.5872546026592,114.2,62.6127453973408,58.388191791787925,109.97544639444712
1,20260917T132650Z-5989d10d,2026-09-17 13:26:50+00:00,afternoon,2026-09-29 09:00:00+00:00,12,44.7393063947756,110.26,65.52069360522441,20.59241242689533,65.33171882167093
1,20260917T132650Z-5989d10d,2026-09-17 13:26:50+00:00,afternoon,2026-09-29 10:00:00+00:00,12,42.97034106014736,105.26,62.28965893985264,16.444318307236756,59.41465936738412
1,20260917T132650Z-5989d10d,2026-09-17 13:26:50+00:00,afternoon,2026-09-29 11:00:00+00:00,12,41.43606534761047,98.44,57.003934652389525,6.138629584049454,47.57469493165993
1,20260917T132650Z-5989d10d,2026-09-17 13:26:50+00:00,afternoon,2026-09-29 12:00:00+00:00,12,41.99265252842397,98.33,56.33734747157603,0.7966757911223841,42.78932831954635
1,20260917T132650Z-5989d10d,2026-09-17 13:26:50+00:00,afternoon,2026-09-29 13:00:00+00:00,12,45.88039304875741,103.95,58.06960695124259,2.7471224417298816,48.62751549048729
1,20260917T132650Z-5989d10d,2026-09-17 13:26:50+00:00,afternoon,2026-09-29 14:00:00+00:00,12,52.06117439905751,108.8,56.738825600942484,-27.261232234888936,24.799942164168577
1,20260917T132650Z-5989d10d,2026-09-17 13:26:50+00:00,afternoon,2026-09-29 15:00:00+00:00,12,62.69800644846876,124.08,61.38199355153124,-42.63353317633675,20.064473272132012
1,20260917T132650Z-5989d10d,2026-09-17 13:26:50+00:00,afternoon,2026-09-29 16:00:00+00:00,12,65.93505902068405,115.85,49.91494097931594,-50.157734383572176,15.777324637111874
1,20260917T132650Z-5989d10d,2026-09-17 13:26:50+00:00,afternoon,2026-09-29 17:00:00+00:00,12,60.86520582820479,57.39,-3.4752058282047926,-46.51635019338754,14.348855634817255
1,20260917T132650Z-5989d10d,2026-09-17 13:26:50+00:00,afternoon,2026-09-29 18:00:00+00:00,12,51.445055847779855,56.25,4.804944152220145,-28.956897485665447,22.488158362114408
1,20260917T132650Z-5989d10d,2026-09-17 13:26:50+00:00,afternoon,2026-09-29 19:00:00+00:00,12,48.214895321814296,28.49,-19.724895321814298,-31.755068547219093,16.459826774595204
1,20260917T132650Z-5989d10d,2026-09-17 13:26:50+00:00,afternoon,2026-09-29 20:00:00+00:00,12,35.910346709812,39.0,3.0896532901879965,-18.47291600970883,17.437430700103175
1,20260918T032850Z-b4973942,2026-09-18 03:28:50+00:00,morning,2026-09-18 21:00:00+00:00,1,-6.83895575522919,18.02,24.85895575522919,29.137325668512858,22.29836991328367
1,20260918T032850Z-b4973942,2026-09-18 03:28:50+00:00,morning,2026-09-18 22:00:00+00:00,1,3.929860911437479,12.17,8.240139088562522,20.219569852090945,24.149430763528425
1,20260918T032850Z-b4973942,2026-09-18 03:28:50+00:00,morning,2026-09-18 23:00:00+00:00,1,-2.69220575522919,9.82,12.51220575522919,31.664372811827683,28.972167056598494
1,20260918T032850Z-b4973942,2026-09-18 03:28:50+00:00,morning,2026-09-19 00:00:00+00:00,1,-6.173539088562523,7.8,13.973539088562523,36.65164622168987,30.47810713312735
1,20260918T032850Z-b4973942,2026-09-18 03:28:50+00:00,morning,2026-09-19 01:00:00+00:00,1,-4.429733533006967,7.28,11.709733533006968,36.44642866783374,32.016695134826776
1,20260918T032850Z-b4973942,2026-09-18 03:28:50+00:00,morning,2026-09-19 02:00:00+00:00,1,-4.338550199673636,6.42,10.758550199673635,44.7309945925891,40.392444392915465
1,20260918T032850Z-b4973942,2026-09-18 03:28:50+00:00,morning,2026-09-19 03:00:00+00:00,1,2.605355355881928,5.01,2.404644644118072,41.453396523877245,44.05875187975917
1,20260918T032850Z-b4973942,2026-09-18 03:28:50+00:00,morning,2026-09-19 04:00:00+00:00,1,18.4198894920767,5.73,-12.689889492076698,26.744501142309478,45.16439063438618
1,20260918T032850Z-b4973942,2026-09-18 03:28:50+00:00,morning,2026-09-19 05:00:00+00:00,1,33.126450603187806,7.27,-25.856450603187806,-0.1889123201168026,32.93753828307101
1,20260918T032850Z-b4973942,2026-09-18 03:28:50+00:00,morning,2026-09-19 06:00:00+00:00,1,35.2507283809656,8.46,-26.790728380965597,-4.065614848065863,31.185113532899734
1,20260918T032850Z-b4973942,2026-09-18 03:28:50+00:00,morning,2026-09-19 07:00:00+00:00,1,33.58974504763227,8.0,-25.58974504763227,-1.639583581688286,31.950161465943985
1,20260918T032850Z-b4973942,2026-09-18 03:28:50+00:00,morning,2026-09-19 08:00:00+00:00,1,22.17296171429892,2.64,-19.53296171429892,16.30743868155994,38.480400395858865
1,20260918T032850Z-b4973942,2026-09-18 03:28:50+00:00,morning,2026-09-19 09:00:00+00:00,1,10.417439492076706,1.08,-9.337439492076706,13.89992107627805,24.317360568354758
1,20260918T032850Z-b4973942,2026-09-18 03:28:50+00:00,morning,2026-09-19 10:00:00+00:00,1,5.6880506031878095,2.0,-3.6880506031878095,16.72233800780288,22.410388610990687
1,20260918T032850Z-b4973942,2026-09-18 03:28:50+00:00,morning,2026-09-19 11:00:00+00:00,1,1.850995047632264,2.0,0.14900495236773592,9.924320016369023,11.775315064001287
1,20260918T032850Z-b4973942,2026-09-18 03:28:50+00:00,morning,2026-09-19 12:00:00+00:00,1,1.1635506031878124,1.99,0.8264493968121875,9.712329711058745,10.875880314246558
1,20260918T032850Z-b4973942,2026-09-18 03:28:50+00:00,morning,2026-09-19 13:00:00+00:00,1,6.282728380965585,1.99,-4.292728380965585,6.29375001165577,12.576478392621354
1,20260918T032850Z-b4973942,2026-09-18 03:28:50+00:00,morning,2026-09-19 14:00:00+00:00,1,16.60875060318782,3.53,-13.07875060318782,2.726445474186397,19.335196077374214
1,20260918T032850Z-b4973942,2026-09-18 03:28:50+00:00,morning,2026-09-19 15:00:00+00:00,1,34.51863393652115,5.59,-28.92863393652115,-14.913325883896118,19.60530805262503
1,20260918T032850Z-b4973942,2026-09-18 03:28:50+00:00,morning,2026-09-19 16:00:00+00:00,1,40.67679504763226,11.31,-29.36679504763226,-32.79049378218613,7.886301265446129
1,20260918T032850Z-b4973942,2026-09-18 03:28:50+00:00,morning,2026-09-19 17:00:00+00:00,1,34.225566377516905,15.28,-18.945566377516904,-26.40084176141265,7.824724616104255
1,20260918T032850Z-b4973942,2026-09-18 03:28:50+00:00,morning,2026-09-19 18:00:00+00:00,1,18.84674980032636,11.02,-7.826749800326361,-10.613554820148577,8.233194980177784
1,20260918T032850Z-b4973942,2026-09-18 03:28:50+00:00,morning,2026-09-19 19:00:00+00:00,1,12.84467757810415,5.25,-7.59467757810415,-6.85151460418311,5.993162973921041
1,20260918T032850Z-b4973942,2026-09-18 03:28:50+00:00,morning,2026-09-19 20:00:00+00:00,1,-6.281944644118085,4.03,10.311944644118086,10.696916762832434,4.414972118714348
1,20260918T032850Z-b4973942,2026-09-18 03:28:50+00:00,morning,2026-09-19 21:00:00+00:00,2,-21.215855755229192,1.99,23.20585575522919,31.777222437593615,10.561366682364422
1,20260918T032850Z-b4973942,2026-09-18 03:28:50+00:00,morning,2026-09-19 22:00:00+00:00,2,-11.33188908856252,0.01,11.34188908856252,24.624976424870816,13.293087336308297
1,20260918T032850Z-b4973942,2026-09-18 03:28:50+00:00,morning,2026-09-19 23:00:00+00:00,2,-18.489005755229197,-0.02,18.469005755229198,34.26544019138562,15.776434436156425
1,20260918T032850Z-b4973942,2026-09-18 03:28:50+00:00,morning,2026-09-20 00:00:00+00:00,2,-22.16113908856253,-0.09,22.07113908856253,40.51899098079661,18.35785189223408
1,20260918T032850Z-b4973942,2026-09-18 03:28:50+00:00,morning,2026-09-20 01:00:00+00:00,2,-20.713583533006968,-0.2,20.51358353300697,33.71364965331511,13.00006612030814
1,20260918T032850Z-b4973942,2026-09-18 03:28:50+00:00,morning,2026-09-20 02:00:00+00:00,2,-20.57860019967364,-0.21,20.36860019967364,32.87292707470442,12.29432687503078
1,20260918T032850Z-b4973942,2026-09-18 03:28:50+00:00,morning,2026-09-20 03:00:00+00:00,2,-13.409394644118075,-0.21,13.199394644118074,41.49066582615566,28.08127118203759
1,20260918T032850Z-b4973942,2026-09-18 03:28:50+00:00,morning,2026-09-20 04:00:00+00:00,2,3.2346394920767043,-0.08,-3.3146394920767044,31.715103131633366,34.94974262371007
1,20260918T032850Z-b4973942,2026-09-18 03:28:50+00:00,morning,2026-09-20 05:00:00+00:00,2,19.81605060318781,0.0,-19.81605060318781,-2.707412528970061,17.10863807421775
1,20260918T032850Z-b4973942,2026-09-18 03:28:50+00:00,morning,2026-09-20 06:00:00+00:00,2,22.1294783809656,0.81,-21.319478380965602,-2.442787316673677,19.686691064291924
1,20260918T032850Z-b4973942,2026-09-18 03:28:50+00:00,morning,2026-09-20 07:00:00+00:00,2,20.827745047632256,1.49,-19.337745047632257,-4.071878887631392,16.755866160000863
1,20260918T032850Z-b4973942,2026-09-18 03:28:50+00:00,morning,2026-09-20 08:00:00+00:00,2,10.283511714298925,0.0,-10.283511714298925,14.652998604717647,24.93651031901657
1,20260918T032850Z-b4973942,2026-09-18 03:28:50+00:00,morning,2026-09-20 09:00:00+00:00,2,-0.0120605079232998,0.23,0.2420605079232998,17.842864286545996,17.8308037786227
1,20260918T032850Z-b4973942,2026-09-18 03:28:50+00:00,morning,2026-09-20 10:00:00+00:00,2,-3.156849396812195,0.15,3.306849396812195,18.04633186298917,14.889482466176975
1,20260918T032850Z-b4973942,2026-09-18 03:28:50+00:00,morning,2026-09-20 11:00:00+00:00,2,-2.1243049523677344,0.13,2.2543049523677343,4.756491217896541,2.632186265528807
1,20260918T032850Z-b4973942,2026-09-18 03:28:50+00:00,morning,2026-09-20 12:00:00+00:00,2,-0.4265993968121906,0.41,0.8365993968121905,6.089645206489456,5.663045809677265
1,20260918T032850Z-b4973942,2026-09-18 03:28:50+00:00,morning,2026-09-20 13:00:00+00:00,2,7.889678380965586,1.51,-6.379678380965586,-1.8804918192289426,6.009186561736644
1,20260918T032850Z-b4973942,2026-09-18 03:28:50+00:00,morning,2026-09-20 14:00:00+00:00,2,21.243000603187816,3.49,-17.753000603187814,-12.801267706449414,8.441732896738403
1,20260918T032850Z-b4973942,2026-09-18 03:28:50+00:00,morning,2026-09-20 15:00:00+00:00,2,41.75658393652115,7.12,-34.636583936521156,-30.471515949126523,11.28506798739463
1,20260918T032850Z-b4973942,2026-09-18 03:28:50+00:00,morning,2026-09-20 16:00:00+00:00,2,50.82879504763226,11.04,-39.78879504763226,-57.94583901887392,-7.117043971241657
1,20260918T032850Z-b4973942,2026-09-18 03:28:50+00:00,morning,2026-09-20 17:00:00+00:00,2,47.525933936521135,24.83,-22.695933936521136,-43.14488991001513,4.381044026506004
1,20260918T032850Z-b4973942,2026-09-18 03:28:50+00:00,morning,2026-09-20 18:00:00+00:00,2,34.973800603187804,38.87,3.896199396812193,-14.10322401021642,20.870576592971382
1,20260918T032850Z-b4973942,2026-09-18 03:28:50+00:00,morning,2026-09-20 19:00:00+00:00,2,31.580828380965592,38.14,6.559171619034409,-15.37284888553454,16.207979495431054
1,20260918T032850Z-b4973942,2026-09-18 03:28:50+00:00,morning,2026-09-20 20:00:00+00:00,2,14.569506158743366,34.69,20.120493841256632,-7.510146060752568,7.0593600979907976
1,20260918T032850Z-b4973942,2026-09-18 03:28:50+00:00,morning,2026-09-20 21:00:00+00:00,3,4.29464504763226,25.51,21.21535495236774,32.880118846493595,37.17476389412585
1,20260918T032850Z-b4973942,2026-09-18 03:28:50+00:00,morning,2026-09-20 22:00:00+00:00,3,16.35361171429892,15.58,-0.7736117142989212,32.34146129009367,48.69507300439259
1,20260918T032850Z-b4973942,2026-09-18 03:28:50+00:00,morning,2026-09-20 23:00:00+00:00,3,10.840195047632257,10.3,-0.5401950476322561,34.498441071286166,45.33863611891842
1,20260918T032850Z-b4973942,2026-09-18 03:28:50+00:00,morning,2026-09-21 00:00:00+00:00,3,8.698811714298921,8.54,-0.15881171429892227,40.96500286843762,49.66381458273654
1,20260918T032850Z-b4973942,2026-09-18 03:28:50+00:00,morning,2026-09-21 01:00:00+00:00,3,11.16816726985448,9.79,-1.3781672698544813,40.31184338565304,51.48001065550752
1,20260918T032850Z-b4973942,2026-09-18 03:28:50+00:00,morning,2026-09-21 02:00:00+00:00,3,12.831350603187817,8.1,-4.731350603187817,34.91267246161547,47.74402306480329
1,20260918T032850Z-b4973942,2026-09-18 03:28:50+00:00,morning,2026-09-21 03:00:00+00:00,3,22.19565615874337,51.64,29.444343841256632,39.517501544915355,61.71315770365872
1,20260918T032850Z-b4973942,2026-09-18 03:28:50+00:00,morning,2026-09-21 04:00:00+00:00,3,43.880974852329565,107.91,64.02902514767044,61.024252466651355,104.90522731898092
1,20260918T032850Z-b4973942,2026-09-18 03:28:50+00:00,morning,2026-09-21 05:00:00+00:00,3,58.512083421967255,145.41,86.89791657803275,77.74318964067092,136.25527306263817
1,20260918T032850Z-b4973942,2026-09-18 03:28:50+00:00,morning,2026-09-21 06:00:00+00:00,3,60.67984249995772,146.57,85.89015750004228,78.06117120025131,138.74101370020904
1,20260918T032850Z-b4973942,2026-09-18 03:28:50+00:00,morning,2026-09-21 07:00:00+00:00,3,58.76401433387296,120.04,61.27598566612705,80.65763714238948,139.42165147626244
1,20260918T032850Z-b4973942,2026-09-18 03:28:50+00:00,morning,2026-09-21 08:00:00+00:00,3,47.65071543375817,73.19,25.539284566241825,67.73483140589725,115.38554683965543
1,20260918T032850Z-b4973942,2026-09-18 03:28:50+00:00,morning,2026-09-21 09:00:00+00:00,3,36.68598902207225,25.19,-11.495989022072248,51.78907241341747,88.47506143548972
1,20260918T032850Z-b4973942,2026-09-18 03:28:50+00:00,morning,2026-09-21 10:00:00+00:00,3,33.01329180872897,15.75,-17.263291808728972,44.52119556979937,77.53448737852834
1,20260918T032850Z-b4973942,2026-09-18 03:28:50+00:00,morning,2026-09-21 11:00:00+00:00,3,29.391282185519312,11.59,-17.801282185519312,37.61914175315037,67.01042393866969
1,20260918T032850Z-b4973942,2026-09-18 03:28:50+00:00,morning,2026-09-21 12:00:00+00:00,3,29.314221318013956,13.07,-16.244221318013956,36.229575706828854,65.5437970248428
1,20260918T032850Z-b4973942,2026-09-18 03:28:50+00:00,morning,2026-09-21 13:00:00+00:00,3,34.71814735739878,11.01,-23.70814735739878,35.569571547607296,70.28771890500607
1,20260918T032850Z-b4973942,2026-09-18 03:28:50+00:00,morning,2026-09-21 14:00:00+00:00,3,44.15650029364657,10.52,-33.63650029364658,41.92219793316548,86.07869822681205
1,20260918T032850Z-b4973942,2026-09-18 03:28:50+00:00,morning,2026-09-21 15:00:00+00:00,3,61.274815407576725,12.91,-48.36481540757673,49.79320435292687,111.0680197605036
1,20260918T032850Z-b4973942,2026-09-18 03:28:50+00:00,morning,2026-09-21 16:00:00+00:00,3,67.24596188670131,52.81,-14.435961886701307,42.47994765594101,109.72590954264231
1,20260918T032850Z-b4973942,2026-09-18 03:28:50+00:00,morning,2026-09-21 17:00:00+00:00,3,61.650832533642856,36.43,-25.220832533642856,8.724763104826911,70.37559563846976
1,20260918T032850Z-b4973942,2026-09-18 03:28:50+00:00,morning,2026-09-21 18:00:00+00:00,3,49.22870053500832,35.78,-13.44870053500832,-12.697737565607119,36.5309629694012
1,20260918T032850Z-b4973942,2026-09-18 03:28:50+00:00,morning,2026-09-21 19:00:00+00:00,3,45.28512914722056,24.99,-20.29512914722056,-3.380527243157106,41.904601904063455
1,20260918T032850Z-b4973942,2026-09-18 03:28:50+00:00,morning,2026-09-21 20:00:00+00:00,3,28.340261621015213,24.75,-3.5902616210152125,-10.301325613090007,18.038936007925205
1,20260918T032850Z-b4973942,2026-09-18 03:28:50+00:00,morning,2026-09-21 21:00:00+00:00,4,16.451553999231216,24.99,8.538446000768783,27.993738604982326,44.44529260421354
1,20260918T032850Z-b4973942,2026-09-18 03:28:50+00:00,morning,2026-09-21 22:00:00+00:00,4,28.5694069772065,20.01,-8.5594069772065,27.483504405552793,56.05291138275929
1,20260918T032850Z-b4973942,2026-09-18 03:28:50+00:00,morning,2026-09-21 23:00:00+00:00,4,22.927634554776294,23.05,0.12236544522370707,24.878788859947427,47.806423414723724
1,20260918T032850Z-b4973942,2026-09-18 03:28:50+00:00,morning,2026-09-22 00:00:00+00:00,4,20.349221104363483,23.78,3.430778895636518,34.605056423477116,54.9542775278406
1,20260918T032850Z-b4973942,2026-09-18 03:28:50+00:00,morning,2026-09-22 01:00:00+00:00,4,22.249782225789676,24.56,2.3102177742103223,33.95466051080167,56.204442736591346
1,20260918T032850Z-b4973942,2026-09-18 03:28:50+00:00,morning,2026-09-22 02:00:00+00:00,4,22.0381532858597,27.64,5.601846714140301,48.708361150467034,70.74651443632673
1,20260918T032850Z-b4973942,2026-09-18 03:28:50+00:00,morning,2026-09-22 03:00:00+00:00,4,28.68749891914692,26.95,-1.737498919146919,54.9425164899949,83.63001540914182
1,20260918T032850Z-b4973942,2026-09-18 03:28:50+00:00,morning,2026-09-22 04:00:00+00:00,4,43.8797313051065,86.11,42.230268694893496,49.581978372937385,93.46170967804389
1,20260918T032850Z-b4973942,2026-09-18 03:28:50+00:00,morning,2026-09-22 05:00:00+00:00,4,58.51095470737107,156.22,97.70904529262893,51.0117974390562,109.52275214642728
1,20260918T032850Z-b4973942,2026-09-18 03:28:50+00:00,morning,2026-09-22 06:00:00+00:00,4,60.67887531721769,207.86,147.18112468278233,47.98664452052801,108.6655198377457
1,20260918T032850Z-b4973942,2026-09-18 03:28:50+00:00,morning,2026-09-22 07:00:00+00:00,4,58.7632951311088,224.97,166.2067048688912,84.44453970764502,143.20783483875383
1,20260918T032850Z-b4973942,2026-09-18 03:28:50+00:00,morning,2026-09-22 08:00:00+00:00,4,47.65029270078645,179.63,131.97970729921354,68.66383908933537,116.31413179012182
1,20260918T032850Z-b4973942,2026-09-18 03:28:50+00:00,morning,2026-09-22 09:00:00+00:00,4,36.68576909488093,156.89,120.20423090511906,53.16618331329185,89.85195240817279
1,20260918T032850Z-b4973942,2026-09-18 03:28:50+00:00,morning,2026-09-22 10:00:00+00:00,4,33.01320668079704,125.42,92.40679331920296,50.850970802818615,83.86417748361566
1,20260918T032850Z-b4973942,2026-09-18 03:28:50+00:00,morning,2026-09-22 11:00:00+00:00,4,29.39137432210037,117.28,87.88862567789963,37.95821214566951,67.34958646776988
1,20260918T032850Z-b4973942,2026-09-18 03:28:50+00:00,morning,2026-09-22 12:00:00+00:00,4,29.314423706011585,115.57,86.25557629398841,27.975088633163438,57.28951233917502
1,20260918T032850Z-b4973942,2026-09-18 03:28:50+00:00,morning,2026-09-22 13:00:00+00:00,4,34.71839975304711,128.32,93.60160024695288,30.98512913999565,65.70352889304276
1,20260918T032850Z-b4973942,2026-09-18 03:28:50+00:00,morning,2026-09-22 14:00:00+00:00,4,44.15690745103064,148.28,104.12309254896937,23.631044708444303,67.78795215947494
1,20260918T032850Z-b4973942,2026-09-18 03:28:50+00:00,morning,2026-09-22 15:00:00+00:00,4,61.27529746627747,165.16,103.88470253372253,29.014016360248274,90.28931382652574
1,20260918T032850Z-b4973942,2026-09-18 03:28:50+00:00,morning,2026-09-22 16:00:00+00:00,4,67.24645390899009,245.59,178.3435460910099,17.43703071677353,84.68348462576363
1,20260918T032850Z-b4973942,2026-09-18 03:28:50+00:00,morning,2026-09-22 17:00:00+00:00,4,61.65166426622107,334.63,272.9783357337789,18.089662933725375,79.74132719994644
1,20260918T032850Z-b4973942,2026-09-18 03:28:50+00:00,morning,2026-09-22 18:00:00+00:00,4,49.2296303924413,256.39,207.1603696075587,-0.4337794869482869,48.79585090549301
1,20260918T032850Z-b4973942,2026-09-18 03:28:50+00:00,morning,2026-09-22 19:00:00+00:00,4,45.28622950437952,194.5,149.21377049562048,10.104449479856973,55.390678984236494
1,20260918T032850Z-b4973942,2026-09-18 03:28:50+00:00,morning,2026-09-22 20:00:00+00:00,4,28.341473435470043,148.0,119.65852656452995,13.84994892731891,42.191422362788956
1,20260918T032850Z-b4973942,2026-09-18 03:28:50+00:00,morning,2026-09-22 21:00:00+00:00,5,17.876016695355478,101.7,83.82398330464453,30.78609995691445,48.66211665226993
1,20260918T032850Z-b4973942,2026-09-18 03:28:50+00:00,morning,2026-09-22 22:00:00+00:00,5,29.50926613247384,136.26,106.75073386752615,25.67024050643491,55.17950663890875
1,20260918T032850Z-b4973942,2026-09-18 03:28:50+00:00,morning,2026-09-22 23:00:00+00:00,5,24.09314700194667,124.31,100.21685299805333,29.226678939604955,53.31982594155163
1,20260918T032850Z-b4973942,2026-09-18 03:28:50+00:00,morning,2026-09-23 00:00:00+00:00,5,21.617921486743494,123.74,102.1220785132565,34.75400888412529,56.37193037086878
1,20260918T032850Z-b4973942,2026-09-18 03:28:50+00:00,morning,2026-09-23 01:00:00+00:00,5,23.4424362364973,102.58,79.1375637635027,34.177317615356195,57.619753851853496
1,20260918T032850Z-b4973942,2026-09-18 03:28:50+00:00,morning,2026-09-23 02:00:00+00:00,5,23.239166902621463,102.57,79.33083309737853,37.437011753650154,60.67617865627162
1,20260918T032850Z-b4973942,2026-09-18 03:28:50+00:00,morning,2026-09-23 03:00:00+00:00,5,29.622389441043296,133.32,103.6976105589567,39.10678249626192,68.72917193730521
1,20260918T032850Z-b4973942,2026-09-18 03:28:50+00:00,morning,2026-09-23 04:00:00+00:00,5,44.20689119728163,157.85,113.64310880271836,23.01239368344142,67.21928488072305
1,20260918T032850Z-b4973942,2026-09-18 03:28:50+00:00,morning,2026-09-23 05:00:00+00:00,5,58.25262470210652,169.2,110.94737529789347,-7.907876088441558,50.34474861366496
1,20260918T032850Z-b4973942,2026-09-18 03:28:50+00:00,morning,2026-09-23 06:00:00+00:00,5,60.33364688148188,177.54,117.20635311851811,-8.157857453431063,52.17578942805082
1,20260918T032850Z-b4973942,2026-09-18 03:28:50+00:00,morning,2026-09-23 07:00:00+00:00,5,58.49462695103715,170.34,111.84537304896286,-3.3079923973611205,55.18663455367603
1,20260918T032850Z-b4973942,2026-09-18 03:28:50+00:00,morning,2026-09-23 08:00:00+00:00,5,47.82599923179197,152.65,104.82400076820804,20.830167681512744,68.65616691330472
1,20260918T032850Z-b4973942,2026-09-18 03:28:50+00:00,morning,2026-09-23 09:00:00+00:00,5,37.29995814361448,135.29,97.99004185638552,17.78676139472476,55.08671953833924
1,20260918T032850Z-b4973942,2026-09-18 03:28:50+00:00,morning,2026-09-23 10:00:00+00:00,5,33.77423684688578,128.59,94.81576315311423,13.46100873734071,47.23524558422649
1,20260918T032850Z-b4973942,2026-09-18 03:28:50+00:00,morning,2026-09-23 11:00:00+00:00,5,30.29728101184548,121.9,91.60271898815452,10.024348810383119,40.3216298222286
1,20260918T032850Z-b4973942,2026-09-18 03:28:50+00:00,morning,2026-09-23 12:00:00+00:00,5,30.223373916092704,121.77,91.54662608390728,5.372928471744416,35.59630238783712
1,20260918T032850Z-b4973942,2026-09-18 03:28:50+00:00,morning,2026-09-23 13:00:00+00:00,5,35.41123470168236,123.39,87.97876529831764,4.2911355417243,39.70237024340666
1,20260918T032850Z-b4973942,2026-09-18 03:28:50+00:00,morning,2026-09-23 14:00:00+00:00,5,44.47209663227352,132.85,88.37790336772647,7.106763665328236,51.57886029760176
1,20260918T032850Z-b4973942,2026-09-18 03:28:50+00:00,morning,2026-09-23 15:00:00+00:00,5,60.905649248545096,161.44,100.5343507514549,-37.24617770223108,23.659471546314016
1,20260918T032850Z-b4973942,2026-09-18 03:28:50+00:00,morning,2026-09-23 16:00:00+00:00,5,66.63763759260823,201.7,135.06236240739176,-52.240035227723354,14.397602364884875
1,20260918T032850Z-b4973942,2026-09-18 03:28:50+00:00,morning,2026-09-23 17:00:00+00:00,5,61.26624528853316,154.84,93.57375471146685,-60.75471953458832,0.511525753944845
1,20260918T032850Z-b4973942,2026-09-18 03:28:50+00:00,morning,2026-09-23 18:00:00+00:00,5,49.34096691336103,147.72,98.37903308663897,-59.655820586778745,-10.314853673417716
1,20260918T032850Z-b4973942,2026-09-18 03:28:50+00:00,morning,2026-09-23 19:00:00+00:00,5,45.55539112057977,70.09,24.534608879420233,-5.693393478372039,39.86199764220773
1,20260918T032850Z-b4973942,2026-09-18 03:28:50+00:00,morning,2026-09-23 20:00:00+00:00,5,29.28825813195143,39.04,9.751741868048569,-29.29821268913984,-0.009954557188411428
1,20260918T032850Z-b4973942,2026-09-18 03:28:50+00:00,morning,2026-09-23 21:00:00+00:00,6,19.29793592369177,35.5,16.20206407630823,-9.823866689395565,9.474069234296206
1,20260918T032850Z-b4973942,2026-09-18 03:28:50+00:00,morning,2026-09-23 22:00:00+00:00,6,30.44627582302992,101.35,70.90372417697007,-10.768023086590675,19.678252736439248
1,20260918T032850Z-b4973942,2026-09-18 03:28:50+00:00,morning,2026-09-23 23:00:00+00:00,6,25.255905720083284,103.88,78.6240942799167,-9.099080152730954,16.156825567352328
1,20260918T032850Z-b4973942,2026-09-18 03:28:50+00:00,morning,2026-09-24 00:00:00+00:00,6,22.88387127427484,110.9,88.01612872572517,-2.435293485565195,20.448577788709642
1,20260918T032850Z-b4973942,2026-09-18 03:28:50+00:00,morning,2026-09-24 01:00:00+00:00,6,24.63251346841176,100.73,76.09748653158825,-1.4465647319048458,23.185948736506912
1,20260918T032850Z-b4973942,2026-09-18 03:28:50+00:00,morning,2026-09-24 02:00:00+00:00,6,24.43775440774636,97.77,73.33224559225363,3.109026990941162,27.54678139868752
1,20260918T032850Z-b4973942,2026-09-18 03:28:50+00:00,morning,2026-09-24 03:00:00+00:00,6,30.55513233020347,106.85,76.29486766979653,-0.6706682896920325,29.88446404051144
1,20260918T032850Z-b4973942,2026-09-18 03:28:50+00:00,morning,2026-09-24 04:00:00+00:00,6,44.531684624241215,119.34,74.80831537575878,1.255165763305426,45.78685038754664
1,20260918T032850Z-b4973942,2026-09-18 03:28:50+00:00,morning,2026-09-24 05:00:00+00:00,6,57.99224245763028,173.34,115.34775754236972,-18.353199635934,39.63904282169628
1,20260918T032850Z-b4973942,2026-09-18 03:28:50+00:00,morning,2026-09-24 06:00:00+00:00,6,59.98663568788957,227.37,167.38336431211044,-26.438645772556075,33.54798991533349
1,20260918T032850Z-b4973942,2026-09-18 03:28:50+00:00,morning,2026-09-24 07:00:00+00:00,6,58.2242013042954,202.47,144.2457986957046,-19.05855839395684,39.16564291033856
1,20260918T032850Z-b4973942,2026-09-18 03:28:50+00:00,morning,2026-09-24 08:00:00+00:00,6,48.00022240114649,173.02,125.01977759885352,2.353283842078498,50.353506243224984
1,20260918T032850Z-b4973942,2026-09-18 03:28:50+00:00,morning,2026-09-24 09:00:00+00:00,6,37.9127207080782,170.98,133.0672792919218,-16.510526656125638,21.40219405195256
1,20260918T032850Z-b4973942,2026-09-18 03:28:50+00:00,morning,2026-09-24 10:00:00+00:00,6,34.53400062787722,137.68,103.14599937212279,-21.245071152903773,13.288929474973447
1,20260918T032850Z-b4973942,2026-09-18 03:28:50+00:00,morning,2026-09-24 11:00:00+00:00,6,31.202018483604267,145.76,114.55798151639573,-30.634673134740968,0.5673453488632987
1,20260918T032850Z-b4973942,2026-09-18 03:28:50+00:00,morning,2026-09-24 12:00:00+00:00,6,31.13114212549653,140.03,108.89885787450348,-35.039179472973565,-3.908037347477034
1,20260918T032850Z-b4973942,2026-09-18 03:28:50+00:00,morning,2026-09-24 13:00:00+00:00,6,36.102961241653134,137.74,101.63703875834688,-35.220996608843,0.8819646328101314
1,20260918T032850Z-b4973942,2026-09-18 03:28:50+00:00,morning,2026-09-24 14:00:00+00:00,6,44.78644666055664,127.6,82.81355333944336,-29.408659511272507,15.377787149284135
1,20260918T032850Z-b4973942,2026-09-18 03:28:50+00:00,morning,2026-09-24 15:00:00+00:00,6,60.53534443430345,140.0,79.46465556569655,-74.31735030154339,-13.782005867239938
1,20260918T032850Z-b4973942,2026-09-18 03:28:50+00:00,morning,2026-09-24 16:00:00+00:00,6,66.02867123845982,157.48,91.45132876154017,-86.06999122152342,-20.0413199830636
1,20260918T032850Z-b4973942,2026-09-18 03:28:50+00:00,morning,2026-09-24 17:00:00+00:00,6,60.88133490190717,176.21,115.32866509809284,-92.79537971097454,-31.914044809067377
1,20260918T032850Z-b4973942,2026-09-18 03:28:50+00:00,morning,2026-09-24 18:00:00+00:00,6,49.45291704971583,161.52,112.06708295028417,-58.82701408448639,-9.374097034770564
1,20260918T032850Z-b4973942,2026-09-18 03:28:50+00:00,morning,2026-09-24 19:00:00+00:00,6,45.82489536191712,130.03,84.20510463808287,-48.523175096444845,-2.6982797345277234
1,20260918T032850Z-b4973942,2026-09-18 03:28:50+00:00,morning,2026-09-24 20:00:00+00:00,6,30.2358124263957,93.8,63.5641875736043,-44.21197200237509,-13.976159575979391
1,20260918T032850Z-b4973942,2026-09-18 03:28:50+00:00,morning,2026-09-24 21:00:00+00:00,7,20.72168256678944,49.03,28.30831743321056,-16.753294509988677,3.9683880568007623
1,20260918T032850Z-b4973942,2026-09-18 03:28:50+00:00,morning,2026-09-24 22:00:00+00:00,7,31.3854763237833,34.99,3.604523676216701,-11.926573448878626,19.458902874904673
1,20260918T032850Z-b4973942,2026-09-18 03:28:50+00:00,morning,2026-09-24 23:00:00+00:00,7,26.42080934874957,33.0,6.579190651250428,-11.292589472223463,15.128219876526108
1,20260918T032850Z-b4973942,2026-09-18 03:28:50+00:00,morning,2026-09-25 00:00:00+00:00,7,24.151901775104328,34.14,9.988098224895673,-4.2060963072081865,19.945805467896143
1,20260918T032850Z-b4973942,2026-09-18 03:28:50+00:00,morning,2026-09-25 01:00:00+00:00,7,25.82446049709271,35.0,9.175539502907291,-10.092645820063387,15.731814677029321
1,20260918T032850Z-b4973942,2026-09-18 03:28:50+00:00,morning,2026-09-25 02:00:00+00:00,7,25.63819335365642,29.99,4.351806646343579,-4.589888283828486,21.048305069827933
1,20260918T032850Z-b4973942,2026-09-18 03:28:50+00:00,morning,2026-09-25 03:00:00+00:00,7,31.48954868447928,32.15,0.6604513155207172,-3.9779920792505674,27.511556605228712
1,20260918T032850Z-b4973942,2026-09-18 03:28:50+00:00,morning,2026-09-25 04:00:00+00:00,7,44.85847606523244,30.09,-14.768476065232438,-6.406890190333311,38.45158587489912
1,20260918T032850Z-b4973942,2026-09-18 03:28:50+00:00,morning,2026-09-25 05:00:00+00:00,7,57.7338357972061,41.51,-16.2238357972061,-42.18408661052561,15.549749186680486
1,20260918T032850Z-b4973942,2026-09-18 03:28:50+00:00,morning,2026-09-25 06:00:00+00:00,7,59.64147615318602,50.0,-9.64147615318602,-42.25018515996861,17.39129099321741
1,20260918T032850Z-b4973942,2026-09-18 03:28:50+00:00,morning,2026-09-25 07:00:00+00:00,7,57.95569517738738,69.41,11.454304822612613,-36.60712548692162,21.348569690465766
1,20260918T032850Z-b4973942,2026-09-18 03:28:50+00:00,morning,2026-09-25 08:00:00+00:00,7,48.17615255586732,115.48,67.30384744413269,22.215195442005534,70.39134799787286
1,20260918T032850Z-b4973942,2026-09-18 03:28:50+00:00,morning,2026-09-25 09:00:00+00:00,7,38.52732082738533,138.0,99.47267917261468,10.893205489114221,49.420526316499554
1,20260918T032850Z-b4973942,2026-09-18 03:28:50+00:00,morning,2026-09-25 10:00:00+00:00,7,35.29556088072545,117.7,82.40443911927454,8.734835797382607,44.03039667810806
1,20260918T032850Z-b4973942,2026-09-18 03:28:50+00:00,morning,2026-09-25 11:00:00+00:00,7,32.10839049137726,102.12,70.01160950862274,-2.3207644912731515,29.787626000104105
1,20260918T032850Z-b4973942,2026-09-18 03:28:50+00:00,morning,2026-09-25 12:00:00+00:00,7,32.04072072783365,74.67,42.62927927216635,-6.0057136110515845,26.03500711678207
1,20260918T032850Z-b4973942,2026-09-18 03:28:50+00:00,morning,2026-09-25 13:00:00+00:00,7,36.79627498925873,72.56,35.763725010741275,-4.933857321413816,31.86241766784491
1,20260918T032850Z-b4973942,2026-09-18 03:28:50+00:00,morning,2026-09-25 14:00:00+00:00,7,45.10218381936297,96.66,51.557816180637026,0.31137513823604046,45.41355895759901
1,20260918T032850Z-b4973942,2026-09-18 03:28:50+00:00,morning,2026-09-25 15:00:00+00:00,7,60.16624936657774,92.14,31.973750633422263,-37.486121124346724,22.680128242231014
1,20260918T032850Z-b4973942,2026-09-18 03:28:50+00:00,morning,2026-09-25 16:00:00+00:00,7,65.4206459523125,69.02,3.5993540476874983,-49.67303132531664,15.747614626995855
1,20260918T032850Z-b4973942,2026-09-18 03:28:50+00:00,morning,2026-09-25 17:00:00+00:00,7,60.49695692337397,66.57,6.073043076626021,-53.25663940578943,7.240317517584543
1,20260918T032850Z-b4973942,2026-09-18 03:28:50+00:00,morning,2026-09-25 18:00:00+00:00,7,49.565459766377735,49.47,-0.09545976637773634,-49.512264375523344,0.05319539085439118
1,20260918T032850Z-b4973942,2026-09-18 03:28:50+00:00,morning,2026-09-25 19:00:00+00:00,7,46.09521503151781,35.84,-10.255215031517807,-39.21828104644629,6.876933985071517
1,20260918T032850Z-b4973942,2026-09-18 03:28:50+00:00,morning,2026-09-25 20:00:00+00:00,7,31.183969007430854,37.18,5.996030992569146,-15.160582552689204,16.023386454741647
1,20260918T032850Z-b4973942,2026-09-18 03:28:50+00:00,morning,2026-09-25 21:00:00+00:00,8,20.465341151127785,34.32,13.854658848872216,13.99004497693734,34.45538612806512
1,20260918T032850Z-b4973942,2026-09-18 03:28:50+00:00,morning,2026-09-25 22:00:00+00:00,8,30.64434668889463,25.0,-5.644346688894629,25.167659569781822,55.81200625867645
1,20260918T032850Z-b4973942,2026-09-18 03:28:50+00:00,morning,2026-09-25 23:00:00+00:00,8,25.905280412230653,25.88,-0.02528041223065358,20.607875989313275,46.513156401543924
1,20260918T032850Z-b4973942,2026-09-18 03:28:50+00:00,morning,2026-09-26 00:00:00+00:00,8,23.73942495097298,28.82,5.0805750490270185,-0.5305789355894128,23.208846015383568
1,20260918T032850Z-b4973942,2026-09-18 03:28:50+00:00,morning,2026-09-26 01:00:00+00:00,8,25.33592558777074,29.24,3.90407441222926,-0.8484264491994611,24.487499138571277
1,20260918T032850Z-b4973942,2026-09-18 03:28:50+00:00,morning,2026-09-26 02:00:00+00:00,8,25.15816070487988,29.1,3.941839295120122,25.763294571034553,50.92145527591443
1,20260918T032850Z-b4973942,2026-09-18 03:28:50+00:00,morning,2026-09-26 03:00:00+00:00,8,30.74350253975969,30.15,-0.5935025397596903,14.316432487526894,45.059935027286585
1,20260918T032850Z-b4973942,2026-09-18 03:28:50+00:00,morning,2026-09-26 04:00:00+00:00,8,43.50479968173342,32.29,-11.214799681733417,15.407381230523773,58.91218091225719
1,20260918T032850Z-b4973942,2026-09-18 03:28:50+00:00,morning,2026-09-26 05:00:00+00:00,8,55.79489833511231,30.89,-24.904898335112307,-27.129894978995516,28.66500335611679
1,20260918T032850Z-b4973942,2026-09-18 03:28:50+00:00,morning,2026-09-26 06:00:00+00:00,8,57.615771451603365,32.97,-24.645771451603366,-25.99736071925699,31.618410732346376
1,20260918T032850Z-b4973942,2026-09-18 03:28:50+00:00,morning,2026-09-26 07:00:00+00:00,8,56.0065622188082,34.57,-21.4365622188082,-25.720190864196987,30.286371354611212
1,20260918T032850Z-b4973942,2026-09-18 03:28:50+00:00,morning,2026-09-26 08:00:00+00:00,8,46.67138091097447,42.99,-3.681380910974468,11.5907335613985,58.26211447237297
1,20260918T032850Z-b4973942,2026-09-18 03:28:50+00:00,morning,2026-09-26 09:00:00+00:00,8,37.46107805553554,43.03,5.5689219444644635,-1.266507007263378,36.19457104827216
1,20260918T032850Z-b4973942,2026-09-18 03:28:50+00:00,morning,2026-09-26 10:00:00+00:00,8,34.37609436643706,29.23,-5.146094366437058,16.749428547704294,51.12552291414136
1,20260918T032850Z-b4973942,2026-09-18 03:28:50+00:00,morning,2026-09-26 11:00:00+00:00,8,31.33384025893889,19.42,-11.913840258938887,5.6938282590485585,37.02766851798745
1,20260918T032850Z-b4973942,2026-09-18 03:28:50+00:00,morning,2026-09-26 12:00:00+00:00,8,31.26921858326041,13.29,-17.979218583260412,6.435739160219585,37.704957743479994
1,20260918T032850Z-b4973942,2026-09-18 03:28:50+00:00,morning,2026-09-26 13:00:00+00:00,8,35.808491567557475,22.59,-13.218491567557475,-6.115689010871682,29.69280255668579
1,20260918T032850Z-b4973942,2026-09-18 03:28:50+00:00,morning,2026-09-26 14:00:00+00:00,8,43.73680883181106,24.99,-18.746808831811062,3.388339529841342,47.1251483616524
1,20260918T032850Z-b4973942,2026-09-18 03:28:50+00:00,morning,2026-09-26 15:00:00+00:00,8,58.11608199756268,28.93,-29.18608199756268,-23.07192027381634,35.04416172374634
1,20260918T032850Z-b4973942,2026-09-18 03:28:50+00:00,morning,2026-09-26 16:00:00+00:00,8,63.13178709355152,39.97,-23.161787093551524,-38.04617178397899,25.085615309572532
1,20260918T032850Z-b4973942,2026-09-18 03:28:50+00:00,morning,2026-09-26 17:00:00+00:00,8,58.43195063515608,38.03,-20.401950635156076,-42.56597733653165,15.865973298624425
1,20260918T032850Z-b4973942,2026-09-18 03:28:50+00:00,morning,2026-09-26 18:00:00+00:00,8,47.99731442431876,34.42,-13.577314424318757,-30.623974030890338,17.37334039342842
1,20260918T032850Z-b4973942,2026-09-18 03:28:50+00:00,morning,2026-09-26 19:00:00+00:00,8,44.68482936339623,21.72,-22.964829363396234,-26.002637994874014,18.68219136852222
1,20260918T032850Z-b4973942,2026-09-18 03:28:50+00:00,morning,2026-09-26 20:00:00+00:00,8,30.45122223270571,19.49,-10.961222232705712,-29.754667095154954,0.6965551375507566
1,20260918T032850Z-b4973942,2026-09-18 03:28:50+00:00,morning,2026-09-26 21:00:00+00:00,9,21.96815862820531,15.83,-6.138158628205309,-13.788502403756832,8.179656224448477
1,20260918T032850Z-b4973942,2026-09-18 03:28:50+00:00,morning,2026-09-26 22:00:00+00:00,9,31.66249614909739,13.08,-18.582496149097388,-6.652948194907806,25.009547954189586
1,20260918T032850Z-b4973942,2026-09-18 03:28:50+00:00,morning,2026-09-26 23:00:00+00:00,9,27.149194554827496,17.76,-9.389194554827494,-5.145386318734568,22.00380823609293
1,20260918T032850Z-b4973942,2026-09-18 03:28:50+00:00,morning,2026-09-27 00:00:00+00:00,9,25.08643629639808,14.3,-10.78643629639808,-6.6013916159500585,18.48504468044802
1,20260918T032850Z-b4973942,2026-09-18 03:28:50+00:00,morning,2026-09-27 01:00:00+00:00,9,26.60699517014388,12.81,-13.796995170143878,-6.968785083557261,19.638210086586618
1,20260918T032850Z-b4973942,2026-09-18 03:28:50+00:00,morning,2026-09-27 02:00:00+00:00,9,26.437675640154232,10.74,-15.697675640154232,-1.9684508695938823,24.46922477056035
1,20260918T032850Z-b4973942,2026-09-18 03:28:50+00:00,morning,2026-09-27 03:00:00+00:00,9,31.75710420997347,9.99,-21.767104209973468,1.878375694276799,33.63547990425027
1,20260918T032850Z-b4973942,2026-09-18 03:28:50+00:00,morning,2026-09-27 04:00:00+00:00,9,43.91073150611304,9.7,-34.210731506113035,-4.487008955599215,39.42372255051382
1,20260918T032850Z-b4973942,2026-09-18 03:28:50+00:00,morning,2026-09-27 05:00:00+00:00,9,55.61560790347061,10.0,-45.61560790347061,-44.408606579307666,11.207001324162945
1,20260918T032850Z-b4973942,2026-09-18 03:28:50+00:00,morning,2026-09-27 06:00:00+00:00,9,57.34983333809368,9.99,-47.35983333809368,-43.27607231956913,14.07376101852455
1,20260918T032850Z-b4973942,2026-09-18 03:28:50+00:00,morning,2026-09-27 07:00:00+00:00,9,55.8171357812421,39.62,-16.197135781242103,-45.91519834437552,9.901937436866582
1,20260918T032850Z-b4973942,2026-09-18 03:28:50+00:00,morning,2026-09-27 08:00:00+00:00,9,46.92655630377861,29.81,-17.116556303778612,-7.278724491759247,39.64783181201936
1,20260918T032850Z-b4973942,2026-09-18 03:28:50+00:00,morning,2026-09-27 09:00:00+00:00,9,38.1548856045635,19.49,-18.664885604563505,-17.22615967503436,20.928725929529143
1,20260918T032850Z-b4973942,2026-09-18 03:28:50+00:00,morning,2026-09-27 10:00:00+00:00,9,35.21675488588128,19.49,-15.726754885881281,-17.247815365020898,17.96893952086038
1,20260918T032850Z-b4973942,2026-09-18 03:28:50+00:00,morning,2026-09-27 11:00:00+00:00,9,32.319301209392535,19.9,-12.419301209392536,-28.153950409991175,4.165350799401359
1,20260918T032850Z-b4973942,2026-09-18 03:28:50+00:00,morning,2026-09-27 12:00:00+00:00,9,32.25771836763938,16.35,-15.907718367639376,-28.22203739584117,4.035680971798207
1,20260918T032850Z-b4973942,2026-09-18 03:28:50+00:00,morning,2026-09-27 13:00:00+00:00,9,36.58090593968454,19.99,-16.590905939684543,-27.7704987698988,8.81040716978574
1,20260918T032850Z-b4973942,2026-09-18 03:28:50+00:00,morning,2026-09-27 14:00:00+00:00,9,44.13161154369929,21.99,-22.141611543699295,-22.079686808725043,22.05192473497425
1,20260918T032850Z-b4973942,2026-09-18 03:28:50+00:00,morning,2026-09-27 15:00:00+00:00,9,57.826339330479854,38.73,-19.096339330479857,-51.9050201899996,5.921319140480257
1,20260918T032850Z-b4973942,2026-09-18 03:28:50+00:00,morning,2026-09-27 16:00:00+00:00,9,62.60319444975332,47.2,-15.403194449753315,-61.22900900168022,1.3741854480730993
1,20260918T032850Z-b4973942,2026-09-18 03:28:50+00:00,morning,2026-09-27 17:00:00+00:00,9,58.12716991833896,43.76,-14.36716991833896,-61.42178005165173,-3.294610133312773
1,20260918T032850Z-b4973942,2026-09-18 03:28:50+00:00,morning,2026-09-27 18:00:00+00:00,9,48.1894225560993,37.3,-10.889422556099305,-40.46713595987565,7.722286596223654
1,20260918T032850Z-b4973942,2026-09-18 03:28:50+00:00,morning,2026-09-27 19:00:00+00:00,9,45.03463246615614,33.57,-11.46463246615614,-32.007396433614694,13.027236032541445
1,20260918T032850Z-b4973942,2026-09-18 03:28:50+00:00,morning,2026-09-27 20:00:00+00:00,9,31.478823017107697,32.18,0.7011769828923029,-34.930820372473484,-3.451997355365787
1,20260918T032850Z-b4973942,2026-09-18 03:28:50+00:00,morning,2026-09-27 21:00:00+00:00,10,24.99141221556085,19.54,-5.45141221556085,10.896088596765537,35.88750081232639
1,20260918T032850Z-b4973942,2026-09-18 03:28:50+00:00,morning,2026-09-27 22:00:00+00:00,10,34.20109886487114,21.96,-12.241098864871141,19.68508991982958,53.88618878470072
1,20260918T032850Z-b4973942,2026-09-18 03:28:50+00:00,morning,2026-09-27 23:00:00+00:00,10,29.91340430108478,9.64,-20.273404301084778,14.062193438603817,43.975597739688595
1,20260918T032850Z-b4973942,2026-09-18 03:28:50+00:00,morning,2026-09-28 00:00:00+00:00,10,27.953776868958805,6.88,-21.073776868958806,1.5491381124742645,29.50291498143307
1,20260918T032850Z-b4973942,2026-09-18 03:28:50+00:00,morning,2026-09-28 01:00:00+00:00,10,29.398253679678923,5.03,-24.368253679678922,5.349053004938882,34.747306684617804
1,20260918T032850Z-b4973942,2026-09-18 03:28:50+00:00,morning,2026-09-28 02:00:00+00:00,10,29.237367275874675,4.09,-25.147367275874675,7.765970105875678,37.003337381750356
1,20260918T032850Z-b4973942,2026-09-18 03:28:50+00:00,morning,2026-09-28 03:00:00+00:00,10,34.29088360637293,4.78,-29.51088360637293,15.776407760827675,50.0672913672006
1,20260918T032850Z-b4973942,2026-09-18 03:28:50+00:00,morning,2026-09-28 04:00:00+00:00,10,45.83687610342591,6.33,-39.50687610342591,16.513873174152916,62.35074927757883
1,20260918T032850Z-b4973942,2026-09-18 03:28:50+00:00,morning,2026-09-28 05:00:00+00:00,10,56.95653778363008,12.95,-44.00653778363008,35.14766182618924,92.10419960981932
1,20260918T032850Z-b4973942,2026-09-18 03:28:50+00:00,morning,2026-09-28 06:00:00+00:00,10,58.60403962124059,15.02,-43.58403962124059,36.28019608592776,94.88423570716836
1,20260918T032850Z-b4973942,2026-09-18 03:28:50+00:00,morning,2026-09-28 07:00:00+00:00,10,57.14804509372179,13.23,-43.91804509372179,32.09939288519555,89.24743797891733
1,20260918T032850Z-b4973942,2026-09-18 03:28:50+00:00,morning,2026-09-28 08:00:00+00:00,10,48.7019417250896,6.55,-42.1519417250896,19.99973964348018,68.70168136856978
1,20260918T032850Z-b4973942,2026-09-18 03:28:50+00:00,morning,2026-09-28 09:00:00+00:00,10,40.36883619886676,5.4,-34.96883619886676,18.193278763945525,58.56211496281229
1,20260918T032850Z-b4973942,2026-09-18 03:28:50+00:00,morning,2026-09-28 10:00:00+00:00,10,37.57766550996861,3.67,-33.90766550996861,17.70195223170589,55.2796177416745
1,20260918T032850Z-b4973942,2026-09-18 03:28:50+00:00,morning,2026-09-28 11:00:00+00:00,10,34.8251268434199,3.56,-31.265126843419903,10.195070408769968,45.020197252189874
1,20260918T032850Z-b4973942,2026-09-18 03:28:50+00:00,morning,2026-09-28 12:00:00+00:00,10,34.7665762175949,3.76,-31.006576217594905,4.799244516493238,39.56582073408814
1,20260918T032850Z-b4973942,2026-09-18 03:28:50+00:00,morning,2026-09-28 13:00:00+00:00,10,38.87349244032979,3.87,-35.003492440329794,5.442408528464806,44.315900968794594
1,20260918T032850Z-b4973942,2026-09-18 03:28:50+00:00,morning,2026-09-28 14:00:00+00:00,10,46.046596077142425,5.0,-41.046596077142425,-13.337113604794665,32.70948247234776
1,20260918T032850Z-b4973942,2026-09-18 03:28:50+00:00,morning,2026-09-28 15:00:00+00:00,10,59.05642094969957,8.3,-50.756420949699574,3.6342442418018654,62.69066519150144
1,20260918T032850Z-b4973942,2026-09-18 03:28:50+00:00,morning,2026-09-28 16:00:00+00:00,10,63.59434383406405,8.33,-55.26434383406405,-2.8080084993384213,60.78633533472563
1,20260918T032850Z-b4973942,2026-09-18 03:28:50+00:00,morning,2026-09-28 17:00:00+00:00,10,59.34202542184198,8.56,-50.78202542184198,-10.177787384567354,49.16423803727463
1,20260918T032850Z-b4973942,2026-09-18 03:28:50+00:00,morning,2026-09-28 18:00:00+00:00,10,49.90128718944428,6.43,-43.47128718944428,-39.15171045834756,10.749576731096724
1,20260918T032850Z-b4973942,2026-09-18 03:28:50+00:00,morning,2026-09-28 19:00:00+00:00,10,46.90425116162834,5.7,-41.204251161628335,-29.223357261990667,17.68089389963767
1,20260918T032850Z-b4973942,2026-09-18 03:28:50+00:00,morning,2026-09-28 20:00:00+00:00,10,34.026366682372355,9.04,-24.986366682372356,-19.73273782045056,14.293628861921796
1,20260918T032850Z-b4973942,2026-09-18 03:28:50+00:00,morning,2026-09-28 21:00:00+00:00,11,26.4144601871592,5.29,-21.1244601871592,1.3468064710603078,27.76126665821951
1,20260918T032850Z-b4973942,2026-09-18 03:28:50+00:00,morning,2026-09-28 22:00:00+00:00,11,35.13937467847026,5.0,-30.13937467847026,8.816866719139462,43.95624139760972
1,20260918T032850Z-b4973942,2026-09-18 03:28:50+00:00,morning,2026-09-28 23:00:00+00:00,11,31.07733609294187,4.0,-27.07733609294187,7.4293906555782305,38.5067267485201
1,20260918T032850Z-b4973942,2026-09-18 03:28:50+00:00,morning,2026-09-29 00:00:00+00:00,11,29.22104242981766,5.02,-24.20104242981766,8.339530119306566,37.56057254912423
1,20260918T032850Z-b4973942,2026-09-18 03:28:50+00:00,morning,2026-09-29 01:00:00+00:00,11,30.58951232727929,7.38,-23.209512327279292,7.719253943642655,38.30876627092194
1,20260918T032850Z-b4973942,2026-09-18 03:28:50+00:00,morning,2026-09-29 02:00:00+00:00,11,30.437158388242,9.03,-21.407158388242003,23.183590290967196,53.6207486792092
1,20260918T032850Z-b4973942,2026-09-18 03:28:50+00:00,morning,2026-09-29 03:00:00+00:00,11,35.22457713986479,21.79,-13.434577139864793,38.80585096576189,74.03042810562668
1,20260918T032850Z-b4973942,2026-09-18 03:28:50+00:00,morning,2026-09-29 04:00:00+00:00,11,46.16274679520365,22.06,-24.102746795203654,27.848024614583746,74.0107714097874
1,20260918T032850Z-b4973942,2026-09-18 03:28:50+00:00,morning,2026-09-29 05:00:00+00:00,11,56.69713186951324,39.91,-16.787131869513246,37.98059493159698,94.67772680111023
1,20260918T032850Z-b4973942,2026-09-18 03:28:50+00:00,morning,2026-09-29 06:00:00+00:00,11,58.257992944826434,89.88,31.62200705517356,41.151634547762676,99.40962749258911
1,20260918T032850Z-b4973942,2026-09-18 03:28:50+00:00,morning,2026-09-29 07:00:00+00:00,11,56.87857562521265,93.85,36.97142437478735,39.18909266565677,96.06766829086942
1,20260918T032850Z-b4973942,2026-09-18 03:28:50+00:00,morning,2026-09-29 08:00:00+00:00,11,48.87696875155198,114.2,65.32303124844802,27.089439423941382,75.96640817549336
1,20260918T032850Z-b4973942,2026-09-18 03:28:50+00:00,morning,2026-09-29 09:00:00+00:00,11,40.98234175137068,110.26,69.27765824862932,-0.06853735894746975,40.913804392423216
1,20260918T032850Z-b4973942,2026-09-18 03:28:50+00:00,morning,2026-09-29 10:00:00+00:00,11,38.33797211827334,105.26,66.92202788172666,-3.329710421445035,35.008261696828306
1,20260918T032850Z-b4973942,2026-09-18 03:28:50+00:00,morning,2026-09-29 11:00:00+00:00,11,35.73024239060679,98.44,62.70975760939321,-4.5472866338685085,31.18295575673828
1,20260918T032850Z-b4973942,2026-09-18 03:28:50+00:00,morning,2026-09-29 12:00:00+00:00,11,35.67484879327005,98.33,62.65515120672995,-11.036717509257183,24.638131284012868
1,20260918T032850Z-b4973942,2026-09-18 03:28:50+00:00,morning,2026-09-29 13:00:00+00:00,11,39.565784370566384,103.95,64.38421562943361,-11.60484933330962,27.960935037256764
1,20260918T032850Z-b4973942,2026-09-18 03:28:50+00:00,morning,2026-09-29 14:00:00+00:00,11,46.3615293314781,108.8,62.438470668521894,-26.736285585219765,19.625243746258338
1,20260918T032850Z-b4973942,2026-09-18 03:28:50+00:00,morning,2026-09-29 15:00:00+00:00,11,58.68679482117117,124.08,65.39320517882882,-10.199964355459835,48.486830465711336
1,20260918T032850Z-b4973942,2026-09-18 03:28:50+00:00,morning,2026-09-29 16:00:00+00:00,11,62.98591026205029,115.85,52.864089737949705,-17.439015906171296,45.54689435587899
1,20260918T032850Z-b4973942,2026-09-18 03:28:50+00:00,morning,2026-09-29 17:00:00+00:00,11,58.95745571687504,57.39,-1.5674557168750383,-20.40785946321959,38.54959625365545
1,20260918T032850Z-b4973942,2026-09-18 03:28:50+00:00,morning,2026-09-29 18:00:00+00:00,11,50.01361202245852,56.25,6.236387977541483,-50.912995753688506,-0.8993837312299888
1,20260918T032850Z-b4973942,2026-09-18 03:28:50+00:00,morning,2026-09-29 19:00:00+00:00,11,47.17432953212742,28.49,-18.684329532127425,-41.04284041073939,6.131489121388036
1,20260918T032850Z-b4973942,2026-09-18 03:28:50+00:00,morning,2026-09-29 20:00:00+00:00,11,34.974227032589184,39.0,4.025772967410816,-31.471597536943726,3.502629495645458
1,20260918T132436Z-06a2d898,2026-09-18 13:24:36+00:00,afternoon,2026-09-19 21:00:00+00:00,2,-23.13405626644869,1.99,25.12405626644869,29.859906579263633,6.725850312814941
1,20260918T132436Z-06a2d898,2026-09-18 13:24:36+00:00,afternoon,2026-09-19 22:00:00+00:00,2,-14.486777319080264,0.01,14.496777319080264,30.300944615218175,15.81416729613791
1,20260918T132436Z-06a2d898,2026-09-18 13:24:36+00:00,afternoon,2026-09-19 23:00:00+00:00,2,-21.20684837171185,-0.02,21.18684837171185,32.16938032740359,10.962531955691738
1,20260918T132436Z-06a2d898,2026-09-18 13:24:36+00:00,afternoon,2026-09-20 00:00:00+00:00,2,-24.36624310855396,-0.09,24.27624310855396,33.41039529912892,9.044152190574962
1,20260918T132436Z-06a2d898,2026-09-18 13:24:36+00:00,afternoon,2026-09-20 01:00:00+00:00,2,-23.16157995065921,-0.2,22.96157995065921,33.41448069548911,10.252900744829901
1,20260918T132436Z-06a2d898,2026-09-18 13:24:36+00:00,afternoon,2026-09-20 02:00:00+00:00,2,-23.328014161185536,-0.21,23.118014161185535,32.89889048546472,9.570876324279183
1,20260918T132436Z-06a2d898,2026-09-18 13:24:36+00:00,afternoon,2026-09-20 03:00:00+00:00,2,-17.038901003290796,-0.21,16.828901003290795,43.3842878085678,26.345386805277002
1,20260918T132436Z-06a2d898,2026-09-18 13:24:36+00:00,afternoon,2026-09-20 04:00:00+00:00,2,-1.7504358540488545,-0.08,1.6704358540488544,34.89270181438955,33.142265960340694
1,20260918T132436Z-06a2d898,2026-09-18 13:24:36+00:00,afternoon,2026-09-20 05:00:00+00:00,2,13.222540461740612,0.0,-13.222540461740612,18.07867016972102,31.30121063146163
1,20260918T132436Z-06a2d898,2026-09-18 13:24:36+00:00,afternoon,2026-09-20 06:00:00+00:00,2,16.24755361963535,0.81,-15.43755361963535,12.91376411935772,29.16131773899307
1,20260918T132436Z-06a2d898,2026-09-18 13:24:36+00:00,afternoon,2026-09-20 07:00:00+00:00,2,16.066890461740613,1.49,-14.576890461740613,8.041624369603042,24.108514831343655
1,20260918T132436Z-06a2d898,2026-09-18 13:24:36+00:00,afternoon,2026-09-20 08:00:00+00:00,2,7.377500988056401,0.0,-7.377500988056401,14.879369291726235,22.256870279782635
1,20260918T132436Z-06a2d898,2026-09-18 13:24:36+00:00,afternoon,2026-09-20 09:00:00+00:00,2,-1.5818253277330665,0.23,1.8118253277330665,14.999552163846335,13.41772683611327
1,20260918T132436Z-06a2d898,2026-09-18 13:24:36+00:00,afternoon,2026-09-20 10:00:00+00:00,2,-4.462506906680432,0.15,4.612506906680433,13.427254855688862,8.96474794900843
1,20260918T132436Z-06a2d898,2026-09-18 13:24:36+00:00,afternoon,2026-09-20 11:00:00+00:00,2,-6.578733222469903,0.13,6.708733222469903,9.74152876194722,3.162795539477318
1,20260918T132436Z-06a2d898,2026-09-18 13:24:36+00:00,afternoon,2026-09-20 12:00:00+00:00,2,-4.530535854048851,0.41,4.940535854048851,10.940531634149597,6.409995780100746
1,20260918T132436Z-06a2d898,2026-09-18 13:24:36+00:00,afternoon,2026-09-20 13:00:00+00:00,2,3.009000988056413,1.51,-1.499000988056413,4.773123146290901,7.782124134347314
1,20260918T132436Z-06a2d898,2026-09-18 13:24:36+00:00,afternoon,2026-09-20 14:00:00+00:00,2,15.572185198582725,3.49,-12.082185198582724,-3.3290900292839964,12.243095169298728
1,20260918T132436Z-06a2d898,2026-09-18 13:24:36+00:00,afternoon,2026-09-20 15:00:00+00:00,2,34.781822040687985,7.12,-27.661822040687984,-19.27924592687202,15.502576113815966
1,20260918T132436Z-06a2d898,2026-09-18 13:24:36+00:00,afternoon,2026-09-20 16:00:00+00:00,2,43.82045888279326,11.04,-32.78045888279326,-47.35819733036558,-3.537738447572316
1,20260918T132436Z-06a2d898,2026-09-18 13:24:36+00:00,afternoon,2026-09-20 17:00:00+00:00,2,41.07324455659567,24.83,-16.24324455659567,-7.550986495259545,33.522258061336125
1,20260918T132436Z-06a2d898,2026-09-18 13:24:36+00:00,afternoon,2026-09-20 18:00:00+00:00,2,30.099767417761832,38.87,8.770232582238165,4.274526270060738,34.37429368782257
1,20260918T132436Z-06a2d898,2026-09-18 13:24:36+00:00,afternoon,2026-09-20 19:00:00+00:00,2,28.25566201387748,38.14,9.884337986122521,13.751705896825763,42.007367910703245
1,20260918T132436Z-06a2d898,2026-09-18 13:24:36+00:00,afternoon,2026-09-20 20:00:00+00:00,2,14.358951487561672,34.69,20.331048512438326,18.30948402491164,32.66843551247331
1,20260918T132436Z-06a2d898,2026-09-18 13:24:36+00:00,afternoon,2026-09-20 21:00:00+00:00,3,5.775504119140626,25.51,19.734495880859377,57.790395031991046,63.565899151131674
1,20260918T132436Z-06a2d898,2026-09-18 13:24:36+00:00,afternoon,2026-09-20 22:00:00+00:00,3,17.938333066509053,15.58,-2.3583330665090525,65.91225251057872,83.85058557708777
1,20260918T132436Z-06a2d898,2026-09-18 13:24:36+00:00,afternoon,2026-09-20 23:00:00+00:00,3,12.880162013877476,10.3,-2.580162013877475,60.09349111188898,72.97365312576646
1,20260918T132436Z-06a2d898,2026-09-18 13:24:36+00:00,afternoon,2026-09-21 00:00:00+00:00,3,11.31601727703536,8.54,-2.7760172770353613,71.64536245413801,82.96137973117337
1,20260918T132436Z-06a2d898,2026-09-18 13:24:36+00:00,afternoon,2026-09-21 01:00:00+00:00,3,14.9975304349301,9.79,-5.207530434930101,70.23125431584248,85.22878475077258
1,20260918T132436Z-06a2d898,2026-09-18 13:24:36+00:00,afternoon,2026-09-21 02:00:00+00:00,3,17.946096224403785,8.1,-9.846096224403786,70.69845073043916,88.64454695484295
1,20260918T132436Z-06a2d898,2026-09-18 13:24:36+00:00,afternoon,2026-09-21 03:00:00+00:00,3,28.963609382298525,51.64,22.676390617701475,80.58405944841552,109.54766883071404
1,20260918T132436Z-06a2d898,2026-09-18 13:24:36+00:00,afternoon,2026-09-21 04:00:00+00:00,3,47.49214340296491,107.91,60.41785659703508,67.87247101147118,115.36461441443609
1,20260918T132436Z-06a2d898,2026-09-18 13:24:36+00:00,afternoon,2026-09-21 05:00:00+00:00,3,62.33216971875439,145.41,83.07783028124561,85.0044631403272,147.3366328590816
1,20260918T132436Z-06a2d898,2026-09-18 13:24:36+00:00,afternoon,2026-09-21 06:00:00+00:00,3,63.19718287664913,146.57,83.37281712335087,91.58020906507431,154.77739194172344
1,20260918T132436Z-06a2d898,2026-09-18 13:24:36+00:00,afternoon,2026-09-21 07:00:00+00:00,3,60.14691971875439,120.04,59.89308028124562,84.80369497927391,144.9506146980283
1,20260918T132436Z-06a2d898,2026-09-18 13:24:36+00:00,afternoon,2026-09-21 08:00:00+00:00,3,48.25813024507019,73.19,24.931869754929807,87.3690809641037,135.62721120917388
1,20260918T132436Z-06a2d898,2026-09-18 13:24:36+00:00,afternoon,2026-09-21 09:00:00+00:00,3,36.803353929280725,25.19,-11.613353929280724,57.439717611658544,94.24307154093927
1,20260918T132436Z-06a2d898,2026-09-18 13:24:36+00:00,afternoon,2026-09-21 10:00:00+00:00,3,30.86447235033334,15.75,-15.11447235033334,54.654736313794025,85.51920866412736
1,20260918T132436Z-06a2d898,2026-09-18 13:24:36+00:00,afternoon,2026-09-21 11:00:00+00:00,3,25.236446034543867,11.59,-13.646446034543867,45.47192662969521,70.70837266423908
1,20260918T132436Z-06a2d898,2026-09-18 13:24:36+00:00,afternoon,2026-09-21 12:00:00+00:00,3,22.656143402964933,13.07,-9.586143402964932,40.40749295897447,63.0636363619394
1,20260918T132436Z-06a2d898,2026-09-18 13:24:36+00:00,afternoon,2026-09-21 13:00:00+00:00,3,26.05763024507019,11.01,-15.04763024507019,41.5868109040006,67.64444114907079
1,20260918T132436Z-06a2d898,2026-09-18 13:24:36+00:00,afternoon,2026-09-21 14:00:00+00:00,3,32.29621431305716,10.52,-21.776214313057164,49.22944925739954,81.5256635704567
1,20260918T132436Z-06a2d898,2026-09-18 13:24:36+00:00,afternoon,2026-09-21 15:00:00+00:00,3,48.635620938271884,12.91,-35.72562093827189,51.91294532020659,100.54856625847847
1,20260918T132436Z-06a2d898,2026-09-18 13:24:36+00:00,afternoon,2026-09-21 16:00:00+00:00,3,53.23398763891935,52.81,-0.42398763891934976,46.46480112821112,99.69878876713048
1,20260918T132436Z-06a2d898,2026-09-18 13:24:36+00:00,afternoon,2026-09-21 17:00:00+00:00,3,46.63914121883693,36.43,-10.209141218836933,34.81253512055099,81.45167633938792
1,20260918T132436Z-06a2d898,2026-09-18 13:24:36+00:00,afternoon,2026-09-21 18:00:00+00:00,3,32.45255583502722,35.78,3.327444164972782,27.66325538137372,60.11581121640094
1,20260918T132436Z-06a2d898,2026-09-18 13:24:36+00:00,afternoon,2026-09-21 19:00:00+00:00,3,27.49012513852593,24.99,-2.500125138525931,18.184304633287578,45.67442977181351
1,20260918T132436Z-06a2d898,2026-09-18 13:24:36+00:00,afternoon,2026-09-21 20:00:00+00:00,3,10.15474897194617,24.75,14.59525102805383,12.064891150784817,22.219640122730986
1,20260918T132436Z-06a2d898,2026-09-18 13:24:36+00:00,afternoon,2026-09-21 21:00:00+00:00,4,-2.707772938530093,24.99,27.697772938530093,36.867987302536385,34.16021436400629
1,20260918T132436Z-06a2d898,2026-09-18 13:24:36+00:00,afternoon,2026-09-21 22:00:00+00:00,4,8.589903431636436,20.01,11.420096568363565,43.044525143315894,51.63442857495233
1,20260918T132436Z-06a2d898,2026-09-18 13:24:36+00:00,afternoon,2026-09-21 23:00:00+00:00,4,2.5803325773034445,23.05,20.469667422696556,39.031003025009774,41.61133560231322
1,20260918T132436Z-06a2d898,2026-09-18 13:24:36+00:00,afternoon,2026-09-22 00:00:00+00:00,4,-0.6431004695579752,23.78,24.423100469557976,46.71659333722386,46.07349286766589
1,20260918T132436Z-06a2d898,2026-09-18 13:24:36+00:00,afternoon,2026-09-22 01:00:00+00:00,4,0.8042759018707031,24.56,23.755724098129296,41.77884668853836,42.58312259040906
1,20260918T132436Z-06a2d898,2026-09-18 13:24:36+00:00,afternoon,2026-09-22 02:00:00+00:00,4,0.978139094630766,27.64,26.661860905369235,57.47511530260665,58.453254397237416
1,20260918T132436Z-06a2d898,2026-09-18 13:24:36+00:00,afternoon,2026-09-22 03:00:00+00:00,4,7.804803748497075,26.95,19.145196251502924,67.0717701538253,74.87657390232238
1,20260918T132436Z-06a2d898,2026-09-18 13:24:36+00:00,afternoon,2026-09-22 04:00:00+00:00,4,23.155375944934185,86.11,62.954624055065814,59.47472521096931,82.6301011559035
1,20260918T132436Z-06a2d898,2026-09-18 13:24:36+00:00,afternoon,2026-09-22 05:00:00+00:00,4,38.03406343040624,156.22,118.18593656959376,61.576653803165655,99.6107172335719
1,20260918T132436Z-06a2d898,2026-09-18 13:24:36+00:00,afternoon,2026-09-22 06:00:00+00:00,4,40.63229169464736,207.86,167.22770830535265,73.3568411917699,113.98913288641725
1,20260918T132436Z-06a2d898,2026-09-18 13:24:36+00:00,afternoon,2026-09-22 07:00:00+00:00,4,39.8757409558368,224.97,185.0942590441632,86.65363606295196,126.52937701878875
1,20260918T132436Z-06a2d898,2026-09-18 13:24:36+00:00,afternoon,2026-09-22 08:00:00+00:00,4,30.880781266220534,179.63,148.74921873377946,92.08121368308628,122.96199494930681
1,20260918T132436Z-06a2d898,2026-09-18 13:24:36+00:00,afternoon,2026-09-22 09:00:00+00:00,4,21.01604047431091,156.89,135.8739595256891,45.58387980904981,66.59992028336072
1,20260918T132436Z-06a2d898,2026-09-18 13:24:36+00:00,afternoon,2026-09-22 10:00:00+00:00,4,17.69665513840588,125.42,107.72334486159411,50.41856730260607,68.11522244101195
1,20260918T132436Z-06a2d898,2026-09-18 13:24:36+00:00,afternoon,2026-09-22 11:00:00+00:00,4,14.53640677572023,117.28,102.74359322427978,39.39661975259502,53.93302652831525
1,20260918T132436Z-06a2d898,2026-09-18 13:24:36+00:00,afternoon,2026-09-22 12:00:00+00:00,4,14.932915067635824,115.57,100.63708493236417,29.83604742004486,44.76896248768068
1,20260918T132436Z-06a2d898,2026-09-18 13:24:36+00:00,afternoon,2026-09-22 13:00:00+00:00,4,22.30889390816149,128.32,106.0111060918385,27.540465610460274,49.84935951862177
1,20260918T132436Z-06a2d898,2026-09-18 13:24:36+00:00,afternoon,2026-09-22 14:00:00+00:00,4,33.05268686792311,148.28,115.22731313207689,27.992180718771525,61.044867586694636
1,20260918T132436Z-06a2d898,2026-09-18 13:24:36+00:00,afternoon,2026-09-22 15:00:00+00:00,4,51.23637024139413,165.16,113.92362975860587,27.50970252021225,78.74607276160637
1,20260918T132436Z-06a2d898,2026-09-18 13:24:36+00:00,afternoon,2026-09-22 16:00:00+00:00,4,58.49192351120473,245.59,187.09807648879527,25.035253781547212,83.52717729275194
1,20260918T132436Z-06a2d898,2026-09-18 13:24:36+00:00,afternoon,2026-09-22 17:00:00+00:00,4,53.05334778684524,334.63,281.5766522131548,14.330891278634407,67.38423906547965
1,20260918T132436Z-06a2d898,2026-09-18 13:24:36+00:00,afternoon,2026-09-22 18:00:00+00:00,4,38.820440483567694,256.39,217.5695595164323,21.800288730738213,60.62072921430591
1,20260918T132436Z-06a2d898,2026-09-18 13:24:36+00:00,afternoon,2026-09-22 19:00:00+00:00,4,33.762217312484054,194.5,160.73778268751596,21.603690414167563,55.36590772665161
1,20260918T132436Z-06a2d898,2026-09-18 13:24:36+00:00,afternoon,2026-09-22 20:00:00+00:00,4,16.593318060215633,148.0,131.40668193978436,25.93045252998426,42.523770590199895
1,20260918T132436Z-06a2d898,2026-09-18 13:24:36+00:00,afternoon,2026-09-22 21:00:00+00:00,5,6.075209924958885,101.7,95.62479007504112,41.456419758741795,47.53162968370068
1,20260918T132436Z-06a2d898,2026-09-18 13:24:36+00:00,afternoon,2026-09-22 22:00:00+00:00,5,17.00588051022992,136.26,119.25411948977006,45.71869450470136,62.72457501493128
1,20260918T132436Z-06a2d898,2026-09-18 13:24:36+00:00,afternoon,2026-09-22 23:00:00+00:00,5,10.974804410428172,124.31,113.33519558957182,49.23718849755325,60.21199290798142
1,20260918T132436Z-06a2d898,2026-09-18 13:24:36+00:00,afternoon,2026-09-23 00:00:00+00:00,5,8.074986538301435,123.74,115.66501346169856,53.90945449180336,61.98444103010479
1,20260918T132436Z-06a2d898,2026-09-18 13:24:36+00:00,afternoon,2026-09-23 01:00:00+00:00,5,9.699216110549555,102.58,92.88078388945044,55.00729615967596,64.70651227022552
1,20260918T132436Z-06a2d898,2026-09-18 13:24:36+00:00,afternoon,2026-09-23 02:00:00+00:00,5,9.379233608902457,102.57,93.19076639109754,59.52541377409532,68.90464738299778
1,20260918T132436Z-06a2d898,2026-09-18 13:24:36+00:00,afternoon,2026-09-23 03:00:00+00:00,5,15.451934856667124,133.32,117.86806514333287,57.92321664710617,73.3751515037733
1,20260918T132436Z-06a2d898,2026-09-18 13:24:36+00:00,afternoon,2026-09-23 04:00:00+00:00,5,29.73466043958173,157.85,128.11533956041825,55.799652317895266,85.534312757477
1,20260918T132436Z-06a2d898,2026-09-18 13:24:36+00:00,afternoon,2026-09-23 05:00:00+00:00,5,43.384358813222725,169.2,125.81564118677727,43.17856800133821,86.56292681456094
1,20260918T132436Z-06a2d898,2026-09-18 13:24:36+00:00,afternoon,2026-09-23 06:00:00+00:00,5,45.03186170734994,177.54,132.50813829265005,33.587685760079324,78.61954746742927
1,20260918T132436Z-06a2d898,2026-09-18 13:24:36+00:00,afternoon,2026-09-23 07:00:00+00:00,5,43.15802000787613,170.34,127.18197999212387,40.62447775385508,83.78249776173121
1,20260918T132436Z-06a2d898,2026-09-18 13:24:36+00:00,afternoon,2026-09-23 08:00:00+00:00,5,33.421427550111886,152.65,119.22857244988812,42.21574666138008,75.63717421149197
1,20260918T132436Z-06a2d898,2026-09-18 13:24:36+00:00,afternoon,2026-09-23 09:00:00+00:00,5,23.822938764791573,135.29,111.46706123520842,33.83363506004667,57.65657382483824
1,20260918T132436Z-06a2d898,2026-09-18 13:24:36+00:00,afternoon,2026-09-23 10:00:00+00:00,5,20.603323314242104,128.59,107.9866766857579,35.477381447069604,56.08070476131171
1,20260918T132436Z-06a2d898,2026-09-18 13:24:36+00:00,afternoon,2026-09-23 11:00:00+00:00,5,18.339250330420292,121.9,103.5607496695797,31.48680931363183,49.82605964405212
1,20260918T132436Z-06a2d898,2026-09-18 13:24:36+00:00,afternoon,2026-09-23 12:00:00+00:00,5,19.683887534311165,121.77,102.08611246568883,10.799699594104238,30.4835871284154
1,20260918T132436Z-06a2d898,2026-09-18 13:24:36+00:00,afternoon,2026-09-23 13:00:00+00:00,5,26.83873386173856,123.39,96.55126613826144,8.386122895383322,35.224856757121884
1,20260918T132436Z-06a2d898,2026-09-18 13:24:36+00:00,afternoon,2026-09-23 14:00:00+00:00,5,36.5240639597696,132.85,96.3259360402304,7.357973844558211,43.88203780432781
1,20260918T132436Z-06a2d898,2026-09-18 13:24:36+00:00,afternoon,2026-09-23 15:00:00+00:00,5,53.01519512903572,161.44,108.42480487096428,-11.732923191443868,41.28227193759185
1,20260918T132436Z-06a2d898,2026-09-18 13:24:36+00:00,afternoon,2026-09-23 16:00:00+00:00,5,58.869670435114266,201.7,142.83032956488572,-35.7912624286816,23.078408006432667
1,20260918T132436Z-06a2d898,2026-09-18 13:24:36+00:00,afternoon,2026-09-23 17:00:00+00:00,5,51.86790272627817,154.84,102.97209727372183,-28.968193589319668,22.8997091369585
1,20260918T132436Z-06a2d898,2026-09-18 13:24:36+00:00,afternoon,2026-09-23 18:00:00+00:00,5,36.93316400332559,147.72,110.78683599667441,1.7701594906981102,38.7033234940237
1,20260918T132436Z-06a2d898,2026-09-18 13:24:36+00:00,afternoon,2026-09-23 19:00:00+00:00,5,30.86411181131177,70.09,39.22588818868823,3.674312721025266,34.53842453233703
1,20260918T132436Z-06a2d898,2026-09-18 13:24:36+00:00,afternoon,2026-09-23 20:00:00+00:00,5,14.515493669316436,39.04,24.524506330683565,19.77642669257785,34.291920361894284
1,20260918T132436Z-06a2d898,2026-09-18 13:24:36+00:00,afternoon,2026-09-23 21:00:00+00:00,6,4.559293318521746,35.5,30.940706681478254,39.31587667697488,43.87516999549663
1,20260918T132436Z-06a2d898,2026-09-18 13:24:36+00:00,afternoon,2026-09-23 22:00:00+00:00,6,14.707127698749677,101.35,86.64287230125032,37.39093935855926,52.09806705730894
1,20260918T132436Z-06a2d898,2026-09-18 13:24:36+00:00,afternoon,2026-09-23 23:00:00+00:00,6,8.937554246236282,103.88,94.9424457537637,34.87305684702868,43.81061109326496
1,20260918T132436Z-06a2d898,2026-09-18 13:24:36+00:00,afternoon,2026-09-24 00:00:00+00:00,6,5.707982878128183,110.9,105.19201712187183,28.9174649519925,34.625447830120685
1,20260918T132436Z-06a2d898,2026-09-18 13:24:36+00:00,afternoon,2026-09-24 01:00:00+00:00,6,7.536732978058376,100.73,93.19326702194162,39.07930464032833,46.616037618386706
1,20260918T132436Z-06a2d898,2026-09-18 13:24:36+00:00,afternoon,2026-09-24 02:00:00+00:00,6,7.252897057254854,97.77,90.51710294274514,40.087440695484055,47.34033775273891
1,20260918T132436Z-06a2d898,2026-09-18 13:24:36+00:00,afternoon,2026-09-24 03:00:00+00:00,6,12.618620805061669,106.85,94.23137919493833,32.91506695550747,45.53368776056914
1,20260918T132436Z-06a2d898,2026-09-18 13:24:36+00:00,afternoon,2026-09-24 04:00:00+00:00,6,26.857961869937817,119.34,92.4820381300622,29.56019621731413,56.418158087251946
1,20260918T132436Z-06a2d898,2026-09-18 13:24:36+00:00,afternoon,2026-09-24 05:00:00+00:00,6,39.91699496823384,173.34,133.42300503176617,14.64188560757477,54.55888057580861
1,20260918T132436Z-06a2d898,2026-09-18 13:24:36+00:00,afternoon,2026-09-24 06:00:00+00:00,6,42.08951107283934,227.37,185.28048892716066,12.541754492883747,54.63126556572309
1,20260918T132436Z-06a2d898,2026-09-18 13:24:36+00:00,afternoon,2026-09-24 07:00:00+00:00,6,40.37014794113181,202.47,162.09985205886818,23.337783810520726,63.70793175165254
1,20260918T132436Z-06a2d898,2026-09-18 13:24:36+00:00,afternoon,2026-09-24 08:00:00+00:00,6,31.48566467837689,173.02,141.53433532162313,39.871272814260685,71.35693749263757
1,20260918T132436Z-06a2d898,2026-09-18 13:24:36+00:00,afternoon,2026-09-24 09:00:00+00:00,6,22.8664817494896,170.98,148.1135182505104,22.382333417552726,45.24881516704232
1,20260918T132436Z-06a2d898,2026-09-18 13:24:36+00:00,afternoon,2026-09-24 10:00:00+00:00,6,20.518903645124773,137.68,117.16109635487524,19.406982341118415,39.92588598624319
1,20260918T132436Z-06a2d898,2026-09-18 13:24:36+00:00,afternoon,2026-09-24 11:00:00+00:00,6,18.67849526679821,145.76,127.08150473320178,13.481087325537386,32.159582592335596
1,20260918T132436Z-06a2d898,2026-09-18 13:24:36+00:00,afternoon,2026-09-24 12:00:00+00:00,6,20.035038903423185,140.03,119.99496109657682,1.3604458129153152,21.3954847163385
1,20260918T132436Z-06a2d898,2026-09-18 13:24:36+00:00,afternoon,2026-09-24 13:00:00+00:00,6,25.970681860919807,137.74,111.7693181390802,2.8856030962344854,28.856284957154294
1,20260918T132436Z-06a2d898,2026-09-18 13:24:36+00:00,afternoon,2026-09-24 14:00:00+00:00,6,34.1276475812177,127.6,93.4723524187823,3.075344947251082,37.20299252846878
1,20260918T132436Z-06a2d898,2026-09-18 13:24:36+00:00,afternoon,2026-09-24 15:00:00+00:00,6,48.765704321879255,140.0,91.23429567812074,-11.90994382699157,36.85576049488768
1,20260918T132436Z-06a2d898,2026-09-18 13:24:36+00:00,afternoon,2026-09-24 16:00:00+00:00,6,53.326323158915685,157.48,104.1536768410843,-35.53321783053796,17.793105328377727
1,20260918T132436Z-06a2d898,2026-09-18 13:24:36+00:00,afternoon,2026-09-24 17:00:00+00:00,6,46.374043524212304,176.21,129.8359564757877,-14.390419587559146,31.98362393665316
1,20260918T132436Z-06a2d898,2026-09-18 13:24:36+00:00,afternoon,2026-09-24 18:00:00+00:00,6,34.43662148964961,161.52,127.0833785103504,-6.44620706294331,27.9904144267063
1,20260918T132436Z-06a2d898,2026-09-18 13:24:36+00:00,afternoon,2026-09-24 19:00:00+00:00,6,30.729460849875696,130.03,99.30053915012431,-6.438072544630275,24.29138830524542
1,20260918T132436Z-06a2d898,2026-09-18 13:24:36+00:00,afternoon,2026-09-24 20:00:00+00:00,6,15.178670055790892,93.8,78.62132994420911,3.694625640797158,18.873295696588052
1,20260918T132436Z-06a2d898,2026-09-18 13:24:36+00:00,afternoon,2026-09-24 21:00:00+00:00,7,6.813736320647387,49.03,42.216263679352615,30.59210039974941,37.4058367203968
1,20260918T132436Z-06a2d898,2026-09-18 13:24:36+00:00,afternoon,2026-09-24 22:00:00+00:00,7,16.986025828147085,34.99,18.003974171852917,32.92608087203311,49.912106700180196
1,20260918T132436Z-06a2d898,2026-09-18 13:24:36+00:00,afternoon,2026-09-24 23:00:00+00:00,7,11.487497446863568,33.0,21.512502553136432,40.13597490171819,51.62347234858176
1,20260918T132436Z-06a2d898,2026-09-18 13:24:36+00:00,afternoon,2026-09-25 00:00:00+00:00,7,9.163622493731356,34.14,24.976377506268644,47.223120338150366,56.38674283188172
1,20260918T132436Z-06a2d898,2026-09-18 13:24:36+00:00,afternoon,2026-09-25 01:00:00+00:00,7,11.264019325101422,35.0,23.735980674898578,48.24829393473958,59.512313259841
1,20260918T132436Z-06a2d898,2026-09-18 13:24:36+00:00,afternoon,2026-09-25 02:00:00+00:00,7,11.455935450757938,29.99,18.53406454924206,54.18695448508583,65.64288993584377
1,20260918T132436Z-06a2d898,2026-09-18 13:24:36+00:00,afternoon,2026-09-25 03:00:00+00:00,7,17.56270398204491,32.15,14.58729601795509,46.33292014952695,63.89562413157186
1,20260918T132436Z-06a2d898,2026-09-18 13:24:36+00:00,afternoon,2026-09-25 04:00:00+00:00,7,30.756132393377875,30.09,-0.6661323933778753,41.753182127154034,72.50931452053192
1,20260918T132436Z-06a2d898,2026-09-18 13:24:36+00:00,afternoon,2026-09-25 05:00:00+00:00,7,43.86379555867345,41.51,-2.353795558673454,33.07318088534316,76.93697644401661
1,20260918T132436Z-06a2d898,2026-09-18 13:24:36+00:00,afternoon,2026-09-25 06:00:00+00:00,7,46.1656330508023,50.0,3.834366949197701,28.412050721738815,74.57768377254112
1,20260918T132436Z-06a2d898,2026-09-18 13:24:36+00:00,afternoon,2026-09-25 07:00:00+00:00,7,45.25089565214905,69.41,24.15910434785095,40.54360141395343,85.79449706610248
1,20260918T132436Z-06a2d898,2026-09-18 13:24:36+00:00,afternoon,2026-09-25 08:00:00+00:00,7,37.28190671782029,115.48,78.19809328217971,36.823648222755544,74.10555494057584
1,20260918T132436Z-06a2d898,2026-09-18 13:24:36+00:00,afternoon,2026-09-25 09:00:00+00:00,7,29.40137267401116,138.0,108.59862732598884,22.37956475327295,51.78093742728411
1,20260918T132436Z-06a2d898,2026-09-18 13:24:36+00:00,afternoon,2026-09-25 10:00:00+00:00,7,26.89326856939565,117.7,90.80673143060434,17.577079165655686,44.470347735051334
1,20260918T132436Z-06a2d898,2026-09-18 13:24:36+00:00,afternoon,2026-09-25 11:00:00+00:00,7,24.69667824893022,102.12,77.42332175106978,6.586983918681586,31.283662167611805
1,20260918T132436Z-06a2d898,2026-09-18 13:24:36+00:00,afternoon,2026-09-25 12:00:00+00:00,7,25.162067454533044,74.67,49.50793254546696,0.5589550524576349,25.72102250699068
1,20260918T132436Z-06a2d898,2026-09-18 13:24:36+00:00,afternoon,2026-09-25 13:00:00+00:00,7,30.03993019799841,72.56,42.52006980200159,2.972549930679088,33.012480128677495
1,20260918T132436Z-06a2d898,2026-09-18 13:24:36+00:00,afternoon,2026-09-25 14:00:00+00:00,7,38.11359258941694,96.66,58.54640741058306,9.249704390249835,47.36329697966677
1,20260918T132436Z-06a2d898,2026-09-18 13:24:36+00:00,afternoon,2026-09-25 15:00:00+00:00,7,52.2656001875968,92.14,39.8743998124032,-3.508691930952286,48.756908256644515
1,20260918T132436Z-06a2d898,2026-09-18 13:24:36+00:00,afternoon,2026-09-25 16:00:00+00:00,7,56.77423542586359,69.02,12.245764574136409,-37.35737868035867,19.416856745504916
1,20260918T132436Z-06a2d898,2026-09-18 13:24:36+00:00,afternoon,2026-09-25 17:00:00+00:00,7,49.67540157235795,66.57,16.894598427642045,-12.59977344204078,37.07562813031717
1,20260918T132436Z-06a2d898,2026-09-18 13:24:36+00:00,afternoon,2026-09-25 18:00:00+00:00,7,36.71733298853543,49.47,12.752667011464567,0.6202519544481978,37.33758494298363
1,20260918T132436Z-06a2d898,2026-09-18 13:24:36+00:00,afternoon,2026-09-25 19:00:00+00:00,7,31.521485403386382,35.84,4.318514596613621,-3.2787607735449713,28.242724629841412
1,20260918T132436Z-06a2d898,2026-09-18 13:24:36+00:00,afternoon,2026-09-25 20:00:00+00:00,7,16.889405084243258,37.18,20.290594915756742,-1.9223243590740975,14.96708072516916
1,20260918T132436Z-06a2d898,2026-09-18 13:24:36+00:00,afternoon,2026-09-25 21:00:00+00:00,8,4.409456263302239,34.32,29.91054373669776,24.332123490916256,28.741579754218495
1,20260918T132436Z-06a2d898,2026-09-18 13:24:36+00:00,afternoon,2026-09-25 22:00:00+00:00,8,13.160420334163256,25.0,11.839579665836744,19.070180039223192,32.23060037338645
1,20260918T132436Z-06a2d898,2026-09-18 13:24:36+00:00,afternoon,2026-09-25 23:00:00+00:00,8,7.838413860596966,25.88,18.041586139403034,23.813720253032162,31.652134113629128
1,20260918T132436Z-06a2d898,2026-09-18 13:24:36+00:00,afternoon,2026-09-26 00:00:00+00:00,8,5.018165299167979,28.82,23.80183470083202,21.7513525072746,26.76951780644258
1,20260918T132436Z-06a2d898,2026-09-18 13:24:36+00:00,afternoon,2026-09-26 01:00:00+00:00,8,6.185553292977724,29.24,23.054446707022272,21.044890582516427,27.230443875494153
1,20260918T132436Z-06a2d898,2026-09-18 13:24:36+00:00,afternoon,2026-09-26 02:00:00+00:00,8,5.350851789069544,29.1,23.749148210930457,29.019730081033703,34.37058187010325
1,20260918T132436Z-06a2d898,2026-09-18 13:24:36+00:00,afternoon,2026-09-26 03:00:00+00:00,8,10.83182576073057,30.15,19.31817423926943,28.3123829320191,39.14420869274967
1,20260918T132436Z-06a2d898,2026-09-18 13:24:36+00:00,afternoon,2026-09-26 04:00:00+00:00,8,22.815269675155992,32.29,9.474730324844007,12.591459299838364,35.40672897499436
1,20260918T132436Z-06a2d898,2026-09-18 13:24:36+00:00,afternoon,2026-09-26 05:00:00+00:00,8,33.74252914899447,30.89,-2.8525291489944706,11.941073413963112,45.68360256295758
1,20260918T132436Z-06a2d898,2026-09-18 13:24:36+00:00,afternoon,2026-09-26 06:00:00+00:00,8,35.098743608668954,32.97,-2.1287436086689553,11.425125104116114,46.52386871278507
1,20260918T132436Z-06a2d898,2026-09-18 13:24:36+00:00,afternoon,2026-09-26 07:00:00+00:00,8,34.03991239959454,34.57,0.5300876004054587,7.867906566202517,41.90781896579706
1,20260918T132436Z-06a2d898,2026-09-18 13:24:36+00:00,afternoon,2026-09-26 08:00:00+00:00,8,26.47109354385389,42.99,16.518906456146112,10.179316936432993,36.65041048028688
1,20260918T132436Z-06a2d898,2026-09-18 13:24:36+00:00,afternoon,2026-09-26 09:00:00+00:00,8,17.86734984970566,43.03,25.16265015029434,-4.492786738622063,13.3745631110836
1,20260918T132436Z-06a2d898,2026-09-18 13:24:36+00:00,afternoon,2026-09-26 10:00:00+00:00,8,15.161847401194589,29.23,14.068152598805412,-3.989875244792267,11.171972156402322
1,20260918T132436Z-06a2d898,2026-09-18 13:24:36+00:00,afternoon,2026-09-26 11:00:00+00:00,8,12.633895832473488,19.42,6.7861041675265135,-7.635739897017839,4.9981559354556495
1,20260918T132436Z-06a2d898,2026-09-18 13:24:36+00:00,afternoon,2026-09-26 12:00:00+00:00,8,11.944480576004644,13.29,1.3455194239953556,-4.718937650949764,7.22554292505488
1,20260918T132436Z-06a2d898,2026-09-18 13:24:36+00:00,afternoon,2026-09-26 13:00:00+00:00,8,15.534133594028177,22.59,7.055866405971823,-2.2375619047799713,13.296571689248205
1,20260918T132436Z-06a2d898,2026-09-18 13:24:36+00:00,afternoon,2026-09-26 14:00:00+00:00,8,25.04845536324854,24.99,-0.05845536324854095,-1.5277752477119613,23.520680115536578
1,20260918T132436Z-06a2d898,2026-09-18 13:24:36+00:00,afternoon,2026-09-26 15:00:00+00:00,8,39.52934455787692,28.93,-10.599344557876918,-3.431762053480735,36.097582504396186
1,20260918T132436Z-06a2d898,2026-09-18 13:24:36+00:00,afternoon,2026-09-26 16:00:00+00:00,8,43.55265949951391,39.97,-3.582659499513909,-20.219309584579126,23.333349914934782
1,20260918T132436Z-06a2d898,2026-09-18 13:24:36+00:00,afternoon,2026-09-26 17:00:00+00:00,8,35.698371415855405,38.03,2.331628584144596,-14.932117010869572,20.766254404985833
1,20260918T132436Z-06a2d898,2026-09-18 13:24:36+00:00,afternoon,2026-09-26 18:00:00+00:00,8,24.51193479634781,34.42,9.908065203652193,-18.136367373368955,6.375567422978854
1,20260918T132436Z-06a2d898,2026-09-18 13:24:36+00:00,afternoon,2026-09-26 19:00:00+00:00,8,20.42600433804336,21.72,1.2939956619566395,-20.533080095089407,-0.10707575704604722
1,20260918T132436Z-06a2d898,2026-09-18 13:24:36+00:00,afternoon,2026-09-26 20:00:00+00:00,8,6.221658301650254,19.49,13.268341698349744,-10.205119168273725,-3.9834608666234717
1,20260918T132436Z-06a2d898,2026-09-18 13:24:36+00:00,afternoon,2026-09-26 21:00:00+00:00,9,-0.8300083664120486,15.83,16.66000836641205,4.0755621602922165,3.245553793880168
1,20260918T132436Z-06a2d898,2026-09-18 13:24:36+00:00,afternoon,2026-09-26 22:00:00+00:00,9,8.356008139955303,13.08,4.723991860044697,0.8502297680167175,9.206237907972021
1,20260918T132436Z-06a2d898,2026-09-18 13:24:36+00:00,afternoon,2026-09-26 23:00:00+00:00,9,4.3954002296011545,17.76,13.364599770398847,1.3862572028196836,5.781657432420838
1,20260918T132436Z-06a2d898,2026-09-18 13:24:36+00:00,afternoon,2026-09-27 00:00:00+00:00,9,2.2237741249218823,14.3,12.07622587507812,10.390697556174453,12.614471681096337
1,20260918T132436Z-06a2d898,2026-09-18 13:24:36+00:00,afternoon,2026-09-27 01:00:00+00:00,9,3.710095658771775,12.81,9.099904341228225,7.279279176747544,10.98937483551932
1,20260918T132436Z-06a2d898,2026-09-18 13:24:36+00:00,afternoon,2026-09-27 02:00:00+00:00,9,2.1753485990467665,10.74,8.564651400953235,18.452905070374264,20.62825366942103
1,20260918T132436Z-06a2d898,2026-09-18 13:24:36+00:00,afternoon,2026-09-27 03:00:00+00:00,9,7.888193360939878,9.99,2.101806639060122,8.892815358781206,16.781008719721086
1,20260918T132436Z-06a2d898,2026-09-18 13:24:36+00:00,afternoon,2026-09-27 04:00:00+00:00,9,21.16744701470246,9.7,-11.467447014702461,-5.228035836107175,15.939411178595286
1,20260918T132436Z-06a2d898,2026-09-18 13:24:36+00:00,afternoon,2026-09-27 05:00:00+00:00,9,33.30662938935214,10.0,-23.30662938935214,-5.608588362701635,27.698041026650504
1,20260918T132436Z-06a2d898,2026-09-18 13:24:36+00:00,afternoon,2026-09-27 06:00:00+00:00,9,35.07228058123026,9.99,-25.082280581230258,-6.393230752605103,28.679049828625157
1,20260918T132436Z-06a2d898,2026-09-18 13:24:36+00:00,afternoon,2026-09-27 07:00:00+00:00,9,32.57571061694489,39.62,7.0442893830551085,-5.4245960073071,27.151114609637787
1,20260918T132436Z-06a2d898,2026-09-18 13:24:36+00:00,afternoon,2026-09-27 08:00:00+00:00,9,23.98269063366149,29.81,5.827309366338508,-6.585695574149202,17.39699505951229
1,20260918T132436Z-06a2d898,2026-09-18 13:24:36+00:00,afternoon,2026-09-27 09:00:00+00:00,9,16.793601714410194,19.49,2.6963982855898045,-11.67134964556553,5.122252068844665
1,20260918T132436Z-06a2d898,2026-09-18 13:24:36+00:00,afternoon,2026-09-27 10:00:00+00:00,9,12.828957710098717,19.49,6.661042289901282,-7.3708319294590785,5.458125780639638
1,20260918T132436Z-06a2d898,2026-09-18 13:24:36+00:00,afternoon,2026-09-27 11:00:00+00:00,9,10.213393275852946,19.9,9.686606724147053,-12.383930823513028,-2.170537547660082
1,20260918T132436Z-06a2d898,2026-09-18 13:24:36+00:00,afternoon,2026-09-27 12:00:00+00:00,9,11.765614155861366,16.35,4.584385844138636,-13.49100415992539,-1.7253900040640247
1,20260918T132436Z-06a2d898,2026-09-18 13:24:36+00:00,afternoon,2026-09-27 13:00:00+00:00,9,16.366852325156636,19.99,3.623147674843363,-19.965488786869845,-3.598636461713209
1,20260918T132436Z-06a2d898,2026-09-18 13:24:36+00:00,afternoon,2026-09-27 14:00:00+00:00,9,24.577099334584474,21.99,-2.587099334584476,-18.293884395113047,6.283214939471428
1,20260918T132436Z-06a2d898,2026-09-18 13:24:36+00:00,afternoon,2026-09-27 15:00:00+00:00,9,38.40780089122758,38.73,0.3221991087724163,-24.96943476688324,13.438366124344341
1,20260918T132436Z-06a2d898,2026-09-18 13:24:36+00:00,afternoon,2026-09-27 16:00:00+00:00,9,43.62164161642634,47.2,3.578358383573665,-39.66882936551318,3.952812250913155
1,20260918T132436Z-06a2d898,2026-09-18 13:24:36+00:00,afternoon,2026-09-27 17:00:00+00:00,9,37.80507516678502,43.76,5.954924833214982,-29.547255922217662,8.257819244567354
1,20260918T132436Z-06a2d898,2026-09-18 13:24:36+00:00,afternoon,2026-09-27 18:00:00+00:00,9,26.67858633336864,37.3,10.621413666631359,-24.47579624255999,2.202790090808648
1,20260918T132436Z-06a2d898,2026-09-18 13:24:36+00:00,afternoon,2026-09-27 19:00:00+00:00,9,24.218954542331332,33.57,9.351045457668668,-26.75160307727182,-2.5326485349404884
1,20260918T132436Z-06a2d898,2026-09-18 13:24:36+00:00,afternoon,2026-09-27 20:00:00+00:00,9,11.281422756411828,32.18,20.89857724358817,-19.354806836870324,-8.073384080458496
1,20260918T132436Z-06a2d898,2026-09-18 13:24:36+00:00,afternoon,2026-09-27 21:00:00+00:00,10,8.520347340290073,19.54,11.019652659709926,9.714192398427091,18.234539738717164
1,20260918T132436Z-06a2d898,2026-09-18 13:24:36+00:00,afternoon,2026-09-27 22:00:00+00:00,10,18.29912414237331,21.96,3.660875857626692,11.304882307725553,29.60400645009886
1,20260918T132436Z-06a2d898,2026-09-18 13:24:36+00:00,afternoon,2026-09-27 23:00:00+00:00,10,14.555029225583986,9.64,-4.915029225583986,17.883352742723304,32.43838196830729
1,20260918T132436Z-06a2d898,2026-09-18 13:24:36+00:00,afternoon,2026-09-28 00:00:00+00:00,10,12.724176001268123,6.88,-5.844176001268123,25.98978307356351,38.713959074831635
1,20260918T132436Z-06a2d898,2026-09-18 13:24:36+00:00,afternoon,2026-09-28 01:00:00+00:00,10,13.749133108147516,5.03,-8.719133108147517,18.040798052302705,31.789931160450223
1,20260918T132436Z-06a2d898,2026-09-18 13:24:36+00:00,afternoon,2026-09-28 02:00:00+00:00,10,13.394134880978452,4.09,-9.304134880978452,18.25312267861176,31.647257559590212
1,20260918T132436Z-06a2d898,2026-09-18 13:24:36+00:00,afternoon,2026-09-28 03:00:00+00:00,10,18.019798070400835,4.78,-13.239798070400834,22.80716207598345,40.82696014638428
1,20260918T132436Z-06a2d898,2026-09-18 13:24:36+00:00,afternoon,2026-09-28 04:00:00+00:00,10,29.101689182128364,6.33,-22.771689182128362,14.257101178863376,43.35879036099174
1,20260918T132436Z-06a2d898,2026-09-18 13:24:36+00:00,afternoon,2026-09-28 05:00:00+00:00,10,39.96006295673783,12.95,-27.01006295673783,36.56408523876707,76.52414819550489
1,20260918T132436Z-06a2d898,2026-09-18 13:24:36+00:00,afternoon,2026-09-28 06:00:00+00:00,10,41.15288719485029,15.02,-26.132887194850287,45.215105833749874,86.36799302860015
1,20260918T132436Z-06a2d898,2026-09-18 13:24:36+00:00,afternoon,2026-09-28 07:00:00+00:00,10,40.016839987812126,13.23,-26.786839987812126,47.35012054170527,87.3669605295174
1,20260918T132436Z-06a2d898,2026-09-18 13:24:36+00:00,afternoon,2026-09-28 08:00:00+00:00,10,32.81043183731251,6.55,-26.260431837312506,46.90689601774402,79.71732785505652
1,20260918T132436Z-06a2d898,2026-09-18 13:24:36+00:00,afternoon,2026-09-28 09:00:00+00:00,10,25.05830103462636,5.4,-19.658301034626362,25.199328295901406,50.25762933052776
1,20260918T132436Z-06a2d898,2026-09-18 13:24:36+00:00,afternoon,2026-09-28 10:00:00+00:00,10,22.402816506700315,3.67,-18.732816506700317,19.115798337118708,41.51861484381902
1,20260918T132436Z-06a2d898,2026-09-18 13:24:36+00:00,afternoon,2026-09-28 11:00:00+00:00,10,20.226673322879627,3.56,-16.666673322879628,13.657696276610578,33.884369599490206
1,20260918T132436Z-06a2d898,2026-09-18 13:24:36+00:00,afternoon,2026-09-28 12:00:00+00:00,10,20.056571401963723,3.76,-16.296571401963725,7.250755630817907,27.30732703278163
1,20260918T132436Z-06a2d898,2026-09-18 13:24:36+00:00,afternoon,2026-09-28 13:00:00+00:00,10,24.526524804613757,3.87,-20.656524804613756,9.980700637653914,34.50722544226767
1,20260918T132436Z-06a2d898,2026-09-18 13:24:36+00:00,afternoon,2026-09-28 14:00:00+00:00,10,32.15693421536007,5.0,-27.156934215360067,25.11806758097936,57.275001796339424
1,20260918T132436Z-06a2d898,2026-09-18 13:24:36+00:00,afternoon,2026-09-28 15:00:00+00:00,10,44.97450731213464,8.3,-36.67450731213464,28.386538093746722,73.36104540588136
1,20260918T132436Z-06a2d898,2026-09-18 13:24:36+00:00,afternoon,2026-09-28 16:00:00+00:00,10,49.35280485796363,8.33,-41.022804857963635,7.495113907910787,56.84791876587442
1,20260918T132436Z-06a2d898,2026-09-18 13:24:36+00:00,afternoon,2026-09-28 17:00:00+00:00,10,44.27666757474272,8.56,-35.716667574742715,-4.770194466295931,39.506473108446784
1,20260918T132436Z-06a2d898,2026-09-18 13:24:36+00:00,afternoon,2026-09-28 18:00:00+00:00,10,34.31214606994635,6.43,-27.88214606994635,-4.837222290199134,29.47492377974722
1,20260918T132436Z-06a2d898,2026-09-18 13:24:36+00:00,afternoon,2026-09-28 19:00:00+00:00,10,30.55252753880053,5.7,-24.85252753880053,-12.465407032135351,18.08712050666518
1,20260918T132436Z-06a2d898,2026-09-18 13:24:36+00:00,afternoon,2026-09-28 20:00:00+00:00,10,18.05802583298418,9.04,-9.01802583298418,-18.97698511645752,-0.9189592834733418
1,20260918T132436Z-06a2d898,2026-09-18 13:24:36+00:00,afternoon,2026-09-28 21:00:00+00:00,11,10.940626380159443,5.29,-5.650626380159443,11.806806655004975,22.74743303516442
1,20260918T132436Z-06a2d898,2026-09-18 13:24:36+00:00,afternoon,2026-09-28 22:00:00+00:00,11,19.577701997764308,5.0,-14.577701997764308,7.762467856432666,27.340169854196972
1,20260918T132436Z-06a2d898,2026-09-18 13:24:36+00:00,afternoon,2026-09-28 23:00:00+00:00,11,14.69106423744633,4.0,-10.69106423744633,12.28656712827094,26.977631365717272
1,20260918T132436Z-06a2d898,2026-09-18 13:24:36+00:00,afternoon,2026-09-29 00:00:00+00:00,11,12.888287930466072,5.02,-7.868287930466073,12.833024914490407,25.72131284495648
1,20260918T132436Z-06a2d898,2026-09-18 13:24:36+00:00,afternoon,2026-09-29 01:00:00+00:00,11,14.281232228780102,7.38,-6.901232228780102,11.5033730788164,25.7846053075965
1,20260918T132436Z-06a2d898,2026-09-18 13:24:36+00:00,afternoon,2026-09-29 02:00:00+00:00,11,13.82655745938064,9.03,-4.79655745938064,25.31632960986442,39.14288706924506
1,20260918T132436Z-06a2d898,2026-09-18 13:24:36+00:00,afternoon,2026-09-29 03:00:00+00:00,11,18.455715785231888,21.79,3.334284214768111,30.76341496202404,49.21913074725593
1,20260918T132436Z-06a2d898,2026-09-18 13:24:36+00:00,afternoon,2026-09-29 04:00:00+00:00,11,29.32960535703536,22.06,-7.26960535703536,40.22086051794344,69.5504658749788
1,20260918T132436Z-06a2d898,2026-09-18 13:24:36+00:00,afternoon,2026-09-29 05:00:00+00:00,11,40.06933011069289,39.91,-0.15933011069289194,32.251745108808635,72.32107521950152
1,20260918T132436Z-06a2d898,2026-09-18 13:24:36+00:00,afternoon,2026-09-29 06:00:00+00:00,11,41.08299278064168,89.88,48.79700721935831,54.67876897069688,95.76176175133855
1,20260918T132436Z-06a2d898,2026-09-18 13:24:36+00:00,afternoon,2026-09-29 07:00:00+00:00,11,39.26795389432486,93.85,54.58204610567513,49.93167867117211,89.19963256549697
1,20260918T132436Z-06a2d898,2026-09-18 13:24:36+00:00,afternoon,2026-09-29 08:00:00+00:00,11,31.17813085650299,114.2,83.02186914349701,51.197254747053684,82.37538560355668
1,20260918T132436Z-06a2d898,2026-09-18 13:24:36+00:00,afternoon,2026-09-29 09:00:00+00:00,11,23.31775223626051,110.26,86.94224776373949,17.154408446602687,40.4721606828632
1,20260918T132436Z-06a2d898,2026-09-18 13:24:36+00:00,afternoon,2026-09-29 10:00:00+00:00,11,21.517660432553264,105.26,83.74233956744675,17.86177143086557,39.37943186341883
1,20260918T132436Z-06a2d898,2026-09-18 13:24:36+00:00,afternoon,2026-09-29 11:00:00+00:00,11,18.896125509691235,98.44,79.54387449030877,11.79884473810537,30.694970247796604
1,20260918T132436Z-06a2d898,2026-09-18 13:24:36+00:00,afternoon,2026-09-29 12:00:00+00:00,11,19.12644183304459,98.33,79.2035581669554,0.4558165171209993,19.582258350165592
1,20260918T132436Z-06a2d898,2026-09-18 13:24:36+00:00,afternoon,2026-09-29 13:00:00+00:00,11,22.893779739150403,103.95,81.0562202608496,5.018369724400256,27.91214946355066
1,20260918T132436Z-06a2d898,2026-09-18 13:24:36+00:00,afternoon,2026-09-29 14:00:00+00:00,11,30.70982118525959,108.8,78.09017881474041,-10.306088643415054,20.403732541844533
1,20260918T132436Z-06a2d898,2026-09-18 13:24:36+00:00,afternoon,2026-09-29 15:00:00+00:00,11,43.48930406845035,124.08,80.59069593154965,-6.2726625210489315,37.21664154740142
1,20260918T132436Z-06a2d898,2026-09-18 13:24:36+00:00,afternoon,2026-09-29 16:00:00+00:00,11,47.69253775612522,115.85,68.15746224387478,-29.745587378040604,17.946950378084615
1,20260918T132436Z-06a2d898,2026-09-18 13:24:36+00:00,afternoon,2026-09-29 17:00:00+00:00,11,41.62896480813069,57.39,15.761035191869311,-16.70080834536777,24.92815646276292
1,20260918T132436Z-06a2d898,2026-09-18 13:24:36+00:00,afternoon,2026-09-29 18:00:00+00:00,11,31.969954186365623,56.25,24.280045813634377,-15.974870238589855,15.995083947775768
1,20260918T132436Z-06a2d898,2026-09-18 13:24:36+00:00,afternoon,2026-09-29 19:00:00+00:00,11,28.717109395125696,28.49,-0.22710939512569794,-16.598547663017687,12.11856173210801
1,20260918T132436Z-06a2d898,2026-09-18 13:24:36+00:00,afternoon,2026-09-29 20:00:00+00:00,11,17.412599397212446,39.0,21.587400602787554,-10.0199060594227,7.392693337789746
1,20260918T132436Z-06a2d898,2026-09-18 13:24:36+00:00,afternoon,2026-09-29 21:00:00+00:00,12,11.874652009548614,38.75,26.875347990451388,-22.917243093966075,-11.042591084417461
1,20260918T132436Z-06a2d898,2026-09-18 13:24:36+00:00,afternoon,2026-09-29 22:00:00+00:00,12,20.555302658314112,40.56,20.00469734168589,-33.49637619099617,-12.941073532682061
1,20260918T132436Z-06a2d898,2026-09-18 13:24:36+00:00,afternoon,2026-09-29 23:00:00+00:00,12,15.95930305426532,43.18,27.22069694573468,-28.564652687686195,-12.605349633420875
1,20260918T132436Z-06a2d898,2026-09-18 13:24:36+00:00,afternoon,2026-09-30 00:00:00+00:00,12,13.900794514258063,52.32,38.41920548574194,-27.028786756550122,-13.12799224229206
1,20260918T132436Z-06a2d898,2026-09-18 13:24:36+00:00,afternoon,2026-09-30 01:00:00+00:00,12,16.684064308677296,61.7,45.01593569132271,-30.285567773647895,-13.601503464970598
1,20260918T132436Z-06a2d898,2026-09-18 13:24:36+00:00,afternoon,2026-09-30 02:00:00+00:00,12,15.99253525365577,82.08,66.08746474634422,-23.236427974887217,-7.243892721231447
1,20260918T132436Z-06a2d898,2026-09-18 13:24:36+00:00,afternoon,2026-09-30 03:00:00+00:00,12,20.45126332487608,107.3,86.84873667512392,-27.319561299990568,-6.868297975114487
1,20260918T132436Z-06a2d898,2026-09-18 13:24:36+00:00,afternoon,2026-09-30 04:00:00+00:00,12,30.745124646171348,154.8,124.05487535382866,-21.56702143002689,9.178103216144457
1,20260918T132436Z-06a2d898,2026-09-18 13:24:36+00:00,afternoon,2026-09-30 05:00:00+00:00,12,40.48573823721679,197.27,156.78426176278322,-26.197345020028095,14.288393217188698
1,20260918T132436Z-06a2d898,2026-09-18 13:24:36+00:00,afternoon,2026-09-30 06:00:00+00:00,12,42.54246222094877,210.56,168.01753777905122,-17.864955783574892,24.67750643737388
1,20260918T132436Z-06a2d898,2026-09-18 13:24:36+00:00,afternoon,2026-09-30 07:00:00+00:00,12,41.66674866480706,240.26,198.59325133519292,-10.129469067271916,31.537279597535143
1,20260918T132436Z-06a2d898,2026-09-18 13:24:36+00:00,afternoon,2026-09-30 08:00:00+00:00,12,34.80873368880105,149.94,115.13126631119894,-1.9326126136576378,32.87612107514341
1,20260918T132436Z-06a2d898,2026-09-18 13:24:36+00:00,afternoon,2026-09-30 09:00:00+00:00,12,27.784374033604067,116.87,89.08562596639594,-22.612184437401645,5.172189596202422
1,20260918T132436Z-06a2d898,2026-09-18 13:24:36+00:00,afternoon,2026-09-30 10:00:00+00:00,12,25.71686707380718,113.71,87.99313292619281,-21.37284484042889,4.34402223337829
1,20260918T132436Z-06a2d898,2026-09-18 13:24:36+00:00,afternoon,2026-09-30 11:00:00+00:00,12,24.02872466910268,108.27,84.24127533089731,-14.341738408667583,9.686986260435097
1,20260918T132436Z-06a2d898,2026-09-18 13:24:36+00:00,afternoon,2026-09-30 12:00:00+00:00,12,24.252527381503757,105.94,81.68747261849624,-20.036539098613115,4.215988282890642
1,20260918T132436Z-06a2d898,2026-09-18 13:24:36+00:00,afternoon,2026-09-30 13:00:00+00:00,12,27.95040765660047,99.94,71.98959234339952,-20.6928594596885,7.257548196911969
1,20260918T132436Z-06a2d898,2026-09-18 13:24:36+00:00,afternoon,2026-09-30 14:00:00+00:00,12,33.407029945014735,150.0,116.59297005498527,-34.56293463153508,-1.1559046865203442
1,20260918T132436Z-06a2d898,2026-09-18 13:24:36+00:00,afternoon,2026-09-30 15:00:00+00:00,12,44.086280485918245,244.81,200.72371951408175,-34.36660993513426,9.719670550783988
1,20260918T132436Z-06a2d898,2026-09-18 13:24:36+00:00,afternoon,2026-09-30 16:00:00+00:00,12,47.818075786371935,213.28,165.46192421362807,-60.56102593728124,-12.742950150909301
1,20260918T132436Z-06a2d898,2026-09-18 13:24:36+00:00,afternoon,2026-09-30 17:00:00+00:00,12,42.67432822571025,229.71,187.03567177428977,-46.36548335279883,-3.691155127088585
1,20260918T132436Z-06a2d898,2026-09-18 13:24:36+00:00,afternoon,2026-09-30 18:00:00+00:00,12,33.88970662766938,245.84,211.95029337233063,-46.362263450372396,-12.472556822703012
1,20260918T132436Z-06a2d898,2026-09-18 13:24:36+00:00,afternoon,2026-09-30 19:00:00+00:00,12,30.82818320537065,186.88,156.05181679462936,-42.090868445391926,-11.262685240021277
1,20260918T132436Z-06a2d898,2026-09-18 13:24:36+00:00,afternoon,2026-09-30 20:00:00+00:00,12,18.68320171475671,102.71,84.02679828524329,-40.41670407043219,-21.73350235567548
1,20260918T143540Z-52548629,2026-09-18 14:35:40+00:00,afternoon,2026-09-19 21:00:00+00:00,2,-23.00926874856137,1.99,24.99926874856137,29.366576974289767,6.357308225728396
1,20260918T143540Z-52548629,2026-09-18 14:35:40+00:00,afternoon,2026-09-19 22:00:00+00:00,2,-14.057489801192956,0.01,14.067489801192956,19.972097235442195,5.914607434249239
1,20260918T143540Z-52548629,2026-09-18 14:35:40+00:00,afternoon,2026-09-19 23:00:00+00:00,2,-21.004960853824528,-0.02,20.98496085382453,30.88491204896361,9.879951195139082
1,20260918T143540Z-52548629,2026-09-18 14:35:40+00:00,afternoon,2026-09-20 00:00:00+00:00,2,-24.58825559066664,-0.09,24.49825559066664,32.43035379262422,7.842098201957576
1,20260918T143540Z-52548629,2026-09-18 14:35:40+00:00,afternoon,2026-09-20 01:00:00+00:00,2,-23.6712924327719,-0.2,23.4712924327719,30.277759518787757,6.606467086015858
1,20260918T143540Z-52548629,2026-09-18 14:35:40+00:00,afternoon,2026-09-20 02:00:00+00:00,2,-23.51747664329821,-0.21,23.30747664329821,29.649896823378096,6.132420180079887
1,20260918T143540Z-52548629,2026-09-18 14:35:40+00:00,afternoon,2026-09-20 03:00:00+00:00,2,-16.89386348540348,-0.21,16.683863485403478,33.068885554594196,16.175022069190717
1,20260918T143540Z-52548629,2026-09-18 14:35:40+00:00,afternoon,2026-09-20 04:00:00+00:00,2,-1.6179220013663738,-0.08,1.5379220013663737,32.59623202749826,30.978310026131886
1,20260918T143540Z-52548629,2026-09-18 14:35:40+00:00,afternoon,2026-09-20 05:00:00+00:00,2,13.652804314423095,0.0,-13.652804314423095,10.614542227922444,24.26734654234554
1,20260918T143540Z-52548629,2026-09-18 14:35:40+00:00,afternoon,2026-09-20 06:00:00+00:00,2,16.882717472317843,0.81,-16.072717472317844,3.7658933978105265,20.64861087012837
1,20260918T143540Z-52548629,2026-09-18 14:35:40+00:00,afternoon,2026-09-20 07:00:00+00:00,2,16.224604314423104,1.49,-14.734604314423104,6.2335142963349695,22.458118610758074
1,20260918T143540Z-52548629,2026-09-18 14:35:40+00:00,afternoon,2026-09-20 08:00:00+00:00,2,6.860514840738894,0.0,-6.860514840738894,13.620819859961003,20.481334700699897
1,20260918T143540Z-52548629,2026-09-18 14:35:40+00:00,afternoon,2026-09-20 09:00:00+00:00,2,-2.270861475050586,0.23,2.500861475050586,15.383590479521231,13.112729004470646
1,20260918T143540Z-52548629,2026-09-18 14:35:40+00:00,afternoon,2026-09-20 10:00:00+00:00,2,-4.608693053997955,0.15,4.7586930539979555,12.892406095204214,8.283713041206259
1,20260918T143540Z-52548629,2026-09-18 14:35:40+00:00,afternoon,2026-09-20 11:00:00+00:00,2,-6.307319369787418,0.13,6.437319369787418,2.265008781333292,-4.042310588454126
1,20260918T143540Z-52548629,2026-09-18 14:35:40+00:00,afternoon,2026-09-20 12:00:00+00:00,2,-4.091422001366368,0.41,4.501422001366368,3.407374643280659,-0.6840473580857092
1,20260918T143540Z-52548629,2026-09-18 14:35:40+00:00,afternoon,2026-09-20 13:00:00+00:00,2,4.453714840738899,1.51,-2.943714840738899,0.07275579262420089,4.5264706333630995
1,20260918T143540Z-52548629,2026-09-18 14:35:40+00:00,afternoon,2026-09-20 14:00:00+00:00,2,17.504249051265205,3.49,-14.014249051265205,-8.504225589967517,9.000023461297689
1,20260918T143540Z-52548629,2026-09-18 14:35:40+00:00,afternoon,2026-09-20 15:00:00+00:00,2,36.67218589337047,7.12,-29.552185893370467,-22.443908253862634,14.228277639507834
1,20260918T143540Z-52548629,2026-09-18 14:35:40+00:00,afternoon,2026-09-20 16:00:00+00:00,2,45.699872735475736,11.04,-34.65987273547574,-32.9904894552167,12.70938328025904
1,20260918T143540Z-52548629,2026-09-18 14:35:40+00:00,afternoon,2026-09-20 17:00:00+00:00,2,39.89847536705467,24.83,-15.068475367054674,-42.179070115332294,-2.280594748277622
1,20260918T143540Z-52548629,2026-09-18 14:35:40+00:00,afternoon,2026-09-20 18:00:00+00:00,2,28.533259577581,38.87,10.336740422418998,-17.543016719745037,10.990242857835963
1,20260918T143540Z-52548629,2026-09-18 14:35:40+00:00,afternoon,2026-09-20 19:00:00+00:00,2,25.969843788107305,38.14,12.170156211892696,-11.288596390666793,14.681247397440512
1,20260918T143540Z-52548629,2026-09-18 14:35:40+00:00,afternoon,2026-09-20 20:00:00+00:00,2,10.623083261791525,34.69,24.066916738208473,-0.4022499079116107,10.220833353879915
1,20260918T143540Z-52548629,2026-09-18 14:35:40+00:00,afternoon,2026-09-20 21:00:00+00:00,3,1.5539858933704664,25.51,23.956014106629535,31.16114221154594,32.7151281049164
1,20260918T143540Z-52548629,2026-09-18 14:35:40+00:00,afternoon,2026-09-20 22:00:00+00:00,3,13.804714840738892,15.58,1.7752851592611076,40.792049598126845,54.59676443886573
1,20260918T143540Z-52548629,2026-09-18 14:35:40+00:00,afternoon,2026-09-20 23:00:00+00:00,3,8.27519378810731,10.3,2.02480621189269,38.06412980772973,46.33932359583704
1,20260918T143540Z-52548629,2026-09-18 14:35:40+00:00,afternoon,2026-09-21 00:00:00+00:00,3,5.813599051265205,8.54,2.7264009487347938,39.42149164048038,45.23509069174559
1,20260918T143540Z-52548629,2026-09-18 14:35:40+00:00,afternoon,2026-09-21 01:00:00+00:00,3,8.076362209159948,9.79,1.7136377908400515,42.78507663300205,50.861438842161995
1,20260918T143540Z-52548629,2026-09-18 14:35:40+00:00,afternoon,2026-09-21 02:00:00+00:00,3,9.613027998633632,8.1,-1.513027998633632,44.69966346652978,54.31269146516341
1,20260918T143540Z-52548629,2026-09-18 14:35:40+00:00,afternoon,2026-09-21 03:00:00+00:00,3,18.70339115652837,51.64,32.93660884347163,50.869108097822775,69.57249925435114
1,20260918T143540Z-52548629,2026-09-18 14:35:40+00:00,afternoon,2026-09-21 04:00:00+00:00,3,35.57492799863363,107.91,72.33507200136637,75.62576353070844,111.20069152934207
1,20260918T143540Z-52548629,2026-09-18 14:35:40+00:00,afternoon,2026-09-21 05:00:00+00:00,3,50.7853543144231,145.41,94.6246456855769,94.46754076630694,145.25289508073004
1,20260918T143540Z-52548629,2026-09-18 14:35:40+00:00,afternoon,2026-09-21 06:00:00+00:00,3,52.37261747231783,146.57,94.19738252768217,98.76482821609906,151.1374456884169
1,20260918T143540Z-52548629,2026-09-18 14:35:40+00:00,afternoon,2026-09-21 07:00:00+00:00,3,49.78085431442309,120.04,70.25914568557693,91.30685585188401,141.0877101663071
1,20260918T143540Z-52548629,2026-09-18 14:35:40+00:00,afternoon,2026-09-21 08:00:00+00:00,3,38.222414840738885,73.19,34.96758515926111,90.98784834704917,129.21026318778806
1,20260918T143540Z-52548629,2026-09-18 14:35:40+00:00,afternoon,2026-09-21 09:00:00+00:00,3,26.673788524949423,25.19,-1.4837885249494214,54.66581541239576,81.33960393734517
1,20260918T143540Z-52548629,2026-09-18 14:35:40+00:00,afternoon,2026-09-21 10:00:00+00:00,3,21.71275694600205,15.75,-5.962756946002049,53.94539762819114,75.65815457419319
1,20260918T143540Z-52548629,2026-09-18 14:35:40+00:00,afternoon,2026-09-21 11:00:00+00:00,3,17.016830630212574,11.59,-5.426830630212574,44.85522587009284,61.87205650030541
1,20260918T143540Z-52548629,2026-09-18 14:35:40+00:00,afternoon,2026-09-21 12:00:00+00:00,3,16.05167799863363,13.07,-2.9816779986336286,40.06921052464589,56.12088852327952
1,20260918T143540Z-52548629,2026-09-18 14:35:40+00:00,afternoon,2026-09-21 13:00:00+00:00,3,21.4027148407389,11.01,-10.392714840738899,39.20152734654043,60.604242187279326
1,20260918T143540Z-52548629,2026-09-18 14:35:40+00:00,afternoon,2026-09-21 14:00:00+00:00,3,30.619399051265205,10.52,-20.099399051265205,51.0416772221916,81.66107627345681
1,20260918T143540Z-52548629,2026-09-18 14:35:40+00:00,afternoon,2026-09-21 15:00:00+00:00,3,55.715319025759854,12.91,-42.80531902575986,38.36179106111536,94.07711008687522
1,20260918T143540Z-52548629,2026-09-18 14:35:40+00:00,afternoon,2026-09-21 16:00:00+00:00,3,61.66740915382818,52.81,-8.85740915382818,34.27388338158385,95.94129253541203
1,20260918T143540Z-52548629,2026-09-18 14:35:40+00:00,afternoon,2026-09-21 17:00:00+00:00,3,56.3357256491875,36.43,-19.905725649187502,23.829549564350238,80.16527521353774
1,20260918T143540Z-52548629,2026-09-18 14:35:40+00:00,afternoon,2026-09-21 18:00:00+00:00,3,44.336838934990354,35.78,-8.556838934990353,23.312715291762125,67.64955422675249
1,20260918T143540Z-52548629,2026-09-18 14:35:40+00:00,afternoon,2026-09-21 19:00:00+00:00,3,40.418011449316346,24.99,-15.428011449316347,22.876127735088446,63.29413918440479
1,20260918T143540Z-52548629,2026-09-18 14:35:40+00:00,afternoon,2026-09-21 20:00:00+00:00,3,24.271172995848147,24.75,0.478827004151853,-3.3858444552157754,20.885328540632372
1,20260918T143540Z-52548629,2026-09-18 14:35:40+00:00,afternoon,2026-09-21 21:00:00+00:00,4,12.924772380586852,24.99,12.065227619413147,34.123875203859825,47.04864758444668
1,20260918T143540Z-52548629,2026-09-18 14:35:40+00:00,afternoon,2026-09-21 22:00:00+00:00,4,24.89627437865713,20.01,-4.886274378657127,32.68199371307485,57.578268091731985
1,20260918T143540Z-52548629,2026-09-18 14:35:40+00:00,afternoon,2026-09-21 23:00:00+00:00,4,19.43025136611117,23.05,3.619748633888829,29.363194365551575,48.79344573166274
1,20260918T143540Z-52548629,2026-09-18 14:35:40+00:00,afternoon,2026-09-22 00:00:00+00:00,4,16.88725383618877,23.78,6.892746163811232,37.00362443762362,53.89087827381239
1,20260918T143540Z-52548629,2026-09-18 14:35:40+00:00,afternoon,2026-09-22 01:00:00+00:00,4,18.662511534020894,24.56,5.897488465979105,32.48915415935125,51.151665693372145
1,20260918T143540Z-52548629,2026-09-18 14:35:40+00:00,afternoon,2026-09-22 02:00:00+00:00,4,18.47137885835022,27.64,9.16862114164978,47.590731578300904,66.06211043665112
1,20260918T143540Z-52548629,2026-09-18 14:35:40+00:00,afternoon,2026-09-22 03:00:00+00:00,4,24.706728100974036,26.95,2.243271899025963,56.06642847464501,80.77315657561904
1,20260918T143540Z-52548629,2026-09-18 14:35:40+00:00,afternoon,2026-09-22 04:00:00+00:00,4,39.146512063254576,86.11,46.96348793674542,56.36452881826818,95.51104088152275
1,20260918T143540Z-52548629,2026-09-18 14:35:40+00:00,afternoon,2026-09-22 05:00:00+00:00,4,53.05714811934341,156.22,103.16285188065659,38.488115723738694,91.5452638430821
1,20260918T143540Z-52548629,2026-09-18 14:35:40+00:00,afternoon,2026-09-22 06:00:00+00:00,4,55.12752074537549,207.86,152.73247925462454,74.94619942845056,130.07372017382605
1,20260918T143540Z-52548629,2026-09-18 14:35:40+00:00,afternoon,2026-09-22 07:00:00+00:00,4,53.19749452052312,224.97,171.77250547947688,71.3409926488268,124.53848716934992
1,20260918T143540Z-52548629,2026-09-18 14:35:40+00:00,afternoon,2026-09-22 08:00:00+00:00,4,42.509430826117246,179.63,137.12056917388276,68.88126590250069,111.39069672861794
1,20260918T143540Z-52548629,2026-09-18 14:35:40+00:00,afternoon,2026-09-22 09:00:00+00:00,4,32.06403533067942,156.89,124.82596466932057,56.08566851365952,88.14970384433894
1,20260918T143540Z-52548629,2026-09-18 14:35:40+00:00,afternoon,2026-09-22 10:00:00+00:00,4,28.633924946469417,125.42,96.78607505353058,45.84931937945101,74.48324432592042
1,20260918T143540Z-52548629,2026-09-18 14:35:40+00:00,afternoon,2026-09-22 11:00:00+00:00,4,25.19586783909404,117.28,92.08413216090597,37.852567124460705,63.04843496355474
1,20260918T143540Z-52548629,2026-09-18 14:35:40+00:00,afternoon,2026-09-22 12:00:00+00:00,4,25.129796498845245,115.57,90.44020350115474,30.378646200888053,55.508442699733294
1,20260918T143540Z-52548629,2026-09-18 14:35:40+00:00,afternoon,2026-09-22 13:00:00+00:00,4,30.2870344434641,128.32,98.03296555653588,34.91014376802096,65.19717821148507
1,20260918T143540Z-52548629,2026-09-18 14:35:40+00:00,afternoon,2026-09-22 14:00:00+00:00,4,39.33575459455616,148.28,108.94424540544384,28.359031624428383,67.69478621898455
1,20260918T143540Z-52548629,2026-09-18 14:35:40+00:00,afternoon,2026-09-22 15:00:00+00:00,4,55.71554823452391,165.16,109.44445176547609,24.646914883826305,80.3624631183502
1,20260918T143540Z-52548629,2026-09-18 14:35:40+00:00,afternoon,2026-09-22 16:00:00+00:00,4,61.66780068022081,245.59,183.9221993197792,18.825062954992468,80.49286363521327
1,20260918T143540Z-52548629,2026-09-18 14:35:40+00:00,afternoon,2026-09-22 17:00:00+00:00,4,56.33635852888962,334.63,278.2936414711104,8.946621378169823,65.28297990705944
1,20260918T143540Z-52548629,2026-09-18 14:35:40+00:00,afternoon,2026-09-22 18:00:00+00:00,4,44.3375402307373,256.39,212.0524597692627,11.360228503544544,55.69776873428184
1,20260918T143540Z-52548629,2026-09-18 14:35:40+00:00,afternoon,2026-09-22 19:00:00+00:00,4,40.41877735878451,194.5,154.0812226412155,15.388297332293815,55.80707469107833
1,20260918T143540Z-52548629,2026-09-18 14:35:40+00:00,afternoon,2026-09-22 20:00:00+00:00,4,24.27207996912418,148.0,123.72792003087582,17.704497786974056,41.97657775609824
1,20260918T143540Z-52548629,2026-09-18 14:35:40+00:00,afternoon,2026-09-22 21:00:00+00:00,5,14.392595066501912,101.7,87.30740493349809,34.363114567118025,48.75570963361994
1,20260918T143540Z-52548629,2026-09-18 14:35:40+00:00,afternoon,2026-09-22 22:00:00+00:00,5,25.88533839829676,136.26,110.37466160170322,26.814786797803965,52.70012519610073
1,20260918T143540Z-52548629,2026-09-18 14:35:40+00:00,afternoon,2026-09-22 23:00:00+00:00,5,20.6380757787063,124.31,103.67192422129371,30.2120857770662,50.8501615557725
1,20260918T143540Z-52548629,2026-09-18 14:35:40+00:00,afternoon,2026-09-23 00:00:00+00:00,5,18.196870629778807,123.74,105.54312937022118,37.254861673031954,55.45173230281076
1,20260918T143540Z-52548629,2026-09-18 14:35:40+00:00,afternoon,2026-09-23 01:00:00+00:00,5,19.901096556143,102.58,82.678903443857,35.72911434286675,55.630210899009754
1,20260918T143540Z-52548629,2026-09-18 14:35:40+00:00,afternoon,2026-09-23 02:00:00+00:00,5,19.71747813766311,102.57,82.85252186233689,38.991653144513755,58.70913128217687
1,20260918T143540Z-52548629,2026-09-18 14:35:40+00:00,afternoon,2026-09-23 03:00:00+00:00,5,25.7031892998722,133.32,107.61681070012779,40.17980384282811,65.88299314270031
1,20260918T143540Z-52548629,2026-09-18 14:35:40+00:00,afternoon,2026-09-23 04:00:00+00:00,5,39.56540263822433,157.85,118.28459736177567,28.98461918062356,68.55002181884788
1,20260918T143540Z-52548629,2026-09-18 14:35:40+00:00,afternoon,2026-09-23 05:00:00+00:00,5,52.91950113386397,169.2,116.28049886613601,13.829295826276505,66.74879696014047
1,20260918T143540Z-52548629,2026-09-18 14:35:40+00:00,afternoon,2026-09-23 06:00:00+00:00,5,54.906901642949386,177.54,122.63309835705061,7.595541549286557,62.502443192235944
1,20260918T143540Z-52548629,2026-09-18 14:35:40+00:00,afternoon,2026-09-23 07:00:00+00:00,5,53.053978754916834,170.34,117.28602124508316,17.20017671180976,70.25415546672659
1,20260918T143540Z-52548629,2026-09-18 14:35:40+00:00,afternoon,2026-09-23 08:00:00+00:00,5,42.79336907389989,152.65,109.85663092610011,24.598093625818372,67.39146269971826
1,20260918T143540Z-52548629,2026-09-18 14:35:40+00:00,afternoon,2026-09-23 09:00:00+00:00,5,32.76570403292611,135.29,102.52429596707388,19.48320571034249,52.2489097432686
1,20260918T143540Z-52548629,2026-09-18 14:35:40+00:00,afternoon,2026-09-23 10:00:00+00:00,5,29.472784898229754,128.59,99.11721510177026,19.46604281563517,48.938827713864924
1,20260918T143540Z-52548629,2026-09-18 14:35:40+00:00,afternoon,2026-09-23 11:00:00+00:00,5,26.172287352267112,121.9,95.72771264773289,20.989651494063466,47.16193884633058
1,20260918T143540Z-52548629,2026-09-18 14:35:40+00:00,afternoon,2026-09-23 12:00:00+00:00,5,26.10884921420281,121.77,95.66115078579719,16.023191897936353,42.13204111213916
1,20260918T143540Z-52548629,2026-09-18 14:35:40+00:00,afternoon,2026-09-23 13:00:00+00:00,5,31.059780026170923,123.39,92.33021997382907,10.1025308549665,41.16231088113742
1,20260918T143540Z-52548629,2026-09-18 14:35:40+00:00,afternoon,2026-09-23 14:00:00+00:00,5,39.74652831074016,132.85,93.10347168925983,7.961210806807273,47.70773911754743
1,20260918T143540Z-52548629,2026-09-18 14:35:40+00:00,afternoon,2026-09-23 15:00:00+00:00,5,55.47100538043977,161.44,105.96899461956022,-16.763300977623224,38.707704402816546
1,20260918T143540Z-52548629,2026-09-18 14:35:40+00:00,afternoon,2026-09-23 16:00:00+00:00,5,61.18510672282485,201.7,140.51489327717513,-49.63750847134844,11.547598251476408
1,20260918T143540Z-52548629,2026-09-18 14:35:40+00:00,afternoon,2026-09-23 17:00:00+00:00,5,56.06675877966206,154.84,98.77324122033795,-28.578315343799723,27.488443435862337
1,20260918T143540Z-52548629,2026-09-18 14:35:40+00:00,afternoon,2026-09-23 18:00:00+00:00,5,44.54778693410351,147.72,103.17221306589649,-9.59710387400702,34.950683060096495
1,20260918T143540Z-52548629,2026-09-18 14:35:40+00:00,afternoon,2026-09-23 19:00:00+00:00,5,40.78560723120132,70.09,29.304392768798685,-4.503779834871162,36.28182739633016
1,20260918T143540Z-52548629,2026-09-18 14:35:40+00:00,afternoon,2026-09-23 20:00:00+00:00,5,25.28470614495268,39.04,13.75529385504732,8.837816312694116,34.122522457646795
1,20260918T143540Z-52548629,2026-09-18 14:35:40+00:00,afternoon,2026-09-23 21:00:00+00:00,6,15.859084766587785,35.5,19.640915233412215,30.751056874224982,46.61014164081277
1,20260918T143540Z-52548629,2026-09-18 14:35:40+00:00,afternoon,2026-09-23 22:00:00+00:00,6,26.872930949533792,101.35,74.4770690504662,26.344423814666566,53.21735476420036
1,20260918T143540Z-52548629,2026-09-18 14:35:40+00:00,afternoon,2026-09-23 23:00:00+00:00,6,21.844301506961298,103.88,82.0356984930387,31.91025574055057,53.75455724751187
1,20260918T143540Z-52548629,2026-09-18 14:35:40+00:00,afternoon,2026-09-24 00:00:00+00:00,6,19.504826871850945,110.9,91.39517312814905,37.44756100293648,56.952387874787426
1,20260918T143540Z-52548629,2026-09-18 14:35:40+00:00,afternoon,2026-09-24 01:00:00+00:00,6,21.138059496686704,100.73,79.5919405033133,36.39699617104409,57.53505566773079
1,20260918T143540Z-52548629,2026-09-18 14:35:40+00:00,afternoon,2026-09-24 02:00:00+00:00,6,20.962125962551283,97.77,76.80787403744871,38.83278948412925,59.794915446680534
1,20260918T143540Z-52548629,2026-09-18 14:35:40+00:00,afternoon,2026-09-24 03:00:00+00:00,6,26.698560404214643,106.85,80.15143959578535,37.91332524035524,64.61188564456988
1,20260918T143540Z-52548629,2026-09-18 14:35:40+00:00,afternoon,2026-09-24 04:00:00+00:00,6,39.98305315306092,119.34,79.35694684693908,33.290706128442835,73.27375928150376
1,20260918T143540Z-52548629,2026-09-18 14:35:40+00:00,afternoon,2026-09-24 05:00:00+00:00,6,52.780597224828064,173.34,120.55940277517195,4.493723837584579,57.27432106241264
1,20260918T143540Z-52548629,2026-09-18 14:35:40+00:00,afternoon,2026-09-24 06:00:00+00:00,6,54.68536684600399,227.37,172.684633153996,23.59425907648847,78.27962592249246
1,20260918T143540Z-52548629,2026-09-18 14:35:40+00:00,afternoon,2026-09-24 07:00:00+00:00,6,52.9098284873144,202.47,149.5601715126856,33.92342006532124,86.83324855263564
1,20260918T143540Z-52548629,2026-09-18 14:35:40+00:00,afternoon,2026-09-24 08:00:00+00:00,6,43.07662278600887,173.02,129.94337721399114,30.172657927461067,73.24928071346994
1,20260918T143540Z-52548629,2026-09-18 14:35:40+00:00,afternoon,2026-09-24 09:00:00+00:00,6,33.46654431455485,170.98,137.51345568544514,12.019978979301886,45.486523293856735
1,20260918T143540Z-52548629,2026-09-18 14:35:40+00:00,afternoon,2026-09-24 10:00:00+00:00,6,30.31082530807342,137.68,107.36917469192659,6.9494867532319375,37.260312061305356
1,20260918T143540Z-52548629,2026-09-18 14:35:40+00:00,afternoon,2026-09-24 11:00:00+00:00,6,27.147932427205596,145.76,118.61206757279439,0.8988901001927411,28.046822527398337
1,20260918T143540Z-52548629,2026-09-18 14:35:40+00:00,afternoon,2026-09-24 12:00:00+00:00,6,27.08729564765967,140.03,112.94270435234033,-3.7525302384459636,23.334765409213706
1,20260918T143540Z-52548629,2026-09-18 14:35:40+00:00,afternoon,2026-09-24 13:00:00+00:00,6,31.83196050739911,137.74,105.90803949260089,-5.919159632867098,25.91280087453201
1,20260918T143540Z-52548629,2026-09-18 14:35:40+00:00,afternoon,2026-09-24 14:00:00+00:00,6,40.15662261182327,127.6,87.44337738817671,1.9882643220381828,42.14488693386146
1,20260918T143540Z-52548629,2026-09-18 14:35:40+00:00,afternoon,2026-09-24 15:00:00+00:00,6,55.22585566921188,140.0,84.77414433078812,-22.10196843382738,33.1238872353845
1,20260918T143540Z-52548629,2026-09-18 14:35:40+00:00,afternoon,2026-09-24 16:00:00+00:00,6,60.70180887969783,157.48,96.77819112030215,-59.382624479559155,1.319184400138674
1,20260918T143540Z-52548629,2026-09-18 14:35:40+00:00,afternoon,2026-09-24 17:00:00+00:00,6,55.7967571088496,176.21,120.41324289115042,-61.137757885686646,-5.341000776837049
1,20260918T143540Z-52548629,2026-09-18 14:35:40+00:00,afternoon,2026-09-24 18:00:00+00:00,6,44.757826116624656,161.52,116.76217388337535,-41.661334638784936,3.09649147783972
1,20260918T143540Z-52548629,2026-09-18 14:35:40+00:00,afternoon,2026-09-24 19:00:00+00:00,6,41.15260641781537,130.03,88.87739358218462,-37.934980561419955,3.217625856395415
1,20260918T143540Z-52548629,2026-09-18 14:35:40+00:00,afternoon,2026-09-24 20:00:00+00:00,6,26.29763622911772,93.8,67.50236377088228,-31.353891359664573,-5.056255130546852
1,20260918T143540Z-52548629,2026-09-18 14:35:40+00:00,afternoon,2026-09-24 21:00:00+00:00,7,17.326061821449734,49.03,31.703938178550267,22.07076084860398,39.396822670053716
1,20260918T143540Z-52548629,2026-09-18 14:35:40+00:00,afternoon,2026-09-24 22:00:00+00:00,7,27.861071146589367,34.99,7.128928853410635,19.3421895630473,47.203260709636666
1,20260918T143540Z-52548629,2026-09-18 14:35:40+00:00,afternoon,2026-09-24 23:00:00+00:00,7,23.051015915180308,33.0,9.948984084819692,21.086586685952643,44.137602601132954
1,20260918T143540Z-52548629,2026-09-18 14:35:40+00:00,afternoon,2026-09-25 00:00:00+00:00,7,20.813284879384447,34.14,13.326715120615553,30.189506894423722,51.00279177380817
1,20260918T143540Z-52548629,2026-09-18 14:35:40+00:00,afternoon,2026-09-25 01:00:00+00:00,7,22.375600514150904,35.0,12.624399485849096,26.50762325798811,48.88322377213902
1,20260918T143540Z-52548629,2026-09-18 14:35:40+00:00,afternoon,2026-09-25 02:00:00+00:00,7,22.207408655105525,29.99,7.782591344894474,30.114314785906235,52.321723441011756
1,20260918T143540Z-52548629,2026-09-18 14:35:40+00:00,afternoon,2026-09-25 03:00:00+00:00,7,27.69451016486796,32.15,4.455489835132038,30.135389271942394,57.82989943681035
1,20260918T143540Z-52548629,2026-09-18 14:35:40+00:00,afternoon,2026-09-25 04:00:00+00:00,7,40.40148251110752,30.09,-10.311482511107517,27.937471287314374,68.3389537984219
1,20260918T143540Z-52548629,2026-09-18 14:35:40+00:00,afternoon,2026-09-25 05:00:00+00:00,7,52.64280308222902,41.51,-11.132803082229024,17.746902955096786,70.38970603732581
1,20260918T143540Z-52548629,2026-09-18 14:35:40+00:00,afternoon,2026-09-25 06:00:00+00:00,7,54.46465145048954,50.0,-4.464651450489541,13.784379690544833,68.24903114103438
1,20260918T143540Z-52548629,2026-09-18 14:35:40+00:00,afternoon,2026-09-25 07:00:00+00:00,7,52.76611032701296,69.41,16.643889672987036,21.311522315141083,74.07763264215404
1,20260918T143540Z-52548629,2026-09-18 14:35:40+00:00,afternoon,2026-09-25 08:00:00+00:00,7,43.36056874820972,115.48,72.11943125179027,25.13777034826858,68.4983390964783
1,20260918T143540Z-52548629,2026-09-18 14:35:40+00:00,afternoon,2026-09-25 09:00:00+00:00,7,34.168624383915514,138.0,103.83137561608449,12.254020682047326,46.42264506596284
1,20260918T143540Z-52548629,2026-09-18 14:35:40+00:00,afternoon,2026-09-25 10:00:00+00:00,7,31.150103062787693,117.7,86.54989693721231,10.21002654480883,41.36012960759652
1,20260918T143540Z-52548629,2026-09-18 14:35:40+00:00,afternoon,2026-09-25 11:00:00+00:00,7,28.12467034185632,102.12,73.99532965814369,0.18241393078721405,28.307084272643532
1,20260918T143540Z-52548629,2026-09-18 14:35:40+00:00,afternoon,2026-09-25 12:00:00+00:00,7,28.06653264959367,74.67,46.60346735040633,-3.284091422536611,24.782441227057056
1,20260918T143540Z-52548629,2026-09-18 14:35:40+00:00,afternoon,2026-09-25 13:00:00+00:00,7,32.60490235162934,72.56,39.95509764837066,-4.087446817815888,28.517455533813454
1,20260918T143540Z-52548629,2026-09-18 14:35:40+00:00,afternoon,2026-09-25 14:00:00+00:00,7,40.56768207304805,96.66,56.09231792695195,0.028360334351041253,40.59604240739909
1,20260918T143540Z-52548629,2026-09-18 14:35:40+00:00,afternoon,2026-09-25 15:00:00+00:00,7,54.98174529373725,92.14,37.15825470626275,-12.676080970970707,42.30566432276654
1,20260918T143540Z-52548629,2026-09-18 14:35:40+00:00,afternoon,2026-09-25 16:00:00+00:00,7,60.21956637166044,69.02,8.800433628339555,-47.39092152856787,12.828644843092569
1,20260918T143540Z-52548629,2026-09-18 14:35:40+00:00,afternoon,2026-09-25 17:00:00+00:00,7,55.52765007145583,66.57,11.042349928544162,-25.551111609978356,29.976538461477475
1,20260918T143540Z-52548629,2026-09-18 14:35:40+00:00,afternoon,2026-09-25 18:00:00+00:00,7,44.968581053796576,49.47,4.501418946203422,-9.240207309131295,35.728373744665284
1,20260918T143540Z-52548629,2026-09-18 14:35:40+00:00,afternoon,2026-09-25 19:00:00+00:00,7,41.51992423968556,35.84,-5.679924239685555,-37.88266654373934,3.637257695946218
1,20260918T143540Z-52548629,2026-09-18 14:35:40+00:00,afternoon,2026-09-25 20:00:00+00:00,7,27.310863278754013,37.18,9.869136721245987,-10.19572636557448,17.115136913179533
1,20260918T143540Z-52548629,2026-09-18 14:35:40+00:00,afternoon,2026-09-25 21:00:00+00:00,8,17.113011179609703,34.32,17.206988820390297,-3.1661960588463782,13.946815120763326
1,20260918T143540Z-52548629,2026-09-18 14:35:40+00:00,afternoon,2026-09-25 22:00:00+00:00,8,27.16902968133592,25.0,-2.169029681335921,3.023485470694531,30.192515152030452
1,20260918T143540Z-52548629,2026-09-18 14:35:40+00:00,afternoon,2026-09-25 23:00:00+00:00,8,22.577607882784346,25.88,3.3023921172156534,2.37429314093555,24.951901023719895
1,20260918T143540Z-52548629,2026-09-18 14:35:40+00:00,afternoon,2026-09-26 00:00:00+00:00,8,20.44150981756137,28.82,8.378490182438629,5.774000390105683,26.215510207667055
1,20260918T143540Z-52548629,2026-09-18 14:35:40+00:00,afternoon,2026-09-26 01:00:00+00:00,8,21.932686496021997,29.24,7.307313503978001,6.914576832986821,28.84726332900882
1,20260918T143540Z-52548629,2026-09-18 14:35:40+00:00,afternoon,2026-09-26 02:00:00+00:00,8,21.7719704336715,29.1,7.328029566328503,13.914180481832087,35.68615091550359
1,20260918T143540Z-52548629,2026-09-18 14:35:40+00:00,afternoon,2026-09-26 03:00:00+00:00,8,27.00957418812853,30.15,3.14042581187147,11.006371114311788,38.015945302440315
1,20260918T143540Z-52548629,2026-09-18 14:35:40+00:00,afternoon,2026-09-26 04:00:00+00:00,8,39.13885990549061,32.29,-6.848859905490613,18.340369726451026,57.479229631941635
1,20260918T143540Z-52548629,2026-09-18 14:35:40+00:00,afternoon,2026-09-26 05:00:00+00:00,8,50.82351565740521,30.89,-19.93351565740521,2.6859813634971874,53.509497020902394
1,20260918T143540Z-52548629,2026-09-18 14:35:40+00:00,afternoon,2026-09-26 06:00:00+00:00,8,52.56245656765787,32.97,-19.59245656765787,-4.088415924255747,48.47404064340212
1,20260918T143540Z-52548629,2026-09-18 14:35:40+00:00,afternoon,2026-09-26 07:00:00+00:00,8,50.94110547741766,34.57,-16.371105477417657,1.6102547400899063,52.551360217507565
1,20260918T143540Z-52548629,2026-09-18 14:35:40+00:00,afternoon,2026-09-26 08:00:00+00:00,8,41.96310972028576,42.99,1.0268902797142445,9.40308815989534,51.3661978801811
1,20260918T143540Z-52548629,2026-09-18 14:35:40+00:00,afternoon,2026-09-26 09:00:00+00:00,8,33.188846216308136,43.03,9.841153783691865,-4.7785668262931456,28.410279390014992
1,20260918T143540Z-52548629,2026-09-18 14:35:40+00:00,afternoon,2026-09-26 10:00:00+00:00,8,30.307501393216526,29.23,-1.0775013932165258,-4.643682156431433,25.663819236785095
1,20260918T143540Z-52548629,2026-09-18 14:35:40+00:00,afternoon,2026-09-26 11:00:00+00:00,8,27.419543504983505,19.42,-7.999543504983503,-20.33251787366782,7.0870256313156865
1,20260918T143540Z-52548629,2026-09-18 14:35:40+00:00,afternoon,2026-09-26 12:00:00+00:00,8,27.363903903244072,13.29,-14.073903903244073,-19.32888904377448,8.035014859469591
1,20260918T143540Z-52548629,2026-09-18 14:35:40+00:00,afternoon,2026-09-26 13:00:00+00:00,8,31.695803660928995,22.59,-9.105803660928995,-8.266837760783705,23.42896590014529
1,20260918T143540Z-52548629,2026-09-18 14:35:40+00:00,afternoon,2026-09-26 14:00:00+00:00,8,39.29693692385278,24.99,-14.306936923852785,1.7093451324698286,41.00628205632261
1,20260918T143540Z-52548629,2026-09-18 14:35:40+00:00,afternoon,2026-09-26 15:00:00+00:00,8,53.05600278005729,28.93,-24.12600278005729,-12.852604781006072,40.20339799905122
1,20260918T143540Z-52548629,2026-09-18 14:35:40+00:00,afternoon,2026-09-26 16:00:00+00:00,8,58.05575268799607,39.97,-18.08575268799607,-40.153617046522385,17.902135641473684
1,20260918T143540Z-52548629,2026-09-18 14:35:40+00:00,afternoon,2026-09-26 17:00:00+00:00,8,53.57692874763777,38.03,-15.546928747637772,-31.097614767808405,22.479313979829367
1,20260918T143540Z-52548629,2026-09-18 14:35:40+00:00,afternoon,2026-09-26 18:00:00+00:00,8,43.49786093463529,34.42,-9.07786093463529,-21.82019216215163,21.67766877248366
1,20260918T143540Z-52548629,2026-09-18 14:35:40+00:00,afternoon,2026-09-26 19:00:00+00:00,8,40.20604040249248,21.72,-18.486040402492478,-25.799279894298717,14.40676050819376
1,20260918T143540Z-52548629,2026-09-18 14:35:40+00:00,afternoon,2026-09-26 20:00:00+00:00,8,26.64280806828789,19.49,-7.152808068287893,-30.68797477383093,-4.045166705543039
1,20260918T143540Z-52548629,2026-09-18 14:35:40+00:00,afternoon,2026-09-26 21:00:00+00:00,9,18.65898078917657,15.83,-2.828980789176571,-14.512067767238774,4.146913021937797
1,20260918T143540Z-52548629,2026-09-18 14:35:40+00:00,afternoon,2026-09-26 22:00:00+00:00,9,28.2362573561741,13.08,-15.1562573561741,-6.282069390452143,21.954187965721957
1,20260918T143540Z-52548629,2026-09-18 14:35:40+00:00,afternoon,2026-09-26 23:00:00+00:00,9,23.863628994837008,17.76,-6.103628994837006,-11.11989815084819,12.743730843988818
1,20260918T143540Z-52548629,2026-09-18 14:35:40+00:00,afternoon,2026-09-27 00:00:00+00:00,9,21.829322625186137,14.3,-7.529322625186136,-11.917325724010706,9.911996901175431
1,20260918T143540Z-52548629,2026-09-18 14:35:40+00:00,afternoon,2026-09-27 01:00:00+00:00,9,23.24954877772044,12.81,-10.439548777720441,-11.811345251492806,11.438203526227635
1,20260918T143540Z-52548629,2026-09-18 14:35:40+00:00,afternoon,2026-09-27 02:00:00+00:00,9,23.096391839921555,10.74,-12.356391839921555,-7.942962701707497,15.153429138214058
1,20260918T143540Z-52548629,2026-09-18 14:35:40+00:00,afternoon,2026-09-27 03:00:00+00:00,9,28.08466559697885,9.99,-18.09466559697885,-8.85903353130289,19.22563206567596
1,20260918T143540Z-52548629,2026-09-18 14:35:40+00:00,afternoon,2026-09-27 04:00:00+00:00,9,39.636638118982994,9.7,-29.936638118982994,-12.938142979226818,26.698495139756176
1,20260918T143540Z-52548629,2026-09-18 14:35:40+00:00,afternoon,2026-09-27 05:00:00+00:00,9,50.765135655880606,10.0,-40.765135655880606,-29.370191739290878,21.394943916589728
1,20260918T143540Z-52548629,2026-09-18 14:35:40+00:00,afternoon,2026-09-27 06:00:00+00:00,9,52.42140188501005,9.99,-42.43140188501005,-36.14458902704374,16.276812857966306
1,20260918T143540Z-52548629,2026-09-18 14:35:40+00:00,afternoon,2026-09-27 07:00:00+00:00,9,50.87712520275061,39.62,-11.257125202750615,-31.601309330668226,19.275815872082386
1,20260918T143540Z-52548629,2026-09-18 14:35:40+00:00,afternoon,2026-09-27 08:00:00+00:00,9,42.32652605776019,29.81,-12.516526057760192,-20.03242487678246,22.29410118097773
1,20260918T143540Z-52548629,2026-09-18 14:35:40+00:00,afternoon,2026-09-27 09:00:00+00:00,9,33.970272068077875,19.49,-14.480272068077877,-22.441098841893325,11.52917322618455
1,20260918T143540Z-52548629,2026-09-18 14:35:40+00:00,afternoon,2026-09-27 10:00:00+00:00,9,31.22596880405228,19.49,-11.73596880405228,-22.169185382364187,9.056783421688092
1,20260918T143540Z-52548629,2026-09-18 14:35:40+00:00,afternoon,2026-09-27 11:00:00+00:00,9,28.475510904831918,19.9,-8.57551090483192,-33.768215506792785,-5.2927046019608674
1,20260918T143540Z-52548629,2026-09-18 14:35:40+00:00,afternoon,2026-09-27 12:00:00+00:00,9,28.422817592318168,16.35,-12.072817592318167,-33.821498564326575,-5.398680972008407
1,20260918T143540Z-52548629,2026-09-18 14:35:40+00:00,afternoon,2026-09-27 13:00:00+00:00,9,32.54858243118163,19.99,-12.55858243118163,-29.100134187964276,3.448448243217353
1,20260918T143540Z-52548629,2026-09-18 14:35:40+00:00,afternoon,2026-09-27 14:00:00+00:00,9,39.78756942196202,21.99,-17.79756942196202,-30.530820832352628,9.25674858960939
1,20260918T143540Z-52548629,2026-09-18 14:35:40+00:00,afternoon,2026-09-27 15:00:00+00:00,9,52.89136134092404,38.73,-14.161361340924046,-50.185712872657334,2.705648468266709
1,20260918T143540Z-52548629,2026-09-18 14:35:40+00:00,afternoon,2026-09-27 16:00:00+00:00,9,57.653136620362645,47.2,-10.453136620362642,-63.54570041170608,-5.892563791343434
1,20260918T143540Z-52548629,2026-09-18 14:35:40+00:00,afternoon,2026-09-27 17:00:00+00:00,9,53.38780771862144,43.76,-9.62780771862144,-51.22532544061582,2.162482278005619
1,20260918T143540Z-52548629,2026-09-18 14:35:40+00:00,afternoon,2026-09-27 18:00:00+00:00,9,43.7886388274156,37.3,-6.488638827415606,-30.820580054805607,12.968058772609997
1,20260918T143540Z-52548629,2026-09-18 14:35:40+00:00,afternoon,2026-09-27 19:00:00+00:00,9,40.65377845249617,33.57,-7.083778452496169,-32.086260143937245,8.567518308558924
1,20260918T143540Z-52548629,2026-09-18 14:35:40+00:00,afternoon,2026-09-27 20:00:00+00:00,9,27.73650283969532,32.18,4.4434971603046804,-36.91562359683456,-9.179120757139238
1,20260918T143540Z-52548629,2026-09-18 14:35:40+00:00,afternoon,2026-09-27 21:00:00+00:00,10,21.726616582272527,19.54,-2.186616582272528,9.43938301918437,31.165999601456896
1,20260918T143540Z-52548629,2026-09-18 14:35:40+00:00,afternoon,2026-09-27 22:00:00+00:00,10,30.82518123404481,21.96,-8.865181234044808,19.316792669309653,50.14197390335446
1,20260918T143540Z-52548629,2026-09-18 14:35:40+00:00,afternoon,2026-09-27 23:00:00+00:00,10,26.671189327521745,9.64,-17.031189327521744,10.376611131980825,37.04780045950257
1,20260918T143540Z-52548629,2026-09-18 14:35:40+00:00,afternoon,2026-09-28 00:00:00+00:00,10,24.738634828552826,6.88,-17.858634828552827,10.581340255992616,35.31997508454544
1,20260918T143540Z-52548629,2026-09-18 14:35:40+00:00,afternoon,2026-09-28 01:00:00+00:00,10,26.08780008851136,5.03,-21.05780008851136,11.906300978983923,37.994101067495286
1,20260918T143540Z-52548629,2026-09-18 14:35:40+00:00,afternoon,2026-09-28 02:00:00+00:00,10,25.94246073654879,4.09,-21.85246073654879,14.00047281360729,39.94293355015608
1,20260918T143540Z-52548629,2026-09-18 14:35:40+00:00,afternoon,2026-09-28 03:00:00+00:00,10,30.68121366670748,4.78,-25.90121366670748,30.58751892920623,61.26873259591371
1,20260918T143540Z-52548629,2026-09-18 14:35:40+00:00,afternoon,2026-09-28 04:00:00+00:00,10,41.65537777839957,6.33,-35.32537777839957,24.684747079193272,66.34012485759284
1,20260918T143540Z-52548629,2026-09-18 14:35:40+00:00,afternoon,2026-09-28 05:00:00+00:00,10,52.22735501948752,12.95,-39.277355019487516,23.07669012653301,75.30404514602053
1,20260918T143540Z-52548629,2026-09-18 14:35:40+00:00,afternoon,2026-09-28 06:00:00+00:00,10,53.8007189762137,15.02,-38.780718976213706,29.147005601331166,82.94772457754488
1,20260918T143540Z-52548629,2026-09-18 14:35:40+00:00,afternoon,2026-09-28 07:00:00+00:00,10,52.33381911801784,13.23,-39.10381911801784,22.279738651954567,74.6135577699724
1,20260918T143540Z-52548629,2026-09-18 14:35:40+00:00,afternoon,2026-09-28 08:00:00+00:00,10,44.21087054085187,6.55,-37.660870540851874,35.90752206232699,80.11839260317886
1,20260918T143540Z-52548629,2026-09-18 14:35:40+00:00,afternoon,2026-09-28 09:00:00+00:00,10,36.27229015668839,5.4,-30.872290156688393,17.33038629962984,53.602676456318235
1,20260918T143540Z-52548629,2026-09-18 14:35:40+00:00,afternoon,2026-09-28 10:00:00+00:00,10,33.66534933224939,3.67,-29.99534933224939,17.31122940233816,50.97657873458755
1,20260918T143540Z-52548629,2026-09-18 14:35:40+00:00,afternoon,2026-09-28 11:00:00+00:00,10,31.052451926156976,3.56,-27.492451926156978,6.713255973172687,37.76570789932966
1,20260918T143540Z-52548629,2026-09-18 14:35:40+00:00,afternoon,2026-09-28 12:00:00+00:00,10,31.002160736548788,3.76,-27.24216073654879,1.3174300808959365,32.31959081744473
1,20260918T143540Z-52548629,2026-09-18 14:35:40+00:00,afternoon,2026-09-28 13:00:00+00:00,10,34.92165245444273,3.87,-31.051652454442728,5.495364621485408,40.417017075928136
1,20260918T143540Z-52548629,2026-09-18 14:35:40+00:00,afternoon,2026-09-28 14:00:00+00:00,10,41.798670398886,5.0,-36.798670398886,-3.380180957459762,38.41848944142624
1,20260918T143540Z-52548629,2026-09-18 14:35:40+00:00,afternoon,2026-09-28 15:00:00+00:00,10,54.24723378210955,8.3,-45.94723378210955,-12.241305201367215,42.005928580742335
1,20260918T143540Z-52548629,2026-09-18 14:35:40+00:00,afternoon,2026-09-28 16:00:00+00:00,10,58.770849328527774,8.33,-50.440849328527776,-9.115983042661021,49.65486628586675
1,20260918T143540Z-52548629,2026-09-18 14:35:40+00:00,afternoon,2026-09-28 17:00:00+00:00,10,54.71885882551801,8.56,-46.15885882551801,-27.669875289556366,27.048983535961646
1,20260918T143540Z-52548629,2026-09-18 14:35:40+00:00,afternoon,2026-09-28 18:00:00+00:00,10,45.599731554962986,6.43,-39.169731554962986,-27.357702467854814,18.242029087108172
1,20260918T143540Z-52548629,2026-09-18 14:35:40+00:00,afternoon,2026-09-28 19:00:00+00:00,10,42.62141040043976,5.7,-36.921410400439754,-23.755484057054375,18.865926343385382
1,20260918T143540Z-52548629,2026-09-18 14:35:40+00:00,afternoon,2026-09-28 20:00:00+00:00,10,30.349962327438725,9.04,-21.309962327438726,-22.287283249706466,8.062679077732259
1,20260918T143540Z-52548629,2026-09-18 14:35:40+00:00,afternoon,2026-09-28 21:00:00+00:00,11,23.193725658213,5.29,-17.903725658213002,1.2859953159756623,24.479720974188663
1,20260918T143540Z-52548629,2026-09-18 14:35:40+00:00,afternoon,2026-09-28 22:00:00+00:00,11,31.813321792933618,5.0,-26.813321792933618,5.787473997288964,37.600795790222584
1,20260918T143540Z-52548629,2026-09-18 14:35:40+00:00,afternoon,2026-09-28 23:00:00+00:00,11,27.87776684683059,4.0,-23.87776684683059,4.866863674046482,32.744630520877074
1,20260918T143540Z-52548629,2026-09-18 14:35:40+00:00,afternoon,2026-09-29 00:00:00+00:00,11,26.046908011505465,5.02,-21.026908011505466,4.795046619888493,30.841954631393957
1,20260918T143540Z-52548629,2026-09-18 14:35:40+00:00,afternoon,2026-09-29 01:00:00+00:00,11,27.325115644121222,7.38,-19.945115644121223,5.156726962110908,32.48184260623213
1,20260918T143540Z-52548629,2026-09-18 14:35:40+00:00,afternoon,2026-09-29 02:00:00+00:00,11,27.187400627442344,9.03,-18.157400627442343,19.801945120609492,46.98934574805183
1,20260918T143540Z-52548629,2026-09-18 14:35:40+00:00,afternoon,2026-09-29 03:00:00+00:00,11,31.676772132835,21.79,-9.886772132835002,31.04683786897218,62.72361000180718
1,20260918T143540Z-52548629,2026-09-18 14:35:40+00:00,afternoon,2026-09-29 04:00:00+00:00,11,42.07339274827275,22.06,-20.013392748272754,27.790464305293042,69.8638570535658
1,20260918T143540Z-52548629,2026-09-18 14:35:40+00:00,afternoon,2026-09-29 05:00:00+00:00,11,52.08900745642363,39.91,-12.179007456423633,25.905786855664637,77.99479431208826
1,20260918T143540Z-52548629,2026-09-18 14:35:40+00:00,afternoon,2026-09-29 06:00:00+00:00,11,53.579541918023466,89.88,36.30045808197653,31.79221951491634,85.3717614329398
1,20260918T143540Z-52548629,2026-09-18 14:35:40+00:00,afternoon,2026-09-29 07:00:00+00:00,11,52.1897401550544,93.85,41.66025984494559,26.38975876341493,78.57949891846934
1,20260918T143540Z-52548629,2026-09-18 14:35:40+00:00,afternoon,2026-09-29 08:00:00+00:00,11,44.49414142858265,114.2,69.70585857141735,25.919340706256584,70.41348213483923
1,20260918T143540Z-52548629,2026-09-18 14:35:40+00:00,afternoon,2026-09-29 09:00:00+00:00,11,36.97331304830466,110.26,73.28668695169534,0.45959625689962047,37.432909305204284
1,20260918T143540Z-52548629,2026-09-18 14:35:40+00:00,afternoon,2026-09-29 10:00:00+00:00,11,34.503685898616936,105.26,70.75631410138307,2.8182865700899122,37.321972468706846
1,20260918T143540Z-52548629,2026-09-18 14:35:40+00:00,afternoon,2026-09-29 11:00:00+00:00,11,32.02823764075912,98.44,66.41176235924087,-12.037426517043704,19.990811123715417
1,20260918T143540Z-52548629,2026-09-18 14:35:40+00:00,afternoon,2026-09-29 12:00:00+00:00,11,31.980652899388893,98.33,66.34934710061111,-23.052591529435194,8.9280613699537
1,20260918T143540Z-52548629,2026-09-18 14:35:40+00:00,afternoon,2026-09-29 13:00:00+00:00,11,35.693799174290874,103.95,68.25620082570913,-25.295360258259496,10.398438916031377
1,20260918T143540Z-52548629,2026-09-18 14:35:40+00:00,afternoon,2026-09-29 14:00:00+00:00,11,42.20894359343217,108.8,66.59105640656783,-34.89104390863469,7.317899684797474
1,20260918T143540Z-52548629,2026-09-18 14:35:40+00:00,afternoon,2026-09-29 15:00:00+00:00,11,54.00239875761106,124.08,70.07760124238894,-28.30831944612683,25.69407931148423
1,20260918T143540Z-52548629,2026-09-18 14:35:40+00:00,afternoon,2026-09-29 16:00:00+00:00,11,58.28792882162067,115.85,57.56207117837933,-23.746990449493914,34.54093837212675
1,20260918T143540Z-52548629,2026-09-18 14:35:40+00:00,afternoon,2026-09-29 17:00:00+00:00,11,54.44902363695161,57.39,2.9409763630483923,-39.09858017739007,15.35044345956154
1,20260918T143540Z-52548629,2026-09-18 14:35:40+00:00,afternoon,2026-09-29 18:00:00+00:00,11,45.80981739474463,56.25,10.440182605255373,-38.78640735568848,7.023410039056145
1,20260918T143540Z-52548629,2026-09-18 14:35:40+00:00,afternoon,2026-09-29 19:00:00+00:00,11,42.9882943770344,28.49,-14.498294377034401,-40.69925410415887,2.289040272875532
1,20260918T143540Z-52548629,2026-09-18 14:35:40+00:00,afternoon,2026-09-29 20:00:00+00:00,11,31.36279089604919,39.0,7.637209103950809,-34.11975240448005,-2.7569615084308623
1,20260918T143540Z-52548629,2026-09-18 14:35:40+00:00,afternoon,2026-09-29 21:00:00+00:00,12,24.660573856020143,38.75,14.089426143979857,-40.14742394286045,-15.486850086840306
1,20260918T143540Z-52548629,2026-09-18 14:35:40+00:00,afternoon,2026-09-29 22:00:00+00:00,12,32.801383351504,40.56,7.758616648496002,-38.64629176193598,-5.844908410431977
1,20260918T143540Z-52548629,2026-09-18 14:35:40+00:00,afternoon,2026-09-29 23:00:00+00:00,12,29.084479710939505,43.18,14.095520289060495,-37.724278143337415,-8.63979843239791
1,20260918T143540Z-52548629,2026-09-18 14:35:40+00:00,afternoon,2026-09-30 00:00:00+00:00,12,27.35529309307153,52.32,24.96470690692847,-39.95340636540885,-12.598113272337322
1,20260918T143540Z-52548629,2026-09-18 14:35:40+00:00,afternoon,2026-09-30 01:00:00+00:00,12,28.562701602489906,61.7,33.137298397510094,-37.85824284140094,-9.295541238911031
1,20260918T143540Z-52548629,2026-09-18 14:35:40+00:00,afternoon,2026-09-30 02:00:00+00:00,12,28.43260869495312,82.08,53.64739130504688,-32.97196679228139,-4.539358097328272
1,20260918T143540Z-52548629,2026-09-18 14:35:40+00:00,afternoon,2026-09-30 03:00:00+00:00,12,32.67259129909425,107.3,74.62740870090575,-31.61615300044346,1.0564382986507894
1,20260918T143540Z-52548629,2026-09-18 14:35:40+00:00,afternoon,2026-09-30 04:00:00+00:00,12,42.49163462241192,154.8,112.30836537758809,-31.73356641335139,10.758068209060532
1,20260918T143540Z-52548629,2026-09-18 14:35:40+00:00,afternoon,2026-09-30 05:00:00+00:00,12,51.95077672734227,197.27,145.31922327265772,-32.98075143009065,18.970025297251624
1,20260918T143540Z-52548629,2026-09-18 14:35:40+00:00,afternoon,2026-09-30 06:00:00+00:00,12,53.35864467613267,210.56,157.20135532386735,-39.93903153339006,13.419613142742612
1,20260918T143540Z-52548629,2026-09-18 14:35:40+00:00,afternoon,2026-09-30 07:00:00+00:00,12,52.046171639075226,240.26,188.21382836092477,-30.07310386023898,21.973067778836246
1,20260918T143540Z-52548629,2026-09-18 14:35:40+00:00,afternoon,2026-09-30 08:00:00+00:00,12,44.77820190622735,149.94,105.16179809377265,-30.195645138113036,14.582556768114316
1,20260918T143540Z-52548629,2026-09-18 14:35:40+00:00,afternoon,2026-09-30 09:00:00+00:00,12,37.67523528936706,116.87,79.19476471063294,-39.14727929585701,-1.472044006489952
1,20260918T143540Z-52548629,2026-09-18 14:35:40+00:00,afternoon,2026-09-30 10:00:00+00:00,12,35.34273363041969,113.71,78.3672663695803,-37.247958617851936,-1.9052249874322484
1,20260918T143540Z-52548629,2026-09-18 14:35:40+00:00,afternoon,2026-09-30 11:00:00+00:00,12,33.00489555639406,108.27,75.26510444360594,-38.636636436230944,-5.631740879836883
1,20260918T143540Z-52548629,2026-09-18 14:35:40+00:00,afternoon,2026-09-30 12:00:00+00:00,12,32.959936325010375,105.94,72.98006367498962,-49.27173988425778,-16.3118035592474
1,20260918T143540Z-52548629,2026-09-18 14:35:40+00:00,afternoon,2026-09-30 13:00:00+00:00,12,36.46674350734533,99.94,63.47325649265467,-47.83549565307823,-11.368752145732905
1,20260918T143540Z-52548629,2026-09-18 14:35:40+00:00,afternoon,2026-09-30 14:00:00+00:00,12,42.61972961237554,150.0,107.38027038762446,-50.05089855545524,-7.4311689430797045
1,20260918T143540Z-52548629,2026-09-18 14:35:40+00:00,afternoon,2026-09-30 15:00:00+00:00,12,53.75788726219761,244.81,191.0521127378024,-67.58249416287022,-13.824606900672606
1,20260918T143540Z-52548629,2026-09-18 14:35:40+00:00,afternoon,2026-09-30 16:00:00+00:00,12,57.80539140330324,213.28,155.47460859669675,-92.85904451802091,-35.05365311471767
1,20260918T143540Z-52548629,2026-09-18 14:35:40+00:00,afternoon,2026-09-30 17:00:00+00:00,12,54.17985887264135,229.71,175.53014112735866,-79.96364826486922,-25.783789392227874
1,20260918T143540Z-52548629,2026-09-18 14:35:40+00:00,afternoon,2026-09-30 18:00:00+00:00,12,46.02064955004849,245.84,199.81935044995151,-63.210439948610436,-17.189790398561946
1,20260918T143540Z-52548629,2026-09-18 14:35:40+00:00,afternoon,2026-09-30 19:00:00+00:00,12,43.35587135909216,186.88,143.52412864090783,-64.6994587109529,-21.343587351860734
1,20260918T143540Z-52548629,2026-09-18 14:35:40+00:00,afternoon,2026-09-30 20:00:00+00:00,12,32.37601394987353,102.71,70.33398605012647,-58.55354294722069,-26.17752899734716
1,20260919T032749Z-394330f6,2026-09-19 03:27:49+00:00,morning,2026-09-19 21:00:00+00:00,1,-28.18515046294327,1.99,30.175150462943268,28.842823559817774,0.6576730968745039
1,20260919T032749Z-394330f6,2026-09-19 03:27:49+00:00,morning,2026-09-19 22:00:00+00:00,1,-19.16692151557485,0.01,19.17692151557485,29.265447101267725,10.098525585692876
1,20260919T032749Z-394330f6,2026-09-19 03:27:49+00:00,morning,2026-09-19 23:00:00+00:00,1,-26.257342568206436,-0.02,26.237342568206437,33.25681900457833,6.999476436371896
1,20260919T032749Z-394330f6,2026-09-19 03:27:49+00:00,morning,2026-09-20 00:00:00+00:00,1,-30.11378730504854,-0.09,30.02378730504854,32.70655825657301,2.5927709515244715
1,20260919T032749Z-394330f6,2026-09-19 03:27:49+00:00,morning,2026-09-20 01:00:00+00:00,1,-29.030624147153794,-0.2,28.830624147153795,32.76174347305664,3.7311193259028457
1,20260919T032749Z-394330f6,2026-09-19 03:27:49+00:00,morning,2026-09-20 02:00:00+00:00,1,-29.60160835768012,-0.21,29.39160835768012,32.133880777646986,2.5322724199668656
1,20260919T032749Z-394330f6,2026-09-19 03:27:49+00:00,morning,2026-09-20 03:00:00+00:00,1,-22.89459519978538,-0.21,22.684595199785377,30.069560715992015,7.174965516206637
1,20260919T032749Z-394330f6,2026-09-19 03:27:49+00:00,morning,2026-09-20 04:00:00+00:00,1,-7.393477912879712,-0.08,7.313477912879712,35.79360143349504,28.40012352061533
1,20260919T032749Z-394330f6,2026-09-19 03:27:49+00:00,morning,2026-09-20 05:00:00+00:00,1,8.352598402909758,0.0,-8.352598402909758,18.664890594109664,27.01748899701942
1,20260919T032749Z-394330f6,2026-09-19 03:27:49+00:00,morning,2026-09-20 06:00:00+00:00,1,12.353061560804504,0.81,-11.543061560804503,16.798501112136755,29.15156267294126
1,20260919T032749Z-394330f6,2026-09-19 03:27:49+00:00,morning,2026-09-20 07:00:00+00:00,1,12.52099840290976,1.49,-11.03099840290976,7.094219911814114,19.615218314723872
1,20260919T032749Z-394330f6,2026-09-19 03:27:49+00:00,morning,2026-09-20 08:00:00+00:00,1,3.20625892922555,0.0,-3.20625892922555,18.414132083405406,21.620391012630954
1,20260919T032749Z-394330f6,2026-09-19 03:27:49+00:00,morning,2026-09-20 09:00:00+00:00,1,-5.789367386563922,0.23,6.019367386563922,10.836072116076425,5.046704729512503
1,20260919T032749Z-394330f6,2026-09-19 03:27:49+00:00,morning,2026-09-20 10:00:00+00:00,1,-8.105898965511283,0.15,8.255898965511284,12.047467290318238,3.941568324806955
1,20260919T032749Z-394330f6,2026-09-19 03:27:49+00:00,morning,2026-09-20 11:00:00+00:00,1,-10.39252528130076,0.13,10.52252528130076,8.723070202888756,-1.6694550784120032
1,20260919T032749Z-394330f6,2026-09-19 03:27:49+00:00,morning,2026-09-20 12:00:00+00:00,1,-8.65092791287971,0.41,9.060927912879711,9.235853059116831,0.5849251462371203
1,20260919T032749Z-394330f6,2026-09-19 03:27:49+00:00,morning,2026-09-20 13:00:00+00:00,1,-0.2280410707744335,1.51,1.7380410707744336,2.9493581484488836,2.72131707767445
1,20260919T032749Z-394330f6,2026-09-19 03:27:49+00:00,morning,2026-09-20 14:00:00+00:00,1,12.559993139751867,3.49,-9.069993139751867,-2.9455520482739406,9.614441091477927
1,20260919T032749Z-394330f6,2026-09-19 03:27:49+00:00,morning,2026-09-20 15:00:00+00:00,1,32.40322998185713,7.12,-25.28322998185713,-9.685654685250686,22.717575296606444
1,20260919T032749Z-394330f6,2026-09-19 03:27:49+00:00,morning,2026-09-20 16:00:00+00:00,1,41.0077668239624,11.04,-29.9677668239624,-20.285340209504785,20.722426614457614
1,20260919T032749Z-394330f6,2026-09-19 03:27:49+00:00,morning,2026-09-20 17:00:00+00:00,1,37.30480226024567,24.83,-12.474802260245674,5.0895504010088946,42.394352661254565
1,20260919T032749Z-394330f6,2026-09-19 03:27:49+00:00,morning,2026-09-20 18:00:00+00:00,1,25.805754247364224,38.87,13.064245752635774,7.058890384689158,32.864644632053384
1,20260919T032749Z-394330f6,2026-09-19 03:27:49+00:00,morning,2026-09-20 19:00:00+00:00,1,23.444807431793564,38.14,14.695192568206437,15.638885425563233,39.083692857356795
1,20260919T032749Z-394330f6,2026-09-19 03:27:49+00:00,morning,2026-09-20 20:00:00+00:00,1,7.994996905477773,34.69,26.695003094522225,24.949317930398735,32.94431483587651
1,20260919T032749Z-394330f6,2026-09-19 03:27:49+00:00,morning,2026-09-20 21:00:00+00:00,2,-0.9589004629432728,25.51,26.468900462943274,55.26282926290125,54.30392879995798
1,20260919T032749Z-394330f6,2026-09-19 03:27:49+00:00,morning,2026-09-20 22:00:00+00:00,2,11.171978484425145,15.58,4.408021515574855,69.53311276204924,80.70509124647438
1,20260919T032749Z-394330f6,2026-09-19 03:27:49+00:00,morning,2026-09-20 23:00:00+00:00,2,5.820057431793572,10.3,4.479942568206429,58.211682494815726,64.0317399266093
1,20260919T032749Z-394330f6,2026-09-19 03:27:49+00:00,morning,2026-09-21 00:00:00+00:00,2,3.874312694951456,8.54,4.665687305048543,67.25540936935887,71.12972206431033
1,20260919T032749Z-394330f6,2026-09-19 03:27:49+00:00,morning,2026-09-21 01:00:00+00:00,2,6.319625852846205,9.79,3.4703741471537946,67.45756721223488,73.77719306508108
1,20260919T032749Z-394330f6,2026-09-19 03:27:49+00:00,morning,2026-09-21 02:00:00+00:00,2,7.506191642319887,8.1,0.5938083576801123,71.37027925462455,78.87647089694444
1,20260919T032749Z-394330f6,2026-09-19 03:27:49+00:00,morning,2026-09-21 03:00:00+00:00,2,16.653704800214623,51.64,34.986295199785374,83.582489241004,100.23619404121862
1,20260919T032749Z-394330f6,2026-09-19 03:27:49+00:00,morning,2026-09-21 04:00:00+00:00,2,33.24457208712029,107.91,74.66542791287971,74.6704800454823,107.91505213260258
1,20260919T032749Z-394330f6,2026-09-19 03:27:49+00:00,morning,2026-09-21 05:00:00+00:00,2,47.36404840290975,145.41,98.04595159709024,95.3339630308083,142.69801143371805
1,20260919T032749Z-394330f6,2026-09-19 03:27:49+00:00,morning,2026-09-21 06:00:00+00:00,2,48.248411560804485,146.57,98.32158843919551,95.07930959445639,143.32772115526086
1,20260919T032749Z-394330f6,2026-09-19 03:27:49+00:00,morning,2026-09-21 07:00:00+00:00,2,45.15984840290976,120.04,74.88015159709025,94.05748492511088,139.21733332802063
1,20260919T032749Z-394330f6,2026-09-19 03:27:49+00:00,morning,2026-09-21 08:00:00+00:00,2,34.14095892922555,73.19,39.04904107077445,87.85524928400991,121.99620821323546
1,20260919T032749Z-394330f6,2026-09-19 03:27:49+00:00,morning,2026-09-21 09:00:00+00:00,2,22.32773261343608,25.19,2.8622673865639214,60.76831018350956,83.09604279694564
1,20260919T032749Z-394330f6,2026-09-19 03:27:49+00:00,morning,2026-09-21 10:00:00+00:00,2,17.705551034488717,15.75,-1.9555510344887175,62.39035752061121,80.09590855509992
1,20260919T032749Z-394330f6,2026-09-19 03:27:49+00:00,morning,2026-09-21 11:00:00+00:00,2,13.981024718699246,11.59,-2.3910247186992457,44.44289251819014,58.42391723688939
1,20260919T032749Z-394330f6,2026-09-19 03:27:49+00:00,morning,2026-09-21 12:00:00+00:00,2,13.347072087120296,13.07,-0.2770720871202954,53.144339805889956,66.49141189301025
1,20260919T032749Z-394330f6,2026-09-19 03:27:49+00:00,morning,2026-09-21 13:00:00+00:00,2,18.37140892922556,11.01,-7.36140892922556,51.204973808648134,69.5763827378737
1,20260919T032749Z-394330f6,2026-09-19 03:27:49+00:00,morning,2026-09-21 14:00:00+00:00,2,27.490143139751865,10.52,-16.970143139751865,49.08772278961308,76.57786592936495
1,20260919T032749Z-394330f6,2026-09-19 03:27:49+00:00,morning,2026-09-21 15:00:00+00:00,2,43.899879981857126,12.91,-30.989879981857126,62.655880993376954,106.55576097523408
1,20260919T032749Z-394330f6,2026-09-19 03:27:49+00:00,morning,2026-09-21 16:00:00+00:00,2,49.79181682396241,52.81,3.0181831760375957,14.654289044810865,64.44610586877327
1,20260919T032749Z-394330f6,2026-09-19 03:27:49+00:00,morning,2026-09-21 17:00:00+00:00,2,43.90131945554133,36.43,-7.471319455541334,13.59778522458888,57.499104680130216
1,20260919T032749Z-394330f6,2026-09-19 03:27:49+00:00,morning,2026-09-21 18:00:00+00:00,2,30.08960366606765,35.78,5.690396333932352,13.709247501706589,43.79885116777424
1,20260919T032749Z-394330f6,2026-09-19 03:27:49+00:00,morning,2026-09-21 19:00:00+00:00,2,25.107737876593976,24.99,-0.11773787659397783,3.6630312226945767,28.770769099288554
1,20260919T032749Z-394330f6,2026-09-19 03:27:49+00:00,morning,2026-09-21 20:00:00+00:00,2,7.822677350278194,24.75,16.927322649721805,9.476216678012308,17.2988940282905
1,20260919T032749Z-394330f6,2026-09-19 03:27:49+00:00,morning,2026-09-21 21:00:00+00:00,3,-4.617420018142868,24.99,29.607420018142868,34.1369026444373,29.519482626294433
1,20260919T032749Z-394330f6,2026-09-19 03:27:49+00:00,morning,2026-09-21 22:00:00+00:00,3,6.458358929225552,20.01,13.55164107077445,51.72013899615325,58.17849792537881
1,20260919T032749Z-394330f6,2026-09-19 03:27:49+00:00,morning,2026-09-21 23:00:00+00:00,3,0.3259878765939685,23.05,22.724012123406034,37.728486248447446,38.054474125041416
1,20260919T032749Z-394330f6,2026-09-19 03:27:49+00:00,morning,2026-09-22 00:00:00+00:00,3,-2.300906860248133,23.78,26.080906860248135,40.588504261462354,38.28759740121422
1,20260919T032749Z-394330f6,2026-09-19 03:27:49+00:00,morning,2026-09-22 01:00:00+00:00,3,-0.2449937023533888,24.56,24.804993702353386,43.41013996933133,43.16514626697794
1,20260919T032749Z-394330f6,2026-09-19 03:27:49+00:00,morning,2026-09-22 02:00:00+00:00,3,0.6925720871202898,27.64,26.94742791287971,58.433273779035936,59.125845866156226
1,20260919T032749Z-394330f6,2026-09-19 03:27:49+00:00,morning,2026-09-22 03:00:00+00:00,3,9.61208524501502,26.95,17.33791475498498,76.56353150939525,86.17561675441027
1,20260919T032749Z-394330f6,2026-09-19 03:27:49+00:00,morning,2026-09-22 04:00:00+00:00,3,33.61203552795694,86.11,52.49796447204306,93.56103211923488,127.17306764719183
1,20260919T032749Z-394330f6,2026-09-19 03:27:49+00:00,morning,2026-09-22 05:00:00+00:00,3,47.522697175598566,156.22,108.69730282440143,77.20722639864341,124.72992357424198
1,20260919T032749Z-394330f6,2026-09-19 03:27:49+00:00,morning,2026-09-22 06:00:00+00:00,3,49.593139362492295,207.86,158.2668606375077,79.00284400019287,128.59598336268516
1,20260919T032749Z-394330f6,2026-09-19 03:27:49+00:00,morning,2026-09-22 07:00:00+00:00,3,47.66308858252904,224.97,177.30691141747096,78.9595561468309,126.62264472935995
1,20260919T032749Z-394330f6,2026-09-19 03:27:49+00:00,morning,2026-09-22 08:00:00+00:00,3,36.97494400125579,179.63,142.65505599874422,81.32935834045739,118.30430234171318
1,20260919T032749Z-394330f6,2026-09-19 03:27:49+00:00,morning,2026-09-22 09:00:00+00:00,3,26.529453909078672,156.89,130.3605460909213,51.665567430834564,78.19502133991324
1,20260919T032749Z-394330f6,2026-09-19 03:27:49+00:00,morning,2026-09-22 10:00:00+00:00,3,23.099331995567717,125.42,102.32066800443229,52.51618996878998,75.6155219643577
1,20260919T032749Z-394330f6,2026-09-19 03:27:49+00:00,morning,2026-09-22 11:00:00+00:00,3,19.661284514160386,117.28,97.61871548583962,42.038008556503826,61.69929307066421
1,20260919T032749Z-394330f6,2026-09-19 03:27:49+00:00,morning,2026-09-22 12:00:00+00:00,3,19.59521050604037,115.57,95.97478949395962,39.81809580073096,59.41330630677133
1,20260919T032749Z-394330f6,2026-09-19 03:27:49+00:00,morning,2026-09-22 13:00:00+00:00,3,24.752450330436027,128.32,103.56754966956396,40.27997667198181,65.03242700241783
1,20260919T032749Z-394330f6,2026-09-19 03:27:49+00:00,morning,2026-09-22 14:00:00+00:00,3,33.80113406103115,148.28,114.47886593896885,30.725081357045575,64.52621541807673
1,20260919T032749Z-394330f6,2026-09-19 03:27:49+00:00,morning,2026-09-22 15:00:00+00:00,3,50.18087461242145,165.16,114.97912538757855,19.45835921421431,69.63923382663576
1,20260919T032749Z-394330f6,2026-09-19 03:27:49+00:00,morning,2026-09-22 16:00:00+00:00,3,56.13309927865835,245.59,189.45690072134164,19.09587186341678,75.22897114207512
1,20260919T032749Z-394330f6,2026-09-19 03:27:49+00:00,morning,2026-09-22 17:00:00+00:00,3,50.801608490286405,334.63,283.8283915097136,6.974220072817322,57.77582856310373
1,20260919T032749Z-394330f6,2026-09-19 03:27:49+00:00,morning,2026-09-22 18:00:00+00:00,3,38.8027193090432,256.39,217.5872806909568,18.34603152758539,57.14875083662859
1,20260919T032749Z-394330f6,2026-09-19 03:27:49+00:00,morning,2026-09-22 19:00:00+00:00,3,34.88393156847593,194.5,159.61606843152407,21.042406939202387,55.92633850767832
1,20260919T032749Z-394330f6,2026-09-19 03:27:49+00:00,morning,2026-09-22 20:00:00+00:00,3,18.737203813940724,148.0,129.2627961860593,21.69069228788929,40.427896101830015
1,20260919T032749Z-394330f6,2026-09-19 03:27:49+00:00,morning,2026-09-22 21:00:00+00:00,4,7.390799823041814,101.7,94.30920017695819,36.6607934226227,44.05159324566452
1,20260919T032749Z-394330f6,2026-09-19 03:27:49+00:00,morning,2026-09-22 22:00:00+00:00,4,19.362361515151484,136.26,116.8976384848485,32.771611506855955,52.13397302200744
1,20260919T032749Z-394330f6,2026-09-19 03:27:49+00:00,morning,2026-09-22 23:00:00+00:00,4,13.896380014082252,124.31,110.41361998591775,37.46240799434975,51.35878800843201
1,20260919T032749Z-394330f6,2026-09-19 03:27:49+00:00,morning,2026-09-23 00:00:00+00:00,4,11.353432425952088,123.74,112.3865675740479,47.00399708207907,58.35742950803115
1,20260919T032749Z-394330f6,2026-09-19 03:27:49+00:00,morning,2026-09-23 01:00:00+00:00,4,13.128618217727007,102.58,89.45138178227299,43.294475817638734,56.42309403536574
1,20260919T032749Z-394330f6,2026-09-19 03:27:49+00:00,morning,2026-09-23 02:00:00+00:00,4,12.937378763809166,102.57,89.63262123619083,44.94939133831093,57.886770102120096
1,20260919T032749Z-394330f6,2026-09-19 03:27:49+00:00,morning,2026-09-23 03:00:00+00:00,4,19.172581885668308,133.32,114.14741811433169,43.74871662480965,62.92129851047796
1,20260919T032749Z-394330f6,2026-09-19 03:27:49+00:00,morning,2026-09-23 04:00:00+00:00,4,33.61221195828954,157.85,124.23778804171044,41.192352142237404,74.80456410052695
1,20260919T032749Z-394330f6,2026-09-19 03:27:49+00:00,morning,2026-09-23 05:00:00+00:00,4,47.52262668558,169.2,121.67737331441998,19.011176200489057,66.53380288606905
1,20260919T032749Z-394330f6,2026-09-19 03:27:49+00:00,morning,2026-09-23 06:00:00+00:00,4,49.59292995436908,177.54,127.94707004563091,18.81748511287081,68.4104150672399
1,20260919T032749Z-394330f6,2026-09-19 03:27:49+00:00,morning,2026-09-23 07:00:00+00:00,4,47.66288318279184,170.34,122.67711681720817,21.891171295023494,69.55405447781533
1,20260919T032749Z-394330f6,2026-09-19 03:27:49+00:00,morning,2026-09-23 08:00:00+00:00,4,36.97477587962732,152.65,115.67522412037269,28.30309265204829,65.27786853167561
1,20260919T032749Z-394330f6,2026-09-19 03:27:49+00:00,morning,2026-09-23 09:00:00+00:00,4,26.5293418626244,135.29,108.7606581373756,27.10291722648024,53.632259089104636
1,20260919T032749Z-394330f6,2026-09-19 03:27:49+00:00,morning,2026-09-23 10:00:00+00:00,4,23.099270257184155,128.59,105.49072974281584,27.930309759118746,51.0295800163029
1,20260919T032749Z-394330f6,2026-09-19 03:27:49+00:00,morning,2026-09-23 11:00:00+00:00,4,19.66120314561375,121.9,102.23879685438625,25.466359729717954,45.127562875331705
1,20260919T032749Z-394330f6,2026-09-19 03:27:49+00:00,morning,2026-09-23 12:00:00+00:00,4,19.595067175332705,121.77,102.1749328246673,20.76126743269869,40.356334608031396
1,20260919T032749Z-394330f6,2026-09-19 03:27:49+00:00,morning,2026-09-23 13:00:00+00:00,4,24.752254069470894,123.39,98.6377459305291,18.35209032798608,43.10434439745697
1,20260919T032749Z-394330f6,2026-09-19 03:27:49+00:00,morning,2026-09-23 14:00:00+00:00,4,33.800885747578405,132.85,99.04911425242159,11.046742298090527,44.847628045668934
1,20260919T032749Z-394330f6,2026-09-19 03:27:49+00:00,morning,2026-09-23 15:00:00+00:00,4,50.18055565323917,161.44,111.25944434676083,-8.56330991183006,41.61724574140911
1,20260919T032749Z-394330f6,2026-09-19 03:27:49+00:00,morning,2026-09-23 16:00:00+00:00,4,56.13276750591598,201.7,145.567232494084,-29.52519210021499,26.607575405700988
1,20260919T032749Z-394330f6,2026-09-19 03:27:49+00:00,morning,2026-09-23 17:00:00+00:00,4,50.80103890022991,154.84,104.03896109977009,-20.183496112179444,30.617542788050468
1,20260919T032749Z-394330f6,2026-09-19 03:27:49+00:00,morning,2026-09-23 18:00:00+00:00,4,38.8021449899528,147.72,108.91785501004719,-3.6825669750028425,35.11957801494996
1,20260919T032749Z-394330f6,2026-09-19 03:27:49+00:00,morning,2026-09-23 19:00:00+00:00,4,34.8832790125582,70.09,35.206720987441805,-1.5204092548956616,33.36286975766254
1,20260919T032749Z-394330f6,2026-09-19 03:27:49+00:00,morning,2026-09-23 20:00:00+00:00,4,18.73659210882539,39.04,20.303407891174608,13.43368970492817,32.17028181375356
1,20260919T032749Z-394330f6,2026-09-19 03:27:49+00:00,morning,2026-09-23 21:00:00+00:00,5,9.078596571040016,35.5,26.421403428959984,35.52627114004863,44.604867711088644
1,20260919T032749Z-394330f6,2026-09-19 03:27:49+00:00,morning,2026-09-23 22:00:00+00:00,5,20.57124479770247,101.35,80.77875520229753,33.08121787554315,53.65246267324562
1,20260919T032749Z-394330f6,2026-09-19 03:27:49+00:00,morning,2026-09-23 23:00:00+00:00,5,15.323901464690026,103.88,88.55609853530997,39.34667635524333,54.67057781993336
1,20260919T032749Z-394330f6,2026-09-19 03:27:49+00:00,morning,2026-09-24 00:00:00+00:00,5,12.882691144853162,110.9,98.01730885514684,45.50207486906856,58.38476601392172
1,20260919T032749Z-394330f6,2026-09-19 03:27:49+00:00,morning,2026-09-24 01:00:00+00:00,5,14.586928225708393,100.73,86.14307177429161,45.4956455484524,60.08257377416079
1,20260919T032749Z-394330f6,2026-09-19 03:27:49+00:00,morning,2026-09-24 02:00:00+00:00,5,14.403423149613602,97.77,83.3665768503864,45.52946172311774,59.93288487273134
1,20260919T032749Z-394330f6,2026-09-19 03:27:49+00:00,morning,2026-09-24 03:00:00+00:00,5,20.389324764963067,106.85,86.46067523503693,44.934879265400916,65.32420403036399
1,20260919T032749Z-394330f6,2026-09-19 03:27:49+00:00,morning,2026-09-24 04:00:00+00:00,5,34.251481135418814,119.34,85.08851886458119,45.029098631028184,79.280579766447
1,20260919T032749Z-394330f6,2026-09-19 03:27:49+00:00,morning,2026-09-24 05:00:00+00:00,5,47.605558839462056,173.34,125.73444116053795,30.21329943078693,77.81885827024898
1,20260919T032749Z-394330f6,2026-09-19 03:27:49+00:00,morning,2026-09-24 06:00:00+00:00,5,49.59301316742259,227.37,177.77698683257742,30.019608343168674,79.61262151059127
1,20260919T032749Z-394330f6,2026-09-19 03:27:49+00:00,morning,2026-09-24 07:00:00+00:00,5,47.74022633108604,202.47,154.72977366891396,33.09329452532139,80.83352085640743
1,20260919T032749Z-394330f6,2026-09-19 03:27:49+00:00,morning,2026-09-24 08:00:00+00:00,5,37.479757637582765,173.02,135.54024236241725,32.98227432269757,70.46203196028034
1,20260919T032749Z-394330f6,2026-09-19 03:27:49+00:00,morning,2026-09-24 09:00:00+00:00,5,27.4521846522148,170.98,143.52781534778518,19.273430665458786,46.725615317673586
1,20260919T032749Z-394330f6,2026-09-19 03:27:49+00:00,morning,2026-09-24 10:00:00+00:00,5,24.15933422713988,137.68,113.52066577286013,19.670106701549287,43.829440928689166
1,20260919T032749Z-394330f6,2026-09-19 03:27:49+00:00,morning,2026-09-24 11:00:00+00:00,5,20.858800586294286,145.76,124.90119941370571,12.007586593841072,32.86638718013536
1,20260919T032749Z-394330f6,2026-09-19 03:27:49+00:00,morning,2026-09-24 12:00:00+00:00,5,20.795382507047574,140.03,119.23461749295242,6.303849812898658,27.099232319946232
1,20260919T032749Z-394330f6,2026-09-19 03:27:49+00:00,morning,2026-09-24 13:00:00+00:00,5,25.746299976565822,137.74,111.99370002343419,3.8630648214734764,29.609364798039298
1,20260919T032749Z-394330f6,2026-09-19 03:27:49+00:00,morning,2026-09-24 14:00:00+00:00,5,34.4330533587177,127.6,93.1669466412823,2.122693467449389,36.55574682616709
1,20260919T032749Z-394330f6,2026-09-19 03:27:49+00:00,morning,2026-09-24 15:00:00+00:00,5,50.15760995512622,140.0,89.84239004487378,-12.622162354858201,37.535447600268014
1,20260919T032749Z-394330f6,2026-09-19 03:27:49+00:00,morning,2026-09-24 16:00:00+00:00,5,55.87161258920455,157.48,101.60838741079544,-30.762177705491528,25.109434883713025
1,20260919T032749Z-394330f6,2026-09-19 03:27:49+00:00,morning,2026-09-24 17:00:00+00:00,5,50.753108771692126,176.21,125.45689122830788,-24.61262188751915,26.140486884172976
1,20260919T032749Z-394330f6,2026-09-19 03:27:49+00:00,morning,2026-09-24 18:00:00+00:00,5,39.23422883223265,161.52,122.28577116776736,-9.884497375573696,29.349731456658958
1,20260919T032749Z-394330f6,2026-09-19 03:27:49+00:00,morning,2026-09-24 19:00:00+00:00,5,35.47257929814475,130.03,94.55742070185525,-10.472185363875075,25.000393934269674
1,20260919T032749Z-394330f6,2026-09-19 03:27:49+00:00,morning,2026-09-24 20:00:00+00:00,5,19.971597679419048,93.8,73.82840232058095,3.0045656360246844,22.97616331544373
1,20260919T032749Z-394330f6,2026-09-19 03:27:49+00:00,morning,2026-09-24 21:00:00+00:00,6,10.766817499333117,49.03,38.263182500666886,4.920944878344988,15.687762377678105
1,20260919T032749Z-394330f6,2026-09-19 03:27:49+00:00,morning,2026-09-24 22:00:00+00:00,6,21.78058527694929,34.99,13.209414723050713,-4.229302838382604,17.551282438566684
1,20260919T032749Z-394330f6,2026-09-19 03:27:49+00:00,morning,2026-09-24 23:00:00+00:00,6,16.7520325224112,33.0,16.2479674775888,3.192606977411018,19.944639499822216
1,20260919T032749Z-394330f6,2026-09-19 03:27:49+00:00,morning,2026-09-25 00:00:00+00:00,6,14.412624776525025,34.14,19.727375223474976,40.11393787210882,54.52656264863384
1,20260919T032749Z-394330f6,2026-09-19 03:27:49+00:00,morning,2026-09-25 01:00:00+00:00,6,16.045901914950136,35.0,18.954098085049864,39.5457333598588,55.59163527480894
1,20260919T032749Z-394330f6,2026-09-19 03:27:49+00:00,morning,2026-09-25 02:00:00+00:00,6,15.8699678933742,29.99,14.120032106625798,43.16724271346168,59.037210606835885
1,20260919T032749Z-394330f6,2026-09-19 03:27:49+00:00,morning,2026-09-25 03:00:00+00:00,6,21.606421002693303,32.15,10.543578997306696,39.63445690087555,61.24087790356885
1,20260919T032749Z-394330f6,2026-09-19 03:27:49+00:00,morning,2026-09-25 04:00:00+00:00,6,34.89088290928098,30.09,-4.800882909280983,14.904637163115067,49.79552007239605
1,20260919T032749Z-394330f6,2026-09-19 03:27:49+00:00,morning,2026-09-25 05:00:00+00:00,6,47.68850666466283,41.51,-6.178506664662834,8.78925267731002,56.477759341972856
1,20260919T032749Z-394330f6,2026-09-19 03:27:49+00:00,morning,2026-09-25 06:00:00+00:00,6,49.59296367530976,50.0,0.40703632469023887,5.222170002936647,54.81513367824641
1,20260919T032749Z-394330f6,2026-09-19 03:27:49+00:00,morning,2026-09-25 07:00:00+00:00,6,47.817257783938565,69.41,21.59274221606143,8.597577949445252,56.41483573338382
1,20260919T032749Z-394330f6,2026-09-19 03:27:49+00:00,morning,2026-09-25 08:00:00+00:00,6,37.984174138421984,115.48,77.49582586157803,4.427300307300154,42.411474445722135
1,20260919T032749Z-394330f6,2026-09-19 03:27:49+00:00,morning,2026-09-25 09:00:00+00:00,6,28.37443496979767,138.0,109.62556503020232,15.05600036593527,43.43043533573294
1,20260919T032749Z-394330f6,2026-09-19 03:27:49+00:00,morning,2026-09-25 10:00:00+00:00,6,25.2188382865812,117.7,92.4811617134188,10.815229392714683,36.03406767929588
1,20260919T032749Z-394330f6,2026-09-19 03:27:49+00:00,morning,2026-09-25 11:00:00+00:00,6,22.05586851548208,102.12,80.06413148451793,-0.487833992586446,21.568034522895633
1,20260919T032749Z-394330f6,2026-09-19 03:27:49+00:00,morning,2026-09-25 12:00:00+00:00,6,21.99514352240855,74.67,52.67485647759145,-3.6844506704170956,18.310692851991455
1,20260919T032749Z-394330f6,2026-09-19 03:27:49+00:00,morning,2026-09-25 13:00:00+00:00,6,26.73977800257719,72.56,45.82022199742281,-3.933790113955506,22.805987888621683
1,20260919T032749Z-394330f6,2026-09-19 03:27:49+00:00,morning,2026-09-25 14:00:00+00:00,6,35.06456424488912,96.66,61.59543575511088,0.004358976805758466,35.06892322169488
1,20260919T032749Z-394330f6,2026-09-19 03:27:49+00:00,morning,2026-09-25 15:00:00+00:00,6,50.13369512830356,92.14,42.00630487169644,-7.111878836271941,43.021816292031616
1,20260919T032749Z-394330f6,2026-09-19 03:27:49+00:00,morning,2026-09-25 16:00:00+00:00,6,55.60960013911985,69.02,13.410399860880148,-46.728076785897635,8.881523353222214
1,20260919T032749Z-394330f6,2026-09-19 03:27:49+00:00,morning,2026-09-25 17:00:00+00:00,6,50.7044715757052,66.57,15.865528424294794,-45.349056300808336,5.355415274896863
1,20260919T032749Z-394330f6,2026-09-19 03:27:49+00:00,morning,2026-09-25 18:00:00+00:00,6,39.66549130246847,49.47,9.804508697531531,-34.76587551505099,4.899615787417474
1,20260919T032749Z-394330f6,2026-09-19 03:27:49+00:00,morning,2026-09-25 19:00:00+00:00,6,36.06016251823732,35.84,-0.22016251823731636,-36.37075482027578,-0.310592302038458
1,20260919T032749Z-394330f6,2026-09-19 03:27:49+00:00,morning,2026-09-25 20:00:00+00:00,6,21.205367704479944,37.18,15.974632295520056,-33.67859758648048,-12.473229882000535
1,20260919T032749Z-394330f6,2026-09-19 03:27:49+00:00,morning,2026-09-25 21:00:00+00:00,7,10.69516462671446,34.32,23.624835373285542,9.010204011979805,19.705368638694267
1,20260919T032749Z-394330f6,2026-09-19 03:27:49+00:00,morning,2026-09-25 22:00:00+00:00,7,21.23009258474041,25.0,3.7699074152595884,2.432903725124469,23.66299630986488
1,20260919T032749Z-394330f6,2026-09-19 03:27:49+00:00,morning,2026-09-25 23:00:00+00:00,7,16.42005850617288,25.88,9.45994149382712,9.674389416583228,26.094447922756107
1,20260919T032749Z-394330f6,2026-09-19 03:27:49+00:00,morning,2026-09-26 00:00:00+00:00,7,14.182306023172288,28.82,14.637693976827713,16.139416020808223,30.32172204398051
1,20260919T032749Z-394330f6,2026-09-19 03:27:49+00:00,morning,2026-09-26 01:00:00+00:00,7,15.74460750568442,29.24,13.495392494315578,14.4479875675209,30.19259507320532
1,20260919T032749Z-394330f6,2026-09-19 03:27:49+00:00,morning,2026-09-26 02:00:00+00:00,7,15.576372624167306,29.1,13.523627375832696,22.95680863771891,38.53318126188621
1,20260919T032749Z-394330f6,2026-09-19 03:27:49+00:00,morning,2026-09-26 03:00:00+00:00,7,21.06344696754865,30.15,9.086553032451349,23.169846600808658,44.23329356835731
1,20260919T032749Z-394330f6,2026-09-19 03:27:49+00:00,morning,2026-09-26 04:00:00+00:00,7,33.770390454719205,32.29,-1.4803904547192062,24.10194362347428,57.87233407819349
1,20260919T032749Z-394330f6,2026-09-19 03:27:49+00:00,morning,2026-09-26 05:00:00+00:00,7,46.011633905877055,30.89,-15.121633905877054,15.53776130290123,61.549395208778286
1,20260919T032749Z-394330f6,2026-09-19 03:27:49+00:00,morning,2026-09-26 06:00:00+00:00,7,47.83346301190622,32.97,-14.86346301190622,8.8430559218616,56.67651893376782
1,20260919T032749Z-394330f6,2026-09-19 03:27:49+00:00,morning,2026-09-26 07:00:00+00:00,7,46.13488964087534,34.57,-11.564889640875343,15.765033213420674,61.899922854296015
1,20260919T032749Z-394330f6,2026-09-19 03:27:49+00:00,morning,2026-09-26 08:00:00+00:00,7,36.72926273564953,42.99,6.260737264350475,16.35849717775425,53.08775991340377
1,20260919T032749Z-394330f6,2026-09-19 03:27:49+00:00,morning,2026-09-26 09:00:00+00:00,7,27.53724604141211,43.03,15.49275395858789,12.557571681851428,40.09481772326354
1,20260919T032749Z-394330f6,2026-09-19 03:27:49+00:00,morning,2026-09-26 10:00:00+00:00,7,24.518761634392995,29.23,4.711238365607006,12.126678368969493,36.64544000336249
1,20260919T032749Z-394330f6,2026-09-19 03:27:49+00:00,morning,2026-09-26 11:00:00+00:00,7,21.493315254329172,19.42,-2.07331525432917,0.17437148286331128,21.667686737192483
1,20260919T032749Z-394330f6,2026-09-19 03:27:49+00:00,morning,2026-09-26 12:00:00+00:00,7,21.43514348353719,13.29,-8.14514348353719,0.9162823840343435,22.351425867571532
1,20260919T032749Z-394330f6,2026-09-19 03:27:49+00:00,morning,2026-09-26 13:00:00+00:00,7,25.97341945942491,22.59,-3.3834194594249105,-9.203877612237065,16.769541847187845
1,20260919T032749Z-394330f6,2026-09-19 03:27:49+00:00,morning,2026-09-26 14:00:00+00:00,7,33.93631076787142,24.99,-8.94631076787142,4.2146656642315605,38.15097643210298
1,20260919T032749Z-394330f6,2026-09-19 03:27:49+00:00,morning,2026-09-26 15:00:00+00:00,7,48.35033098039735,28.93,-19.420330980397353,-1.2019603825214158,47.14837059787594
1,20260919T032749Z-394330f6,2026-09-19 03:27:49+00:00,morning,2026-09-26 16:00:00+00:00,7,53.58812671209379,39.97,-13.61812671209379,-25.954051605045137,27.634075107048652
1,20260919T032749Z-394330f6,2026-09-19 03:27:49+00:00,morning,2026-09-26 17:00:00+00:00,7,48.89624948939375,38.03,-10.866249489393752,-16.24783990287824,32.64840958651551
1,20260919T032749Z-394330f6,2026-09-19 03:27:49+00:00,morning,2026-09-26 18:00:00+00:00,7,38.33726676662779,34.42,-3.9172667666277903,-20.268758372092453,18.06850839453534
1,20260919T032749Z-394330f6,2026-09-19 03:27:49+00:00,morning,2026-09-26 19:00:00+00:00,7,34.888722024406654,21.72,-13.168722024406655,-23.73815288489013,11.150569139516524
1,20260919T032749Z-394330f6,2026-09-19 03:27:49+00:00,morning,2026-09-26 20:00:00+00:00,7,20.679612429108907,19.49,-1.1896124291089087,-28.98799025388854,-8.308377824779633
1,20260919T032749Z-394330f6,2026-09-19 03:27:49+00:00,morning,2026-09-26 21:00:00+00:00,8,12.463053306977722,15.83,3.3669466930222782,-0.49202243741400764,11.971030869563714
1,20260919T032749Z-394330f6,2026-09-19 03:27:49+00:00,morning,2026-09-26 22:00:00+00:00,8,22.519304582171,13.08,-9.439304582171,-7.052086372796495,15.467218209374504
1,20260919T032749Z-394330f6,2026-09-19 03:27:49+00:00,morning,2026-09-26 23:00:00+00:00,8,17.92791672933121,17.76,-0.16791672933120694,-7.963906196534528,9.964010532796681
1,20260919T032749Z-394330f6,2026-09-19 03:27:49+00:00,morning,2026-09-27 00:00:00+00:00,8,15.79191817703806,14.3,-1.491918177038059,-1.5162584934174845,14.275659683620574
1,20260919T032749Z-394330f6,2026-09-19 03:27:49+00:00,morning,2026-09-27 01:00:00+00:00,8,17.283176043407856,12.81,-4.473176043407856,-0.03207057929382105,17.251105464114033
1,20260919T032749Z-394330f6,2026-09-19 03:27:49+00:00,morning,2026-09-27 02:00:00+00:00,8,17.122579500728435,10.74,-6.3825795007284345,4.8950902435554235,22.017669744283857
1,20260919T032749Z-394330f6,2026-09-19 03:27:49+00:00,morning,2026-09-27 03:00:00+00:00,8,22.3602480004378,9.99,-12.3702480004378,5.521808457493367,27.882056457931167
1,20260919T032749Z-394330f6,2026-09-19 03:27:49+00:00,morning,2026-09-27 04:00:00+00:00,8,34.4896748901844,9.7,-24.789674890184404,1.9099632734075012,36.3996381635919
1,20260919T032749Z-394330f6,2026-09-19 03:27:49+00:00,morning,2026-09-27 05:00:00+00:00,8,46.174462114005976,10.0,-36.174462114005976,-6.269338582564902,39.90512353144108
1,20260919T032749Z-394330f6,2026-09-19 03:27:49+00:00,morning,2026-09-27 06:00:00+00:00,8,47.91348787399757,9.99,-37.923487873997566,-13.706909408442858,34.20657846555471
1,20260919T032749Z-394330f6,2026-09-19 03:27:49+00:00,morning,2026-09-27 07:00:00+00:00,8,46.2921082925004,39.62,-6.672108292500404,-6.534686889810466,39.757421402689936
1,20260919T032749Z-394330f6,2026-09-19 03:27:49+00:00,morning,2026-09-27 08:00:00+00:00,8,37.313996247306925,29.81,-7.503996247306926,-6.169529651481886,31.144466595825037
1,20260919T032749Z-394330f6,2026-09-19 03:27:49+00:00,morning,2026-09-27 09:00:00+00:00,8,28.539870006279244,19.49,-9.049870006279246,-15.585490728734097,12.954379277545147
1,20260919T032749Z-394330f6,2026-09-19 03:27:49+00:00,morning,2026-09-27 10:00:00+00:00,8,25.658463098157885,19.49,-6.168463098157886,-17.350615023314077,8.307848074843807
1,20260919T032749Z-394330f6,2026-09-19 03:27:49+00:00,morning,2026-09-27 11:00:00+00:00,8,22.770470598349863,19.9,-2.870470598349865,-30.53312037506054,-7.762649776710678
1,20260919T032749Z-394330f6,2026-09-19 03:27:49+00:00,morning,2026-09-27 12:00:00+00:00,8,22.714937014640217,16.35,-6.3649370146402156,-30.58640343259433,-7.871466417954114
1,20260919T032749Z-394330f6,2026-09-19 03:27:49+00:00,morning,2026-09-27 13:00:00+00:00,8,27.046991517160095,19.99,-7.056991517160096,-27.329726575499443,-0.2827350583393482
1,20260919T032749Z-394330f6,2026-09-19 03:27:49+00:00,morning,2026-09-27 14:00:00+00:00,8,34.64777326641654,21.99,-12.657773266416545,-22.406425986466907,12.241347279949636
1,20260919T032749Z-394330f6,2026-09-19 03:27:49+00:00,morning,2026-09-27 15:00:00+00:00,8,48.40663588803312,38.73,-9.676635888033125,-25.449827995993992,22.95680789203913
1,20260919T032749Z-394330f6,2026-09-19 03:27:49+00:00,morning,2026-09-27 16:00:00+00:00,8,53.40652501298376,47.2,-6.206525012983754,-45.58608624886761,7.8204387641161475
1,20260919T032749Z-394330f6,2026-09-19 03:27:49+00:00,morning,2026-09-27 17:00:00+00:00,8,48.927947025076,43.76,-5.167947025076003,-35.80140147449388,13.126545550582122
1,20260919T032749Z-394330f6,2026-09-19 03:27:49+00:00,morning,2026-09-27 18:00:00+00:00,8,38.84892404979942,37.3,-1.5489240497994246,-32.06541199991097,6.783512049888451
1,20260919T032749Z-394330f6,2026-09-19 03:27:49+00:00,morning,2026-09-27 19:00:00+00:00,8,35.557169881679336,33.57,-1.9871698816793355,-32.821398869693205,2.735771011986131
1,20260919T032749Z-394330f6,2026-09-19 03:27:49+00:00,morning,2026-09-27 20:00:00+00:00,8,21.993982687062797,32.18,10.186017312937203,-33.851087159290934,-11.857104472228137
1,20260919T032749Z-394330f6,2026-09-19 03:27:49+00:00,morning,2026-09-27 21:00:00+00:00,9,15.831532891144692,19.54,3.7084671088553076,15.302474761596267,31.13400765274096
1,20260919T032749Z-394330f6,2026-09-19 03:27:49+00:00,morning,2026-09-27 22:00:00+00:00,9,25.408911676554773,21.96,-3.448911676554772,21.356029159437128,46.7649408359919
1,20260919T032749Z-394330f6,2026-09-19 03:27:49+00:00,morning,2026-09-27 23:00:00+00:00,9,21.03613651076625,9.64,-11.396136510766251,17.473325813013215,38.509462323779466
1,20260919T032749Z-394330f6,2026-09-19 03:27:49+00:00,morning,2026-09-28 00:00:00+00:00,9,19.00183250192999,6.88,-12.12183250192999,23.72777072619351,42.729603228123494
1,20260919T032749Z-394330f6,2026-09-19 03:27:49+00:00,morning,2026-09-28 01:00:00+00:00,9,20.422135869405796,5.03,-15.392135869405795,25.90678206194652,46.328917931352315
1,20260919T032749Z-394330f6,2026-09-19 03:27:49+00:00,morning,2026-09-28 02:00:00+00:00,9,20.269223830007608,4.09,-16.179223830007608,28.252515303450718,48.521739133458325
1,20260919T032749Z-394330f6,2026-09-19 03:27:49+00:00,morning,2026-09-28 03:00:00+00:00,9,25.257443049084788,4.78,-20.477443049084787,32.846145284969296,58.10358833405408
1,20260919T032749Z-394330f6,2026-09-19 03:27:49+00:00,morning,2026-09-28 04:00:00+00:00,9,36.809200205831374,6.33,-30.479200205831376,30.617182717917785,67.42638292374916
1,20260919T032749Z-394330f6,2026-09-19 03:27:49+00:00,morning,2026-09-28 05:00:00+00:00,9,47.93761160471762,12.95,-34.987611604717614,42.11746864135941,90.05508024607703
1,20260919T032749Z-394330f6,2026-09-19 03:27:49+00:00,morning,2026-09-28 06:00:00+00:00,9,49.59387749894833,15.02,-34.573877498948335,36.85919796936304,86.45307546831137
1,20260919T032749Z-394330f6,2026-09-19 03:27:49+00:00,morning,2026-09-28 07:00:00+00:00,9,48.04965235218368,13.23,-34.81965235218368,35.9982472766107,84.04789962879437
1,20260919T032749Z-394330f6,2026-09-19 03:27:49+00:00,morning,2026-09-28 08:00:00+00:00,9,39.49901509043751,6.55,-32.94901509043751,43.0853988003637,82.58441389080122
1,20260919T032749Z-394330f6,2026-09-19 03:27:49+00:00,morning,2026-09-28 09:00:00+00:00,9,31.14256930632929,5.4,-25.742569306329287,24.85570035028409,55.998269656613374
1,20260919T032749Z-394330f6,2026-09-19 03:27:49+00:00,morning,2026-09-28 10:00:00+00:00,9,28.39858154782828,3.67,-24.728581547828277,20.670604669836806,49.069186217665084
1,20260919T032749Z-394330f6,2026-09-19 03:27:49+00:00,morning,2026-09-28 11:00:00+00:00,9,25.648215045518448,3.56,-22.08821504551845,10.708681938970809,36.356896984489254
1,20260919T032749Z-394330f6,2026-09-19 03:27:49+00:00,morning,2026-09-28 12:00:00+00:00,9,25.59523862563349,3.76,-21.835238625633487,5.327659975010284,30.922898600643773
1,20260919T032749Z-394330f6,2026-09-19 03:27:49+00:00,morning,2026-09-28 13:00:00+00:00,9,29.721085995859184,3.87,-25.851085995859183,8.421660073930827,38.14274606979001
1,20260919T032749Z-394330f6,2026-09-19 03:27:49+00:00,morning,2026-09-28 14:00:00+00:00,9,36.96002736658198,5.0,-31.960027366581983,1.94709464914522,38.907122015727204
1,20260919T032749Z-394330f6,2026-09-19 03:27:49+00:00,morning,2026-09-28 15:00:00+00:00,9,50.06375872739336,8.3,-41.763758727393366,-6.496487644797848,43.56727108259552
1,20260919T032749Z-394330f6,2026-09-19 03:27:49+00:00,morning,2026-09-28 16:00:00+00:00,9,54.8253821080135,8.33,-46.4953821080135,-17.739653731983626,37.08572837602988
1,20260919T032749Z-394330f6,2026-09-19 03:27:49+00:00,morning,2026-09-28 17:00:00+00:00,9,50.56013864133048,8.56,-42.00013864133048,-30.137524904668492,20.42261373666199
1,20260919T032749Z-394330f6,2026-09-19 03:27:49+00:00,morning,2026-09-28 18:00:00+00:00,9,40.96100098848788,6.43,-34.53100098848788,-9.894169526165772,31.06683146232211
1,20260919T032749Z-394330f6,2026-09-19 03:27:49+00:00,morning,2026-09-28 19:00:00+00:00,9,37.82602855604249,5.7,-32.126028556042485,-13.87557470551642,23.950453850526067
1,20260919T032749Z-394330f6,2026-09-19 03:27:49+00:00,morning,2026-09-28 20:00:00+00:00,9,24.908778671492197,9.04,-15.868778671492198,-18.775630084267284,6.1331485872249125
1,20260919T032749Z-394330f6,2026-09-19 03:27:49+00:00,morning,2026-09-28 21:00:00+00:00,10,17.52022484876554,5.29,-12.230224848765541,9.510353088950913,27.03057793771645
1,20260919T032749Z-394330f6,2026-09-19 03:27:49+00:00,morning,2026-09-28 22:00:00+00:00,10,26.61867299269845,5.0,-21.61867299269845,13.624713550170267,40.24338654286872
1,20260919T032749Z-394330f6,2026-09-19 03:27:49+00:00,morning,2026-09-28 23:00:00+00:00,10,22.464637356610275,4.0,-18.464637356610275,13.627967918207965,36.09260527481824
1,20260919T032749Z-394330f6,2026-09-19 03:27:49+00:00,morning,2026-09-29 00:00:00+00:00,10,20.53200928768828,5.02,-15.51200928768828,13.562105403423216,34.09411469111149
1,20260919T032749Z-394330f6,2026-09-19 03:27:49+00:00,morning,2026-09-29 01:00:00+00:00,10,21.881172171566984,7.38,-14.501172171566985,11.623321586310617,33.5044937578776
1,20260919T032749Z-394330f6,2026-09-19 03:27:49+00:00,morning,2026-09-29 02:00:00+00:00,10,21.735822519399346,9.03,-12.705822519399346,26.160779931192664,47.89660245059201
1,20260919T032749Z-394330f6,2026-09-19 03:27:49+00:00,morning,2026-09-29 03:00:00+00:00,10,26.4745500812318,21.79,-4.6845500812318015,40.097080080554264,66.57163016178606
1,20260919T032749Z-394330f6,2026-09-19 03:27:49+00:00,morning,2026-09-29 04:00:00+00:00,10,37.44863209120034,22.06,-15.38863209120034,46.30265407551943,83.75128616671977
1,20260919T032749Z-394330f6,2026-09-19 03:27:49+00:00,morning,2026-09-29 05:00:00+00:00,10,48.02054602355281,39.91,-8.110546023552814,37.44655378520736,85.46709980876017
1,20260919T032749Z-394330f6,2026-09-19 03:27:49+00:00,morning,2026-09-29 06:00:00+00:00,10,49.59394430217364,89.88,40.286055697826356,37.25286269758911,86.84680699976275
1,20260919T032749Z-394330f6,2026-09-19 03:27:49+00:00,morning,2026-09-29 07:00:00+00:00,10,48.12696157539314,93.85,45.723038424606855,37.393484887030425,85.52044646242356
1,20260919T032749Z-394330f6,2026-09-19 03:27:49+00:00,morning,2026-09-29 08:00:00+00:00,10,40.00391040681383,114.2,74.19608959318617,45.44157000988532,85.44548041669916
1,20260919T032749Z-394330f6,2026-09-19 03:27:49+00:00,morning,2026-09-29 09:00:00+00:00,10,32.065388534572776,110.26,78.19461146542723,13.073006967376138,45.138395501948914
1,20260919T032749Z-394330f6,2026-09-19 03:27:49+00:00,morning,2026-09-29 10:00:00+00:00,10,29.4584867027718,105.26,75.80151329722821,7.232780328597445,36.69126703136924
1,20260919T032749Z-394330f6,2026-09-19 03:27:49+00:00,morning,2026-09-29 11:00:00+00:00,10,26.845590478893925,98.44,71.59440952110607,3.5873880521733383,30.432978531067263
1,20260919T032749Z-394330f6,2026-09-19 03:27:49+00:00,morning,2026-09-29 12:00:00+00:00,10,26.795268274952445,98.33,71.53473172504755,-2.700591278242932,24.094676996709513
1,20260919T032749Z-394330f6,2026-09-19 03:27:49+00:00,morning,2026-09-29 13:00:00+00:00,10,30.714897211111904,103.95,73.2351027888881,-6.775224578657826,23.939672632454077
1,20260919T032749Z-394330f6,2026-09-19 03:27:49+00:00,morning,2026-09-29 14:00:00+00:00,10,37.591848170343184,108.8,71.20815182965681,-13.294984394699,24.296863775644184
1,20260919T032749Z-394330f6,2026-09-19 03:27:49+00:00,morning,2026-09-29 15:00:00+00:00,10,50.040285578064086,124.08,74.03971442193591,-36.27298077758168,13.767304800482407
1,20260919T032749Z-394330f6,2026-09-19 03:27:49+00:00,morning,2026-09-29 16:00:00+00:00,10,54.56378921798989,115.85,61.2862107820101,-37.488713995294276,17.075075222695617
1,20260919T032749Z-394330f6,2026-09-19 03:27:49+00:00,morning,2026-09-29 17:00:00+00:00,10,50.51171339263813,57.39,6.878286607361872,-46.68428264898,3.8274307436581267
1,20260919T032749Z-394330f6,2026-09-19 03:27:49+00:00,morning,2026-09-29 18:00:00+00:00,10,41.39256077357376,56.25,14.857439226426237,-36.40001009587716,4.992550677696606
1,20260919T032749Z-394330f6,2026-09-19 03:27:49+00:00,morning,2026-09-29 19:00:00+00:00,10,38.41425139100022,28.49,-9.924251391000222,-27.205384510177183,11.208866880823038
1,20260919T032749Z-394330f6,2026-09-19 03:27:49+00:00,morning,2026-09-29 20:00:00+00:00,10,26.142933954410168,39.0,12.857066045589832,-25.453777836658467,0.6891561177517005
1,20260919T032749Z-394330f6,2026-09-19 03:27:49+00:00,morning,2026-09-29 21:00:00+00:00,11,19.208232820590112,38.75,19.541767179409888,-34.900708654529204,-15.692475833939092
1,20260919T032749Z-394330f6,2026-09-19 03:27:49+00:00,morning,2026-09-29 22:00:00+00:00,11,27.827856678654666,40.56,12.732143321345337,-38.135517132223534,-10.307660453568868
1,20260919T032749Z-394330f6,2026-09-19 03:27:49+00:00,morning,2026-09-29 23:00:00+00:00,11,23.892510825914652,43.18,19.287489174085348,-35.08746882013658,-11.194957994221927
1,20260919T032749Z-394330f6,2026-09-19 03:27:49+00:00,morning,2026-09-30 00:00:00+00:00,11,22.061547611145045,52.32,30.258452388854955,-35.08746882013658,-13.025921208991534
1,20260919T032749Z-394330f6,2026-09-19 03:27:49+00:00,morning,2026-09-30 01:00:00+00:00,11,23.339777081260955,61.7,38.36022291873905,-34.68439271227288,-11.344615631011926
1,20260919T032749Z-394330f6,2026-09-19 03:27:49+00:00,morning,2026-09-30 02:00:00+00:00,11,23.20218572435593,82.08,58.87781427564407,-29.905876476769873,-6.703690752413941
1,20260919T032749Z-394330f6,2026-09-19 03:27:49+00:00,morning,2026-09-30 03:00:00+00:00,11,27.691564153555625,107.3,79.60843584644437,-31.419274878477957,-3.727710724922332
1,20260919T032749Z-394330f6,2026-09-19 03:27:49+00:00,morning,2026-09-30 04:00:00+00:00,11,38.08831666131582,154.8,116.7116833386842,-21.210180152894676,16.878136508421147
1,20260919T032749Z-394330f6,2026-09-19 03:27:49+00:00,morning,2026-09-30 05:00:00+00:00,11,48.103755241746285,197.27,149.16624475825373,-28.51026269708851,19.593492544657774
1,20260919T032749Z-394330f6,2026-09-19 03:27:49+00:00,morning,2026-09-30 06:00:00+00:00,11,49.594424098647295,210.56,160.9655759013527,-28.70395378470676,20.890470313940536
1,20260919T032749Z-394330f6,2026-09-19 03:27:49+00:00,morning,2026-09-30 07:00:00+00:00,11,48.20458952242024,240.26,192.05541047757976,-26.13965593316406,22.06493358925618
1,20260919T032749Z-394330f6,2026-09-19 03:27:49+00:00,morning,2026-09-30 08:00:00+00:00,11,40.50916292219179,149.94,109.4308370778082,-26.361201495935003,14.147961426256789
1,20260919T032749Z-394330f6,2026-09-19 03:27:49+00:00,morning,2026-09-30 09:00:00+00:00,11,32.988467735846584,116.87,83.88153226415342,-30.48404467043041,2.504423065416173
1,20260919T032749Z-394330f6,2026-09-19 03:27:49+00:00,morning,2026-09-30 10:00:00+00:00,11,30.51888047335499,113.71,83.191119526645,-34.529895950219895,-4.011015476864905
1,20260919T032749Z-394330f6,2026-09-19 03:27:49+00:00,morning,2026-09-30 11:00:00+00:00,11,28.0435548775068,108.27,80.2264451224932,-36.09818512941948,-8.054630251912677
1,20260919T032749Z-394330f6,2026-09-19 03:27:49+00:00,morning,2026-09-30 12:00:00+00:00,11,27.99602809798061,105.94,77.94397190201938,-40.48788753933588,-12.49185944135527
1,20260919T032749Z-394330f6,2026-09-19 03:27:49+00:00,morning,2026-09-30 13:00:00+00:00,11,31.709272005128355,99.94,68.23072799487164,-39.00594696113664,-7.296674956008282
1,20260919T032749Z-394330f6,2026-09-19 03:27:49+00:00,morning,2026-09-30 14:00:00+00:00,11,38.22423621971946,150.0,111.77576378028054,-37.64823264983559,0.5760035698838664
1,20260919T032749Z-394330f6,2026-09-19 03:27:49+00:00,morning,2026-09-30 15:00:00+00:00,11,50.01756360414828,244.81,194.79243639585172,-58.71038586049297,-8.69282225634469
1,20260919T032749Z-394330f6,2026-09-19 03:27:49+00:00,morning,2026-09-30 16:00:00+00:00,11,54.30307127918816,213.28,158.97692872081183,-77.44426489534396,-23.141193616155803
1,20260919T032749Z-394330f6,2026-09-19 03:27:49+00:00,morning,2026-09-30 17:00:00+00:00,11,50.46431034474486,229.71,179.24568965525515,-71.68105529075125,-21.216744946006386
1,20260919T032749Z-394330f6,2026-09-19 03:27:49+00:00,morning,2026-09-30 18:00:00+00:00,11,41.82505552408772,245.84,204.01494447591227,-61.39678273764834,-19.571727213560614
1,20260919T032749Z-394330f6,2026-09-19 03:27:49+00:00,morning,2026-09-30 19:00:00+00:00,11,39.00357564345673,186.88,147.87642435654328,-58.616716487920975,-19.613140844464247
1,20260919T032749Z-394330f6,2026-09-19 03:27:49+00:00,morning,2026-09-30 20:00:00+00:00,11,27.378119866722137,102.71,75.33188013327785,-53.1690710205238,-25.790951153801664
1,20260919T132348Z-09b7cfe3,2026-09-19 13:23:48+00:00,afternoon,2026-09-20 21:00:00+00:00,2,-16.00806268336677,25.51,41.51806268336677,53.13288726315391,37.124824579787145
1,20260919T132348Z-09b7cfe3,2026-09-19 13:23:48+00:00,afternoon,2026-09-20 22:00:00+00:00,2,-4.846765209353325,15.58,20.426765209353327,59.90319399013279,55.05642878077947
1,20260919T132348Z-09b7cfe3,2026-09-19 13:23:48+00:00,afternoon,2026-09-20 23:00:00+00:00,2,-9.473015209353337,10.3,19.77301520935334,52.22918856255033,42.75617335319699
1,20260919T132348Z-09b7cfe3,2026-09-19 13:23:48+00:00,afternoon,2026-09-21 00:00:00+00:00,2,-11.282015209353334,8.54,19.82201520935333,57.65527552237384,46.37326031302051
1,20260919T132348Z-09b7cfe3,2026-09-19 13:23:48+00:00,afternoon,2026-09-21 01:00:00+00:00,2,-7.912390209353337,9.79,17.702390209353336,61.19776397683957,53.285373767486234
1,20260919T132348Z-09b7cfe3,2026-09-19 13:23:48+00:00,afternoon,2026-09-21 02:00:00+00:00,2,-5.592640209353329,8.1,13.692640209353328,63.43619057453772,57.84355036518439
1,20260919T132348Z-09b7cfe3,2026-09-19 13:23:48+00:00,afternoon,2026-09-21 03:00:00+00:00,2,4.987359790646664,51.64,46.652640209353336,71.00348927359919,75.99084906424585
1,20260919T132348Z-09b7cfe3,2026-09-19 13:23:48+00:00,afternoon,2026-09-21 04:00:00+00:00,2,21.861945683371918,107.91,86.04805431662808,77.76154045256935,99.62348613594126
1,20260919T132348Z-09b7cfe3,2026-09-19 13:23:48+00:00,afternoon,2026-09-21 05:00:00+00:00,2,35.49969568337191,145.41,109.91030431662809,84.53025223048043,120.02994791385234
1,20260919T132348Z-09b7cfe3,2026-09-19 13:23:48+00:00,afternoon,2026-09-21 06:00:00+00:00,2,36.63794568337191,146.57,109.93205431662808,90.01781039287216,126.65575607624407
1,20260919T132348Z-09b7cfe3,2026-09-19 13:23:48+00:00,afternoon,2026-09-21 07:00:00+00:00,2,33.8014456833719,120.04,86.2385543166281,78.30489837926177,112.10634406263367
1,20260919T132348Z-09b7cfe3,2026-09-19 13:23:48+00:00,afternoon,2026-09-21 08:00:00+00:00,2,23.02832068337192,73.19,50.16167931662808,77.27771794818909,100.30603863156101
1,20260919T132348Z-09b7cfe3,2026-09-19 13:23:48+00:00,afternoon,2026-09-21 09:00:00+00:00,2,11.565695683371898,25.19,13.624304316628104,43.54125030602147,55.10694598939337
1,20260919T132348Z-09b7cfe3,2026-09-19 13:23:48+00:00,afternoon,2026-09-21 10:00:00+00:00,2,6.219945683371899,15.75,9.530054316628101,43.79609551841708,50.01604120178898
1,20260919T132348Z-09b7cfe3,2026-09-19 13:23:48+00:00,afternoon,2026-09-21 11:00:00+00:00,2,0.7520706833719042,11.59,10.837929316628095,32.52801431420204,33.280084997573944
1,20260919T132348Z-09b7cfe3,2026-09-19 13:23:48+00:00,afternoon,2026-09-21 12:00:00+00:00,2,-1.6271793166281066,13.07,14.697179316628107,31.63919072463469,30.012011408006586
1,20260919T132348Z-09b7cfe3,2026-09-19 13:23:48+00:00,afternoon,2026-09-21 13:00:00+00:00,2,2.999445683371901,11.01,8.010554316628099,36.159898393821365,39.15934407719327
1,20260919T132348Z-09b7cfe3,2026-09-19 13:23:48+00:00,afternoon,2026-09-21 14:00:00+00:00,2,11.563320683371913,10.52,-1.0433206833719133,47.17232965768525,58.735650341057166
1,20260919T132348Z-09b7cfe3,2026-09-19 13:23:48+00:00,afternoon,2026-09-21 15:00:00+00:00,2,26.286945683371908,12.91,-13.376945683371908,57.35865030537212,83.64559598874403
1,20260919T132348Z-09b7cfe3,2026-09-19 13:23:48+00:00,afternoon,2026-09-21 16:00:00+00:00,2,31.661695683371903,52.81,21.1483043166281,53.51037317620085,85.17206885957276
1,20260919T132348Z-09b7cfe3,2026-09-19 13:23:48+00:00,afternoon,2026-09-21 17:00:00+00:00,2,25.76402175417883,36.43,10.665978245821169,58.91180169390307,84.6758234480819
1,20260919T132348Z-09b7cfe3,2026-09-19 13:23:48+00:00,afternoon,2026-09-21 18:00:00+00:00,2,12.590012316633238,35.78,23.189987683366763,33.85992515375488,46.44993747038812
1,20260919T132348Z-09b7cfe3,2026-09-19 13:23:48+00:00,afternoon,2026-09-21 19:00:00+00:00,2,8.722587316633236,24.99,16.267412683366764,28.767447936711566,37.4900352533448
1,20260919T132348Z-09b7cfe3,2026-09-19 13:23:48+00:00,afternoon,2026-09-21 20:00:00+00:00,2,-7.086062683366775,24.75,31.836062683366777,23.247794384565903,16.16173170119913
1,20260919T132348Z-09b7cfe3,2026-09-19 13:23:48+00:00,afternoon,2026-09-21 21:00:00+00:00,3,-19.12596268336677,24.99,44.11596268336677,56.15588054565382,37.02991786228705
1,20260919T132348Z-09b7cfe3,2026-09-19 13:23:48+00:00,afternoon,2026-09-21 22:00:00+00:00,3,-9.58758768336677,20.01,29.597587683366772,68.34912260279854,58.761534919431774
1,20260919T132348Z-09b7cfe3,2026-09-19 13:23:48+00:00,afternoon,2026-09-21 23:00:00+00:00,3,-15.63648768336677,23.05,38.68648768336677,59.913739284979414,44.27725160161265
1,20260919T132348Z-09b7cfe3,2026-09-19 13:23:48+00:00,afternoon,2026-09-22 00:00:00+00:00,3,-18.266837683366774,23.78,42.046837683366775,58.01442238695944,39.747584703592665
1,20260919T132348Z-09b7cfe3,2026-09-19 13:23:48+00:00,afternoon,2026-09-22 01:00:00+00:00,3,-15.831162683366763,24.56,40.39116268336676,72.61426594741395,56.78310326404719
1,20260919T132348Z-09b7cfe3,2026-09-19 13:23:48+00:00,afternoon,2026-09-22 02:00:00+00:00,3,-14.468162683366764,27.64,42.108162683366764,85.18606868001814,70.71790599665138
1,20260919T132348Z-09b7cfe3,2026-09-19 13:23:48+00:00,afternoon,2026-09-22 03:00:00+00:00,3,-5.490512683366768,26.95,32.44051268336677,91.65556072747528,86.1650480441085
1,20260919T132348Z-09b7cfe3,2026-09-19 13:23:48+00:00,afternoon,2026-09-22 04:00:00+00:00,3,12.851945683371898,86.11,73.2580543166281,96.26477089430276,109.11671657767465
1,20260919T132348Z-09b7cfe3,2026-09-19 13:23:48+00:00,afternoon,2026-09-22 05:00:00+00:00,3,28.0361956833719,156.22,128.18380431662808,93.71959701287675,121.75579269624865
1,20260919T132348Z-09b7cfe3,2026-09-19 13:23:48+00:00,afternoon,2026-09-22 06:00:00+00:00,3,30.658195683371908,207.86,177.2018043166281,97.16807175744343,127.82626744081534
1,20260919T132348Z-09b7cfe3,2026-09-19 13:23:48+00:00,afternoon,2026-09-22 07:00:00+00:00,3,29.94494568337189,224.97,195.02505431662811,82.67243607709977,112.61738176047166
1,20260919T132348Z-09b7cfe3,2026-09-19 13:23:48+00:00,afternoon,2026-09-22 08:00:00+00:00,3,20.547320683371915,179.63,159.0826793166281,76.97356347176499,97.52088415513691
1,20260919T132348Z-09b7cfe3,2026-09-19 13:23:48+00:00,afternoon,2026-09-22 09:00:00+00:00,3,10.950695683371896,156.89,145.9393043166281,48.98526493483882,59.935960618210714
1,20260919T132348Z-09b7cfe3,2026-09-19 13:23:48+00:00,afternoon,2026-09-22 10:00:00+00:00,3,7.415695683371897,125.42,118.00430431662811,41.64291248006652,49.05860816343842
1,20260919T132348Z-09b7cfe3,2026-09-19 13:23:48+00:00,afternoon,2026-09-22 11:00:00+00:00,3,4.549820683371901,117.28,112.7301793166281,31.949588690769602,36.4994093741415
1,20260919T132348Z-09b7cfe3,2026-09-19 13:23:48+00:00,afternoon,2026-09-22 12:00:00+00:00,3,4.475070683371897,115.57,111.0949293166281,27.160724045344367,31.635794728716263
1,20260919T132348Z-09b7cfe3,2026-09-19 13:23:48+00:00,afternoon,2026-09-22 13:00:00+00:00,3,10.360445683371914,128.32,117.95955431662807,36.63578812629184,46.99623380966376
1,20260919T132348Z-09b7cfe3,2026-09-19 13:23:48+00:00,afternoon,2026-09-22 14:00:00+00:00,3,12.566859127405696,148.28,135.7131408725943,37.8855496118715,50.45240873927719
1,20260919T132348Z-09b7cfe3,2026-09-19 13:23:48+00:00,afternoon,2026-09-22 15:00:00+00:00,3,29.751525836730465,165.16,135.40847416326955,44.14140059878106,73.89292643551153
1,20260919T132348Z-09b7cfe3,2026-09-19 13:23:48+00:00,afternoon,2026-09-22 16:00:00+00:00,3,36.68449645030185,245.59,208.90550354969815,55.48176244926794,92.16625889956978
1,20260919T132348Z-09b7cfe3,2026-09-19 13:23:48+00:00,afternoon,2026-09-22 17:00:00+00:00,3,31.58631085529717,334.63,303.04368914470285,51.53640117996576,83.12271203526294
1,20260919T132348Z-09b7cfe3,2026-09-19 13:23:48+00:00,afternoon,2026-09-22 18:00:00+00:00,3,18.97574250949348,256.39,237.41425749050651,26.97022638067527,45.94596889016875
1,20260919T132348Z-09b7cfe3,2026-09-19 13:23:48+00:00,afternoon,2026-09-22 19:00:00+00:00,3,13.909415902202603,194.5,180.5905840977974,28.441083900284106,42.35049980248671
1,20260919T132348Z-09b7cfe3,2026-09-19 13:23:48+00:00,afternoon,2026-09-22 20:00:00+00:00,3,-2.7947759619514487,148.0,150.79477596195144,23.672807259329584,20.878031297378136
1,20260919T132348Z-09b7cfe3,2026-09-19 13:23:48+00:00,afternoon,2026-09-22 21:00:00+00:00,4,-15.39865741081494,101.7,117.09865741081494,43.445788625966024,28.047131215151083
1,20260919T132348Z-09b7cfe3,2026-09-19 13:23:48+00:00,afternoon,2026-09-22 22:00:00+00:00,4,-5.437999970307463,136.26,141.69799997030745,49.61694552555789,44.17894555525042
1,20260919T132348Z-09b7cfe3,2026-09-19 13:23:48+00:00,afternoon,2026-09-22 23:00:00+00:00,4,-11.02072648479518,124.31,135.33072648479518,50.621308913597645,39.60058242880247
1,20260919T132348Z-09b7cfe3,2026-09-19 13:23:48+00:00,afternoon,2026-09-23 00:00:00+00:00,4,-13.642642927483712,123.74,137.38264292748372,55.86838631562611,42.2257433881424
1,20260919T132348Z-09b7cfe3,2026-09-19 13:23:48+00:00,afternoon,2026-09-23 01:00:00+00:00,4,-11.95342410078982,102.58,114.53342410078982,54.3008525551582,42.347428454368384
1,20260919T132348Z-09b7cfe3,2026-09-19 13:23:48+00:00,afternoon,2026-09-23 02:00:00+00:00,4,-12.04702128187384,102.57,114.61702128187383,59.868156029282396,47.82113474740856
1,20260919T132348Z-09b7cfe3,2026-09-19 13:23:48+00:00,afternoon,2026-09-23 03:00:00+00:00,4,-5.8735091367272165,133.32,139.19350913672722,63.115518618799484,57.24200948207227
1,20260919T132348Z-09b7cfe3,2026-09-19 13:23:48+00:00,afternoon,2026-09-23 04:00:00+00:00,4,8.269132465558766,157.85,149.58086753444124,69.01364823417381,77.28278069973258
1,20260919T132348Z-09b7cfe3,2026-09-19 13:23:48+00:00,afternoon,2026-09-23 05:00:00+00:00,4,21.63041337165673,169.2,147.56958662834325,58.161424378836244,79.79183775049297
1,20260919T132348Z-09b7cfe3,2026-09-19 13:23:48+00:00,afternoon,2026-09-23 06:00:00+00:00,4,22.9669955775233,177.54,154.57300442247669,51.5706231308063,74.5376187083296
1,20260919T132348Z-09b7cfe3,2026-09-19 13:23:48+00:00,afternoon,2026-09-23 07:00:00+00:00,4,21.307864931552995,170.34,149.03213506844702,55.34349064916509,76.65135558071809
1,20260919T132348Z-09b7cfe3,2026-09-19 13:23:48+00:00,afternoon,2026-09-23 08:00:00+00:00,4,11.59682466434158,152.65,141.05317533565844,56.02680548483041,67.62363014917199
1,20260919T132348Z-09b7cfe3,2026-09-19 13:23:48+00:00,afternoon,2026-09-23 09:00:00+00:00,4,1.80717306006692,135.29,133.48282693993306,36.91270410682722,38.71987716689414
1,20260919T132348Z-09b7cfe3,2026-09-19 13:23:48+00:00,afternoon,2026-09-23 10:00:00+00:00,4,-1.4144391730584254,128.59,130.00443917305842,35.208578416347805,33.79413924328938
1,20260919T132348Z-09b7cfe3,2026-09-19 13:23:48+00:00,afternoon,2026-09-23 11:00:00+00:00,4,-4.194658210300593,121.9,126.0946582103006,28.919062887942538,24.724404677641942
1,20260919T132348Z-09b7cfe3,2026-09-19 13:23:48+00:00,afternoon,2026-09-23 12:00:00+00:00,4,-3.385125648257707,121.77,125.15512564825771,22.98969904704054,19.604573398782833
1,20260919T132348Z-09b7cfe3,2026-09-19 13:23:48+00:00,afternoon,2026-09-23 13:00:00+00:00,4,3.161740595530497,123.39,120.2282594044695,28.61148189931942,31.773222494849914
1,20260919T132348Z-09b7cfe3,2026-09-19 13:23:48+00:00,afternoon,2026-09-23 14:00:00+00:00,4,12.89771203254537,132.85,119.95228796745462,26.311779986594395,39.209492019139766
1,20260919T132348Z-09b7cfe3,2026-09-19 13:23:48+00:00,afternoon,2026-09-23 15:00:00+00:00,4,29.723730627143556,161.44,131.71626937285643,19.99496584844163,49.71869647558519
1,20260919T132348Z-09b7cfe3,2026-09-19 13:23:48+00:00,afternoon,2026-09-23 16:00:00+00:00,4,36.09491202310507,201.7,165.60508797689494,-13.847204595349051,22.247707427756016
1,20260919T132348Z-09b7cfe3,2026-09-19 13:23:48+00:00,afternoon,2026-09-23 17:00:00+00:00,4,29.744127949730363,154.84,125.09587205026963,-3.4672114584779754,26.276916491252386
1,20260919T132348Z-09b7cfe3,2026-09-19 13:23:48+00:00,afternoon,2026-09-23 18:00:00+00:00,4,15.125252161347383,147.72,132.5947478386526,22.85354845262635,37.97880061397373
1,20260919T132348Z-09b7cfe3,2026-09-19 13:23:48+00:00,afternoon,2026-09-23 19:00:00+00:00,4,10.249090571943908,70.09,59.840909428056094,22.71262291323623,32.96171348518014
1,20260919T132348Z-09b7cfe3,2026-09-19 13:23:48+00:00,afternoon,2026-09-23 20:00:00+00:00,4,-5.8396973120003945,39.04,44.879697312000395,24.055383228575284,18.21568591657489
1,20260919T132348Z-09b7cfe3,2026-09-19 13:23:48+00:00,afternoon,2026-09-23 21:00:00+00:00,5,-15.298337671700429,35.5,50.79833767170043,44.85767003565313,29.5593323639527
1,20260919T132348Z-09b7cfe3,2026-09-19 13:23:48+00:00,afternoon,2026-09-23 22:00:00+00:00,5,-5.6812983748563095,101.35,107.0312983748563,49.686415906706294,44.00511753184998
1,20260919T132348Z-09b7cfe3,2026-09-19 13:23:48+00:00,afternoon,2026-09-23 23:00:00+00:00,5,-10.820903331212538,103.88,114.70090333121253,49.27594802216988,38.45504469095734
1,20260919T132348Z-09b7cfe3,2026-09-19 13:23:48+00:00,afternoon,2026-09-24 00:00:00+00:00,5,-13.2385268621088,110.9,124.1385268621088,54.23172848145436,40.99320161934556
1,20260919T132348Z-09b7cfe3,2026-09-19 13:23:48+00:00,afternoon,2026-09-24 01:00:00+00:00,5,-11.51096782248566,100.73,112.24096782248566,54.09618383688214,42.58521601439648
1,20260919T132348Z-09b7cfe3,2026-09-19 13:23:48+00:00,afternoon,2026-09-24 02:00:00+00:00,5,-11.510196779977653,97.77,109.28019677997764,59.72375221171444,48.213555431736786
1,20260919T132348Z-09b7cfe3,2026-09-19 13:23:48+00:00,afternoon,2026-09-24 03:00:00+00:00,5,-5.5118395414053545,106.85,112.36183954140535,62.60604423430178,57.094204692896426
1,20260919T132348Z-09b7cfe3,2026-09-19 13:23:48+00:00,afternoon,2026-09-24 04:00:00+00:00,5,8.20112388280651,119.34,111.13887611719349,63.139527701938704,71.34065158474522
1,20260919T132348Z-09b7cfe3,2026-09-19 13:23:48+00:00,afternoon,2026-09-24 05:00:00+00:00,5,21.690700564092317,173.34,151.6492994359077,51.898986965601985,73.5896875296943
1,20260919T132348Z-09b7cfe3,2026-09-19 13:23:48+00:00,afternoon,2026-09-24 06:00:00+00:00,5,24.69597781229931,227.37,202.6740221877007,46.199468913552934,70.89544672585225
1,20260919T132348Z-09b7cfe3,2026-09-19 13:23:48+00:00,afternoon,2026-09-24 07:00:00+00:00,5,24.824299311611885,202.47,177.6457006883881,49.451365245440826,74.2756645570527
1,20260919T132348Z-09b7cfe3,2026-09-19 13:23:48+00:00,afternoon,2026-09-24 08:00:00+00:00,5,16.715785738116555,173.02,156.30421426188346,47.56391812746791,64.27970386558447
1,20260919T132348Z-09b7cfe3,2026-09-19 13:23:48+00:00,afternoon,2026-09-24 09:00:00+00:00,5,8.452368874543208,170.98,162.5276311254568,39.298769988365386,47.75113886290859
1,20260919T132348Z-09b7cfe3,2026-09-19 13:23:48+00:00,afternoon,2026-09-24 10:00:00+00:00,5,5.452620871569926,137.68,132.22737912843007,35.77590049335269,41.228521364922614
1,20260919T132348Z-09b7cfe3,2026-09-19 13:23:48+00:00,afternoon,2026-09-24 11:00:00+00:00,5,3.040041320814052,145.76,142.71995867918594,24.85117960041915,27.891220921233202
1,20260919T132348Z-09b7cfe3,2026-09-19 13:23:48+00:00,afternoon,2026-09-24 12:00:00+00:00,5,3.5836034083317525,140.03,136.44639659166825,20.22620540773289,23.809808816064645
1,20260919T132348Z-09b7cfe3,2026-09-19 13:23:48+00:00,afternoon,2026-09-24 13:00:00+00:00,5,8.529254109406414,137.74,129.21074589059359,22.014605027827457,30.543859137233873
1,20260919T132348Z-09b7cfe3,2026-09-19 13:23:48+00:00,afternoon,2026-09-24 14:00:00+00:00,5,16.158849662947723,127.6,111.44115033705228,19.476272068198895,35.63512173114662
1,20260919T132348Z-09b7cfe3,2026-09-19 13:23:48+00:00,afternoon,2026-09-24 15:00:00+00:00,5,30.599265919170403,140.0,109.4007340808296,6.206870779579175,36.806136698749576
1,20260919T132348Z-09b7cfe3,2026-09-19 13:23:48+00:00,afternoon,2026-09-24 16:00:00+00:00,5,35.54674687150171,157.48,121.93325312849828,-19.977011916525292,15.569734954976418
1,20260919T132348Z-09b7cfe3,2026-09-19 13:23:48+00:00,afternoon,2026-09-24 17:00:00+00:00,5,29.07831474803783,176.21,147.13168525196218,-11.972305563933453,17.106009184104376
1,20260919T132348Z-09b7cfe3,2026-09-19 13:23:48+00:00,afternoon,2026-09-24 18:00:00+00:00,5,15.210044530393697,161.52,146.3099554696063,10.251933023022488,25.461977553416183
1,20260919T132348Z-09b7cfe3,2026-09-19 13:23:48+00:00,afternoon,2026-09-24 19:00:00+00:00,5,11.43366208734619,130.03,118.59633791265381,15.772691988285708,27.2063540756319
1,20260919T132348Z-09b7cfe3,2026-09-19 13:23:48+00:00,afternoon,2026-09-24 20:00:00+00:00,5,-3.777723342788298,93.8,97.57772334278829,21.36673366856557,17.58901032577727
1,20260919T132348Z-09b7cfe3,2026-09-19 13:23:48+00:00,afternoon,2026-09-24 21:00:00+00:00,6,-12.56792640476307,49.03,61.59792640476307,44.18691182099462,31.618985416231546
1,20260919T132348Z-09b7cfe3,2026-09-19 13:23:48+00:00,afternoon,2026-09-24 22:00:00+00:00,6,-3.0382464451360147,34.99,38.02824644513602,50.25922132915188,47.22097488401586
1,20260919T132348Z-09b7cfe3,2026-09-19 13:23:48+00:00,afternoon,2026-09-24 23:00:00+00:00,6,-8.346065855431176,33.0,41.34606585543118,47.234586314789695,38.88852045935852
1,20260919T132348Z-09b7cfe3,2026-09-19 13:23:48+00:00,afternoon,2026-09-25 00:00:00+00:00,6,-10.746884113763508,34.14,44.88688411376351,52.27198016831922,41.52509605455571
1,20260919T132348Z-09b7cfe3,2026-09-19 13:23:48+00:00,afternoon,2026-09-25 01:00:00+00:00,6,-9.156315148210444,35.0,44.156315148210446,52.126531146677564,42.97021599846712
1,20260919T132348Z-09b7cfe3,2026-09-19 13:23:48+00:00,afternoon,2026-09-25 02:00:00+00:00,6,-9.041993561899316,29.99,39.03199356189931,57.74853222064102,48.7065386587417
1,20260919T132348Z-09b7cfe3,2026-09-19 13:23:48+00:00,afternoon,2026-09-25 03:00:00+00:00,6,-2.9075895910378686,32.15,35.05758959103787,62.86569733989344,59.95810774885557
1,20260919T132348Z-09b7cfe3,2026-09-19 13:23:48+00:00,afternoon,2026-09-25 04:00:00+00:00,6,10.281662282788885,30.09,19.808337717211117,62.949252326809976,73.23091460959886
1,20260919T132348Z-09b7cfe3,2026-09-19 13:23:48+00:00,afternoon,2026-09-25 05:00:00+00:00,6,23.07996274331872,41.51,18.430037256681278,49.52622288422232,72.60618562754104
1,20260919T132348Z-09b7cfe3,2026-09-19 13:23:48+00:00,afternoon,2026-09-25 06:00:00+00:00,6,25.30334113086012,50.0,24.69665886913988,43.989128003481206,69.29246913434133
1,20260919T132348Z-09b7cfe3,2026-09-19 13:23:48+00:00,afternoon,2026-09-25 07:00:00+00:00,6,24.139336053088236,69.41,45.27066394691176,47.88324665695015,72.02258271003839
1,20260919T132348Z-09b7cfe3,2026-09-19 13:23:48+00:00,afternoon,2026-09-25 08:00:00+00:00,6,16.358171421904707,115.48,99.12182857809529,48.43153994405768,64.78971136596239
1,20260919T132348Z-09b7cfe3,2026-09-19 13:23:48+00:00,afternoon,2026-09-25 09:00:00+00:00,6,8.06597804520428,138.0,129.93402195479572,36.11827524790254,44.18425329310682
1,20260919T132348Z-09b7cfe3,2026-09-19 13:23:48+00:00,afternoon,2026-09-25 10:00:00+00:00,6,5.859030379608313,117.7,111.84096962039169,33.93021658521248,39.78924696482079
1,20260919T132348Z-09b7cfe3,2026-09-19 13:23:48+00:00,afternoon,2026-09-25 11:00:00+00:00,6,3.370638212272037,102.12,98.74936178772796,22.445421438819533,25.81605965109157
1,20260919T132348Z-09b7cfe3,2026-09-19 13:23:48+00:00,afternoon,2026-09-25 12:00:00+00:00,6,3.935081994252036,74.67,70.73491800574797,22.31017374835137,26.24525574260341
1,20260919T132348Z-09b7cfe3,2026-09-19 13:23:48+00:00,afternoon,2026-09-25 13:00:00+00:00,6,9.125368429110797,72.56,63.43463157088921,23.852505816113467,32.977874245224264
1,20260919T132348Z-09b7cfe3,2026-09-19 13:23:48+00:00,afternoon,2026-09-25 14:00:00+00:00,6,17.146087903763156,96.66,79.51391209623684,23.46069135079075,40.606779254553906
1,20260919T132348Z-09b7cfe3,2026-09-19 13:23:48+00:00,afternoon,2026-09-25 15:00:00+00:00,6,31.145985216843524,92.14,60.99401478315647,15.101975441447712,46.247960658291234
1,20260919T132348Z-09b7cfe3,2026-09-19 13:23:48+00:00,afternoon,2026-09-25 16:00:00+00:00,6,35.98776675105804,69.02,33.03223324894196,-11.262466422022394,24.725300329035647
1,20260919T132348Z-09b7cfe3,2026-09-19 13:23:48+00:00,afternoon,2026-09-25 17:00:00+00:00,6,29.68776372746103,66.57,36.88223627253896,-5.527909455480684,24.159854271980343
1,20260919T132348Z-09b7cfe3,2026-09-19 13:23:48+00:00,afternoon,2026-09-25 18:00:00+00:00,6,17.324515204585694,49.47,32.145484795414305,12.962925510049972,30.287440714635665
1,20260919T132348Z-09b7cfe3,2026-09-19 13:23:48+00:00,afternoon,2026-09-25 19:00:00+00:00,6,13.416874611286882,35.84,22.42312538871312,14.401329831411411,27.818204442698296
1,20260919T132348Z-09b7cfe3,2026-09-19 13:23:48+00:00,afternoon,2026-09-25 20:00:00+00:00,6,-1.5072727311215082,37.18,38.68727273112151,16.610904830296334,15.103632099174826
1,20260919T132348Z-09b7cfe3,2026-09-19 13:23:48+00:00,afternoon,2026-09-25 21:00:00+00:00,7,-12.567184451655567,34.32,46.88718445165557,44.910142805189174,32.342958353533604
1,20260919T132348Z-09b7cfe3,2026-09-19 13:23:48+00:00,afternoon,2026-09-25 22:00:00+00:00,7,-3.831419216428599,25.0,28.8314192164286,52.555404153281856,48.723984936853256
1,20260919T132348Z-09b7cfe3,2026-09-19 13:23:48+00:00,afternoon,2026-09-25 23:00:00+00:00,7,-8.723551028898054,25.88,34.60355102889805,54.340980306310776,45.617429277412725
1,20260919T132348Z-09b7cfe3,2026-09-19 13:23:48+00:00,afternoon,2026-09-26 00:00:00+00:00,7,-11.07778591024422,28.82,39.897785910244224,58.60504735466754,47.52726144442332
1,20260919T132348Z-09b7cfe3,2026-09-19 13:23:48+00:00,afternoon,2026-09-26 01:00:00+00:00,7,-9.64415370187252,29.24,38.88415370187252,58.76303754825493,49.11888384638241
1,20260919T132348Z-09b7cfe3,2026-09-19 13:23:48+00:00,afternoon,2026-09-26 02:00:00+00:00,7,-9.487956499522564,29.1,38.58795649952256,66.55728019477023,57.06932369524766
1,20260919T132348Z-09b7cfe3,2026-09-19 13:23:48+00:00,afternoon,2026-09-26 03:00:00+00:00,7,-3.8145440522547167,30.15,33.964544052254716,70.94053536630746,67.12599131405274
1,20260919T132348Z-09b7cfe3,2026-09-19 13:23:48+00:00,afternoon,2026-09-26 04:00:00+00:00,7,8.699274188156586,32.29,23.590725811843413,75.11642113155241,83.815695319709
1,20260919T132348Z-09b7cfe3,2026-09-19 13:23:48+00:00,afternoon,2026-09-26 05:00:00+00:00,7,20.53035029084455,30.89,10.359649709155452,54.50671303945941,75.03706333030397
1,20260919T132348Z-09b7cfe3,2026-09-19 13:23:48+00:00,afternoon,2026-09-26 06:00:00+00:00,7,22.71409076983857,32.97,10.255909230161429,48.90904364298395,71.62313441282252
1,20260919T132348Z-09b7cfe3,2026-09-19 13:23:48+00:00,afternoon,2026-09-26 07:00:00+00:00,7,20.81927556892032,34.57,13.750724431079679,48.36606630698244,69.18534187590276
1,20260919T132348Z-09b7cfe3,2026-09-19 13:23:48+00:00,afternoon,2026-09-26 08:00:00+00:00,7,12.36837345547453,42.99,30.621626544525473,59.65854296571433,72.02691642118886
1,20260919T132348Z-09b7cfe3,2026-09-19 13:23:48+00:00,afternoon,2026-09-26 09:00:00+00:00,7,3.816404084210699,43.03,39.2135959157893,42.9631367898344,46.7795408740451
1,20260919T132348Z-09b7cfe3,2026-09-19 13:23:48+00:00,afternoon,2026-09-26 10:00:00+00:00,7,1.110702511032219,29.23,28.11929748896778,43.51159431920163,44.62229683023385
1,20260919T132348Z-09b7cfe3,2026-09-19 13:23:48+00:00,afternoon,2026-09-26 11:00:00+00:00,7,-1.5989980200268403,19.42,21.018998020026842,32.384822838787755,30.785824818760915
1,20260919T132348Z-09b7cfe3,2026-09-19 13:23:48+00:00,afternoon,2026-09-26 12:00:00+00:00,7,-1.4535780402858602,13.29,14.74357804028586,33.35329893638177,31.899720896095907
1,20260919T132348Z-09b7cfe3,2026-09-19 13:23:48+00:00,afternoon,2026-09-26 13:00:00+00:00,7,2.7277509643359985,22.59,19.862249035664,38.512786495267456,41.24053745960345
1,20260919T132348Z-09b7cfe3,2026-09-19 13:23:48+00:00,afternoon,2026-09-26 14:00:00+00:00,7,10.79763833845639,24.99,14.19236166154361,48.637032839143934,59.43467117760032
1,20260919T132348Z-09b7cfe3,2026-09-19 13:23:48+00:00,afternoon,2026-09-26 15:00:00+00:00,7,25.349980571567517,28.93,3.5800194284324824,30.68917936127806,56.03915993284558
1,20260919T132348Z-09b7cfe3,2026-09-19 13:23:48+00:00,afternoon,2026-09-26 16:00:00+00:00,7,30.28982439818178,39.97,9.68017560181822,8.120882377665911,38.410706775847686
1,20260919T132348Z-09b7cfe3,2026-09-19 13:23:48+00:00,afternoon,2026-09-26 17:00:00+00:00,7,25.10705288140478,38.03,12.922947118595221,3.4659818227028047,28.573034704107585
1,20260919T132348Z-09b7cfe3,2026-09-19 13:23:48+00:00,afternoon,2026-09-26 18:00:00+00:00,7,13.906551576134202,34.42,20.5134484238658,22.577721422077587,36.48427299821179
1,20260919T132348Z-09b7cfe3,2026-09-19 13:23:48+00:00,afternoon,2026-09-26 19:00:00+00:00,7,9.920777836053608,21.72,11.799222163946391,25.191353727855,35.112131563908605
1,20260919T132348Z-09b7cfe3,2026-09-19 13:23:48+00:00,afternoon,2026-09-26 20:00:00+00:00,7,-4.6313532515649625,19.49,24.121353251564962,14.547191839392344,9.91583858782738
1,20260919T132348Z-09b7cfe3,2026-09-19 13:23:48+00:00,afternoon,2026-09-26 21:00:00+00:00,8,-12.144863601184811,15.83,27.97486360118481,39.55066700031286,27.405803399128054
1,20260919T132348Z-09b7cfe3,2026-09-19 13:23:48+00:00,afternoon,2026-09-26 22:00:00+00:00,8,-4.11713549906177,13.08,17.19713549906177,25.136412742274373,21.019277243212603
1,20260919T132348Z-09b7cfe3,2026-09-19 13:23:48+00:00,afternoon,2026-09-26 23:00:00+00:00,8,-8.554257531478584,17.76,26.314257531478585,26.82656257535029,18.272305043871707
1,20260919T132348Z-09b7cfe3,2026-09-19 13:23:48+00:00,afternoon,2026-09-27 00:00:00+00:00,8,-10.64858167565582,14.3,24.94858167565582,36.654319824501194,26.005738148845374
1,20260919T132348Z-09b7cfe3,2026-09-19 13:23:48+00:00,afternoon,2026-09-27 01:00:00+00:00,8,-9.2580877521221,12.81,22.0680877521221,31.123136927829734,21.865049175707632
1,20260919T132348Z-09b7cfe3,2026-09-19 13:23:48+00:00,afternoon,2026-09-27 02:00:00+00:00,8,-8.925584016107521,10.74,19.665584016107523,38.14770968282482,29.222125666717297
1,20260919T132348Z-09b7cfe3,2026-09-19 13:23:48+00:00,afternoon,2026-09-27 03:00:00+00:00,8,-3.922728367421017,9.99,13.912728367421018,43.71850245343689,39.795774086015875
1,20260919T132348Z-09b7cfe3,2026-09-19 13:23:48+00:00,afternoon,2026-09-27 04:00:00+00:00,8,8.378928402624895,9.7,1.321071597375104,43.856004719891544,52.23493312251644
1,20260919T132348Z-09b7cfe3,2026-09-19 13:23:48+00:00,afternoon,2026-09-27 05:00:00+00:00,8,19.98466535922259,10.0,-9.98466535922259,26.753126371980063,46.73779173120265
1,20260919T132348Z-09b7cfe3,2026-09-19 13:23:48+00:00,afternoon,2026-09-27 06:00:00+00:00,8,21.141554377397355,9.99,-11.151554377397355,8.953152952736783,30.09470733013414
1,20260919T132348Z-09b7cfe3,2026-09-19 13:23:48+00:00,afternoon,2026-09-27 07:00:00+00:00,8,18.846906002299107,39.62,20.77309399770089,9.932466595679752,28.77937259797886
1,20260919T132348Z-09b7cfe3,2026-09-19 13:23:48+00:00,afternoon,2026-09-27 08:00:00+00:00,8,10.4324780814503,29.81,19.377521918549697,17.590487979730135,28.022966061180433
1,20260919T132348Z-09b7cfe3,2026-09-19 13:23:48+00:00,afternoon,2026-09-27 09:00:00+00:00,8,2.1466778345031994,19.49,17.3433221654968,13.943690200971487,16.090368035474686
1,20260919T132348Z-09b7cfe3,2026-09-19 13:23:48+00:00,afternoon,2026-09-27 10:00:00+00:00,8,0.0948218660071109,19.49,19.39517813399289,14.751048217973386,14.845870083980497
1,20260919T132348Z-09b7cfe3,2026-09-19 13:23:48+00:00,afternoon,2026-09-27 11:00:00+00:00,8,-2.111956086444933,19.9,22.011956086444933,12.495992589850154,10.38403650340522
1,20260919T132348Z-09b7cfe3,2026-09-19 13:23:48+00:00,afternoon,2026-09-27 12:00:00+00:00,8,-1.963128969331449,16.35,18.31312896933145,13.052042015087855,11.088913045756406
1,20260919T132348Z-09b7cfe3,2026-09-19 13:23:48+00:00,afternoon,2026-09-27 13:00:00+00:00,8,2.7755540489865598,19.99,17.214445951013438,15.70516509106527,18.48071914005183
1,20260919T132348Z-09b7cfe3,2026-09-19 13:23:48+00:00,afternoon,2026-09-27 14:00:00+00:00,8,10.281889546311948,21.99,11.70811045368805,9.385012822606821,19.66690236891877
1,20260919T132348Z-09b7cfe3,2026-09-19 13:23:48+00:00,afternoon,2026-09-27 15:00:00+00:00,8,23.924131413083643,38.73,14.805868586916354,-1.6264590881637573,22.297672324919887
1,20260919T132348Z-09b7cfe3,2026-09-19 13:23:48+00:00,afternoon,2026-09-27 16:00:00+00:00,8,28.841143701578844,47.2,18.35885629842116,-22.846605944084455,5.994537757494388
1,20260919T132348Z-09b7cfe3,2026-09-19 13:23:48+00:00,afternoon,2026-09-27 17:00:00+00:00,8,23.978440855686657,43.76,19.78155914431334,-24.719525788220306,-0.7410849325336493
1,20260919T132348Z-09b7cfe3,2026-09-19 13:23:48+00:00,afternoon,2026-09-27 18:00:00+00:00,8,13.115640550706877,37.3,24.18435944929312,-14.230969190190343,-1.115328639483467
1,20260919T132348Z-09b7cfe3,2026-09-19 13:23:48+00:00,afternoon,2026-09-27 19:00:00+00:00,8,9.464409430107564,33.57,24.105590569892435,-12.243011338366692,-2.7786019082591285
1,20260919T132348Z-09b7cfe3,2026-09-19 13:23:48+00:00,afternoon,2026-09-27 20:00:00+00:00,8,-3.6754936772219935,32.18,35.85549367722199,-2.37756309911307,-6.053056776335064
1,20260919T132348Z-09b7cfe3,2026-09-19 13:23:48+00:00,afternoon,2026-09-27 21:00:00+00:00,9,-7.908755553967689,19.54,27.448755553967686,28.808764754214526,20.900009200246835
1,20260919T132348Z-09b7cfe3,2026-09-19 13:23:48+00:00,afternoon,2026-09-27 22:00:00+00:00,9,0.0159340154357519,21.96,21.94406598456425,28.84282900183327,28.85876301726902
1,20260919T132348Z-09b7cfe3,2026-09-19 13:23:48+00:00,afternoon,2026-09-27 23:00:00+00:00,9,-4.4355874519415135,9.64,14.075587451941514,23.192377278839825,18.756789826898313
1,20260919T132348Z-09b7cfe3,2026-09-19 13:23:48+00:00,afternoon,2026-09-28 00:00:00+00:00,9,-6.309833390737921,6.88,13.18983339073792,31.357775407203935,25.047942016466013
1,20260919T132348Z-09b7cfe3,2026-09-19 13:23:48+00:00,afternoon,2026-09-28 01:00:00+00:00,9,-4.206666780698516,5.03,9.236666780698517,30.859268898127777,26.65260211742926
1,20260919T132348Z-09b7cfe3,2026-09-19 13:23:48+00:00,afternoon,2026-09-28 02:00:00+00:00,9,-4.402383174648419,4.09,8.492383174648419,34.00340890870807,29.601025734059647
1,20260919T132348Z-09b7cfe3,2026-09-19 13:23:48+00:00,afternoon,2026-09-28 03:00:00+00:00,9,0.5365702484989079,4.78,4.243429751501092,33.74644066550213,34.28301091400104
1,20260919T132348Z-09b7cfe3,2026-09-19 13:23:48+00:00,afternoon,2026-09-28 04:00:00+00:00,9,11.910182260507677,6.33,-5.5801822605076765,26.588016217964967,38.498198478472645
1,20260919T132348Z-09b7cfe3,2026-09-19 13:23:48+00:00,afternoon,2026-09-28 05:00:00+00:00,9,23.24526612735787,12.95,-10.29526612735787,52.66032231074606,75.90558843810393
1,20260919T132348Z-09b7cfe3,2026-09-19 13:23:48+00:00,afternoon,2026-09-28 06:00:00+00:00,9,24.7680947460204,15.02,-9.7480947460204,66.68603638553935,91.45413113155975
1,20260919T132348Z-09b7cfe3,2026-09-19 13:23:48+00:00,afternoon,2026-09-28 07:00:00+00:00,9,23.28095742929884,13.23,-10.05095742929884,59.68223569431198,82.96319312361082
1,20260919T132348Z-09b7cfe3,2026-09-19 13:23:48+00:00,afternoon,2026-09-28 08:00:00+00:00,9,15.158037591403827,6.55,-8.608037591403829,58.65747297015096,73.81551056155479
1,20260919T132348Z-09b7cfe3,2026-09-19 13:23:48+00:00,afternoon,2026-09-28 09:00:00+00:00,9,6.354249550303287,5.4,-0.9542495503032864,31.371274885375875,37.72552443567916
1,20260919T132348Z-09b7cfe3,2026-09-19 13:23:48+00:00,afternoon,2026-09-28 10:00:00+00:00,9,3.860050346722356,3.67,-0.190050346722356,32.039491756650555,35.89954210337291
1,20260919T132348Z-09b7cfe3,2026-09-19 13:23:48+00:00,afternoon,2026-09-28 11:00:00+00:00,9,0.8309696710603554,3.56,2.7290303289396447,28.74582816030551,29.576797831365866
1,20260919T132348Z-09b7cfe3,2026-09-19 13:23:48+00:00,afternoon,2026-09-28 12:00:00+00:00,9,0.9156147311877731,3.76,2.8443852688122266,23.67629646119327,24.591911192381044
1,20260919T132348Z-09b7cfe3,2026-09-19 13:23:48+00:00,afternoon,2026-09-28 13:00:00+00:00,9,4.984480555277483,3.87,-1.114480555277483,23.312561473995665,28.297042029273147
1,20260919T132348Z-09b7cfe3,2026-09-19 13:23:48+00:00,afternoon,2026-09-28 14:00:00+00:00,9,12.237704082280496,5.0,-7.237704082280496,21.64679486565096,33.884498947931455
1,20260919T132348Z-09b7cfe3,2026-09-19 13:23:48+00:00,afternoon,2026-09-28 15:00:00+00:00,9,25.955211112988835,8.3,-17.655211112988834,30.296355800805905,56.25156691379474
1,20260919T132348Z-09b7cfe3,2026-09-19 13:23:48+00:00,afternoon,2026-09-28 16:00:00+00:00,9,31.316377903825934,8.33,-22.986377903825932,18.29950875271848,49.61588665654442
1,20260919T132348Z-09b7cfe3,2026-09-19 13:23:48+00:00,afternoon,2026-09-28 17:00:00+00:00,9,26.11420150028589,8.56,-17.55420150028589,-3.366902106962549,22.747299393323342
1,20260919T132348Z-09b7cfe3,2026-09-19 13:23:48+00:00,afternoon,2026-09-28 18:00:00+00:00,9,16.191322698104464,6.43,-9.761322698104465,-2.4096024992373613,13.781720198867102
1,20260919T132348Z-09b7cfe3,2026-09-19 13:23:48+00:00,afternoon,2026-09-28 19:00:00+00:00,9,13.042706242408425,5.7,-7.342706242408425,-2.643943822627519,10.398762419780905
1,20260919T132348Z-09b7cfe3,2026-09-19 13:23:48+00:00,afternoon,2026-09-28 20:00:00+00:00,9,0.4008594688977194,9.04,8.63914053110228,2.656664910743142,3.0575243796408613
1,20260919T132348Z-09b7cfe3,2026-09-19 13:23:48+00:00,afternoon,2026-09-28 21:00:00+00:00,10,-6.161755492459369,5.29,11.45175549245937,19.64355288882464,13.481797396365272
1,20260919T132348Z-09b7cfe3,2026-09-19 13:23:48+00:00,afternoon,2026-09-28 22:00:00+00:00,10,1.2556219094608334,5.0,3.7443780905391666,30.906783362041796,32.16240527150263
1,20260919T132348Z-09b7cfe3,2026-09-19 13:23:48+00:00,afternoon,2026-09-28 23:00:00+00:00,10,-2.8139452782024748,4.0,6.813945278202475,27.427236224584373,24.6132909463819
1,20260919T132348Z-09b7cfe3,2026-09-19 13:23:48+00:00,afternoon,2026-09-29 00:00:00+00:00,10,-5.0466195987436695,5.02,10.066619598743669,27.866174031534417,22.819554432790746
1,20260919T132348Z-09b7cfe3,2026-09-19 13:23:48+00:00,afternoon,2026-09-29 01:00:00+00:00,10,-4.0935195801421,7.38,11.4735195801421,28.294280279620327,24.200760699478227
1,20260919T132348Z-09b7cfe3,2026-09-19 13:23:48+00:00,afternoon,2026-09-29 02:00:00+00:00,10,-4.453315566588369,9.03,13.483315566588368,40.068190702973574,35.61487513638521
1,20260919T132348Z-09b7cfe3,2026-09-19 13:23:48+00:00,afternoon,2026-09-29 03:00:00+00:00,10,0.1248614279601447,21.79,21.665138572039854,56.69942069018031,56.82428211814045
1,20260919T132348Z-09b7cfe3,2026-09-19 13:23:48+00:00,afternoon,2026-09-29 04:00:00+00:00,10,11.797754702920797,22.06,10.262245297079202,41.02986464325041,52.82761934617121
1,20260919T132348Z-09b7cfe3,2026-09-19 13:23:48+00:00,afternoon,2026-09-29 05:00:00+00:00,10,22.174961787100123,39.91,17.735038212899873,38.56515383657672,60.74011562367684
1,20260919T132348Z-09b7cfe3,2026-09-19 13:23:48+00:00,afternoon,2026-09-29 06:00:00+00:00,10,23.388388381444877,89.88,66.49161161855511,52.3073850843979,75.69577346584278
1,20260919T132348Z-09b7cfe3,2026-09-19 13:23:48+00:00,afternoon,2026-09-29 07:00:00+00:00,10,22.37664539896833,93.85,71.47335460103167,46.181779393394585,68.55842479236291
1,20260919T132348Z-09b7cfe3,2026-09-19 13:23:48+00:00,afternoon,2026-09-29 08:00:00+00:00,10,15.827705363611532,114.2,98.37229463638847,53.64385040226138,69.4715557658729
1,20260919T132348Z-09b7cfe3,2026-09-19 13:23:48+00:00,afternoon,2026-09-29 09:00:00+00:00,10,7.933886969546084,110.26,102.32611303045393,29.10096884846883,37.03485581801492
1,20260919T132348Z-09b7cfe3,2026-09-19 13:23:48+00:00,afternoon,2026-09-29 10:00:00+00:00,10,6.200224361773867,105.26,99.05977563822614,38.4109978655649,44.61122222733877
1,20260919T132348Z-09b7cfe3,2026-09-19 13:23:48+00:00,afternoon,2026-09-29 11:00:00+00:00,10,4.431018192770521,98.44,94.00898180722947,28.506977409165554,32.93799560193607
1,20260919T132348Z-09b7cfe3,2026-09-19 13:23:48+00:00,afternoon,2026-09-29 12:00:00+00:00,10,4.606043627243964,98.33,93.72395637275604,20.8837470896875,25.489790716931463
1,20260919T132348Z-09b7cfe3,2026-09-19 13:23:48+00:00,afternoon,2026-09-29 13:00:00+00:00,10,8.7090475257288,103.95,95.24095247427121,20.433174779253246,29.142222304982045
1,20260919T132348Z-09b7cfe3,2026-09-19 13:23:48+00:00,afternoon,2026-09-29 14:00:00+00:00,10,14.877882297931992,108.8,93.92211770206801,8.006937072255392,22.884819370187383
1,20260919T132348Z-09b7cfe3,2026-09-19 13:23:48+00:00,afternoon,2026-09-29 15:00:00+00:00,10,26.46422324458796,124.08,97.61577675541204,9.128129762116568,35.59235300670453
1,20260919T132348Z-09b7cfe3,2026-09-19 13:23:48+00:00,afternoon,2026-09-29 16:00:00+00:00,10,30.82276519688069,115.85,85.0272348031193,-15.639081507644754,15.183683689235938
1,20260919T132348Z-09b7cfe3,2026-09-19 13:23:48+00:00,afternoon,2026-09-29 17:00:00+00:00,10,26.19511495352692,57.39,31.19488504647308,-32.056959393227935,-5.861844439701013
1,20260919T132348Z-09b7cfe3,2026-09-19 13:23:48+00:00,afternoon,2026-09-29 18:00:00+00:00,10,16.029897055115256,56.25,40.220102944884744,-13.54273447260308,2.487162582512177
1,20260919T132348Z-09b7cfe3,2026-09-19 13:23:48+00:00,afternoon,2026-09-29 19:00:00+00:00,10,13.160475386835303,28.49,15.329524613164695,-12.979422138391076,0.18105324844422732
1,20260919T132348Z-09b7cfe3,2026-09-19 13:23:48+00:00,afternoon,2026-09-29 20:00:00+00:00,10,2.352903290853064,39.0,36.647096709146936,-1.2829268140449188,1.069976476808145
1,20260919T132348Z-09b7cfe3,2026-09-19 13:23:48+00:00,afternoon,2026-09-29 21:00:00+00:00,11,-3.502482426164475,38.75,42.25248242616448,-6.290983189037887,-9.793465615202361
1,20260919T132348Z-09b7cfe3,2026-09-19 13:23:48+00:00,afternoon,2026-09-29 22:00:00+00:00,11,3.902838558817571,40.56,36.65716144118243,-14.391399448752209,-10.488560889934638
1,20260919T132348Z-09b7cfe3,2026-09-19 13:23:48+00:00,afternoon,2026-09-29 23:00:00+00:00,11,-0.1196088085978512,43.18,43.29960880859785,-5.141813893263724,-5.261422701861576
1,20260919T132348Z-09b7cfe3,2026-09-19 13:23:48+00:00,afternoon,2026-09-30 00:00:00+00:00,11,-3.4739022185958763,52.32,55.793902218595875,0.41579732621451937,-3.058104892381357
1,20260919T132348Z-09b7cfe3,2026-09-19 13:23:48+00:00,afternoon,2026-09-30 01:00:00+00:00,11,-2.090238278433384,61.7,63.790238278433385,0.41579732621451937,-1.6744409522188648
1,20260919T132348Z-09b7cfe3,2026-09-19 13:23:48+00:00,afternoon,2026-09-30 02:00:00+00:00,11,-1.6587450905654908,82.08,83.73874509056549,8.973530204480292,7.314785113914802
1,20260919T132348Z-09b7cfe3,2026-09-19 13:23:48+00:00,afternoon,2026-09-30 03:00:00+00:00,11,2.71459324418843,107.3,104.58540675581156,-4.624033741768358,-1.9094404975799275
1,20260919T132348Z-09b7cfe3,2026-09-19 13:23:48+00:00,afternoon,2026-09-30 04:00:00+00:00,11,12.842866484373513,154.8,141.9571335156265,-12.840442785709863,0.002423698663649887
1,20260919T132348Z-09b7cfe3,2026-09-19 13:23:48+00:00,afternoon,2026-09-30 05:00:00+00:00,11,23.54328221301624,197.27,173.72671778698378,-22.731471153941705,0.811811059074536
1,20260919T132348Z-09b7cfe3,2026-09-19 13:23:48+00:00,afternoon,2026-09-30 06:00:00+00:00,11,25.940812429559493,210.56,184.61918757044052,-10.479979140819596,15.460833288739897
1,20260919T132348Z-09b7cfe3,2026-09-19 13:23:48+00:00,afternoon,2026-09-30 07:00:00+00:00,11,24.296928006838023,240.26,215.96307199316198,-3.9951766953248864,20.301751311513136
1,20260919T132348Z-09b7cfe3,2026-09-19 13:23:48+00:00,afternoon,2026-09-30 08:00:00+00:00,11,17.869946062828962,149.94,132.07005393717102,10.772467300779372,28.642413363608334
1,20260919T132348Z-09b7cfe3,2026-09-19 13:23:48+00:00,afternoon,2026-09-30 09:00:00+00:00,11,11.353174665356462,116.87,105.51682533464354,1.2916827564130078,12.644857421769471
1,20260919T132348Z-09b7cfe3,2026-09-19 13:23:48+00:00,afternoon,2026-09-30 10:00:00+00:00,11,9.487044663304683,113.71,104.2229553366953,2.825110250118282,12.312154913422965
1,20260919T132348Z-09b7cfe3,2026-09-19 13:23:48+00:00,afternoon,2026-09-30 11:00:00+00:00,11,7.852113584989615,108.27,100.41788641501039,1.6068780528890816,9.458991637878697
1,20260919T132348Z-09b7cfe3,2026-09-19 13:23:48+00:00,afternoon,2026-09-30 12:00:00+00:00,11,8.338947851835186,105.94,97.60105214816481,-5.9540068388137275,2.384941013021459
1,20260919T132348Z-09b7cfe3,2026-09-19 13:23:48+00:00,afternoon,2026-09-30 13:00:00+00:00,11,11.917811224590482,99.94,88.02218877540952,-5.423053622058049,6.494757602532433
1,20260919T132348Z-09b7cfe3,2026-09-19 13:23:48+00:00,afternoon,2026-09-30 14:00:00+00:00,11,18.54045366249681,150.0,131.45954633750318,-15.18109026094563,3.359363401551178
1,20260919T132348Z-09b7cfe3,2026-09-19 13:23:48+00:00,afternoon,2026-09-30 15:00:00+00:00,11,30.1849107853006,244.81,214.62508921469941,-23.25733754479711,6.927573240503488
1,20260919T132348Z-09b7cfe3,2026-09-19 13:23:48+00:00,afternoon,2026-09-30 16:00:00+00:00,11,34.254181686188346,213.28,179.02581831381167,-44.12692043742272,-9.872738751234373
1,20260919T132348Z-09b7cfe3,2026-09-19 13:23:48+00:00,afternoon,2026-09-30 17:00:00+00:00,11,29.74973190524782,229.71,199.9602680947522,-45.1341083115493,-15.384376406301477
1,20260919T132348Z-09b7cfe3,2026-09-19 13:23:48+00:00,afternoon,2026-09-30 18:00:00+00:00,11,20.557570038904824,245.84,225.28242996109518,-33.91849599557896,-13.360925956674134
1,20260919T132348Z-09b7cfe3,2026-09-19 13:23:48+00:00,afternoon,2026-09-30 19:00:00+00:00,11,17.430644386542184,186.88,169.4493556134578,-42.25573098950747,-24.825086602965285
1,20260919T132348Z-09b7cfe3,2026-09-19 13:23:48+00:00,afternoon,2026-09-30 20:00:00+00:00,11,5.664910281602993,102.71,97.045089718397,-25.8721284069444,-20.20721812534141
1,20260919T132348Z-09b7cfe3,2026-09-19 13:23:48+00:00,afternoon,2026-09-30 21:00:00+00:00,12,0.7419643144880705,51.09,50.34803568551193,0.0095558831489022,0.7515201976369728
2,20260920T032825Z-7f41b93e,2026-09-20 03:28:25+00:00,morning,2026-09-20 21:00:00+00:00,1,-7.5717777916004625,25.51,33.081777791600466,45.72087327686165,38.14909548526119
2,20260920T032825Z-7f41b93e,2026-09-20 03:28:25+00:00,morning,2026-09-20 22:00:00+00:00,1,3.936997208399544,15.58,11.643002791600455,48.707889895924936,52.64488710432448
2,20260920T032825Z-7f41b93e,2026-09-20 03:28:25+00:00,morning,2026-09-20 23:00:00+00:00,1,-0.4659527916004555,10.3,10.765952791600457,51.40267184639663,50.93671905479617
2,20260920T032825Z-7f41b93e,2026-09-20 03:28:25+00:00,morning,2026-09-21 00:00:00+00:00,1,-1.8414027916004607,8.54,10.38140279160046,56.905999937433066,55.06459714583261
2,20260920T032825Z-7f41b93e,2026-09-20 03:28:25+00:00,morning,2026-09-21 01:00:00+00:00,1,0.8615722083995419,9.79,8.928427791600457,55.39450421385814,56.256076422257685
2,20260920T032825Z-7f41b93e,2026-09-20 03:28:25+00:00,morning,2026-09-21 02:00:00+00:00,1,2.649372208399544,8.1,5.450627791600455,62.28475300279941,64.93412521119896
2,20260920T032825Z-7f41b93e,2026-09-20 03:28:25+00:00,morning,2026-09-21 03:00:00+00:00,1,12.093372208399536,51.64,39.546627791600464,73.74878368374877,85.8421558921483
2,20260920T032825Z-7f41b93e,2026-09-20 03:28:25+00:00,morning,2026-09-21 04:00:00+00:00,1,28.54693163995565,107.91,79.36306836004435,56.34049521007737,84.88742685003302
2,20260920T032825Z-7f41b93e,2026-09-20 03:28:25+00:00,morning,2026-09-21 05:00:00+00:00,1,42.74368163995564,145.41,102.66631836004436,32.652015599948804,75.39569723990445
2,20260920T032825Z-7f41b93e,2026-09-20 03:28:25+00:00,morning,2026-09-21 06:00:00+00:00,1,43.92573163995563,146.57,102.64426836004436,29.81426287064226,73.73999451059788
2,20260920T032825Z-7f41b93e,2026-09-20 03:28:25+00:00,morning,2026-09-21 07:00:00+00:00,1,41.28753163995563,120.04,78.75246836004438,31.1271569442927,72.41468858424832
2,20260920T032825Z-7f41b93e,2026-09-20 03:28:25+00:00,morning,2026-09-21 08:00:00+00:00,1,30.25610663995564,73.19,42.93389336004436,51.886594953005506,82.14270159296115
2,20260920T032825Z-7f41b93e,2026-09-20 03:28:25+00:00,morning,2026-09-21 09:00:00+00:00,1,19.285231639955644,25.19,5.904768360044358,38.068400266457026,57.35363190641267
2,20260920T032825Z-7f41b93e,2026-09-20 03:28:25+00:00,morning,2026-09-21 10:00:00+00:00,1,14.91008163995563,15.75,0.8399183600443703,34.69091321659214,49.60099485654777
2,20260920T032825Z-7f41b93e,2026-09-20 03:28:25+00:00,morning,2026-09-21 11:00:00+00:00,1,10.53440663995564,11.59,1.0555933600443606,29.457852215140015,39.992258855095656
2,20260920T032825Z-7f41b93e,2026-09-20 03:28:25+00:00,morning,2026-09-21 12:00:00+00:00,1,9.897206639955634,13.07,3.1727933600443663,28.252187904801445,38.14939454475708
2,20260920T032825Z-7f41b93e,2026-09-20 03:28:25+00:00,morning,2026-09-21 13:00:00+00:00,1,14.460181639955648,11.01,-3.450181639955648,21.738588677902236,36.198770317857885
2,20260920T032825Z-7f41b93e,2026-09-20 03:28:25+00:00,morning,2026-09-21 14:00:00+00:00,1,22.682806639955643,10.52,-12.162806639955644,13.086008663685334,35.76881530364098
2,20260920T032825Z-7f41b93e,2026-09-20 03:28:25+00:00,morning,2026-09-21 15:00:00+00:00,1,37.54388163995564,12.91,-24.633881639955643,16.549205560881386,54.09308720083703
2,20260920T032825Z-7f41b93e,2026-09-20 03:28:25+00:00,morning,2026-09-21 16:00:00+00:00,1,42.36903163995565,52.81,10.440968360044351,18.73150112787324,61.100532767828895
2,20260920T032825Z-7f41b93e,2026-09-20 03:28:25+00:00,morning,2026-09-21 17:00:00+00:00,1,36.39061210287192,36.43,0.039387897128079885,13.135933907940746,49.526546010812666
2,20260920T032825Z-7f41b93e,2026-09-20 03:28:25+00:00,morning,2026-09-21 18:00:00+00:00,1,24.174251702108837,35.78,11.605748297891164,-0.49959393989843376,23.6746577622104
2,20260920T032825Z-7f41b93e,2026-09-20 03:28:25+00:00,morning,2026-09-21 19:00:00+00:00,1,20.851272208399543,24.99,4.138727791600456,16.584271890401915,37.43554409880146
2,20260920T032825Z-7f41b93e,2026-09-20 03:28:25+00:00,morning,2026-09-21 20:00:00+00:00,1,5.406072208399535,24.75,19.343927791600464,38.07133527604908,43.47740748444862
2,20260920T032825Z-7f41b93e,2026-09-20 03:28:25+00:00,morning,2026-09-21 21:00:00+00:00,2,-6.534977791600456,24.99,31.524977791600456,38.8261170961742,32.29113930457375
2,20260920T032825Z-7f41b93e,2026-09-20 03:28:25+00:00,morning,2026-09-21 22:00:00+00:00,2,3.5486472083995477,20.01,16.461352791600454,83.16452695803841,86.71317416643795
2,20260920T032825Z-7f41b93e,2026-09-20 03:28:25+00:00,morning,2026-09-21 23:00:00+00:00,2,-2.0405027916004568,23.05,25.090502791600457,88.60620337064177,86.5657005790413
2,20260920T032825Z-7f41b93e,2026-09-20 03:28:25+00:00,morning,2026-09-22 00:00:00+00:00,2,-3.935402791600461,23.78,27.71540279160046,93.75579071772435,89.82038792612389
2,20260920T032825Z-7f41b93e,2026-09-20 03:28:25+00:00,morning,2026-09-22 01:00:00+00:00,2,-1.0287277916004594,24.56,25.58872779160046,90.54652878683876,89.5178009952383
2,20260920T032825Z-7f41b93e,2026-09-20 03:28:25+00:00,morning,2026-09-22 02:00:00+00:00,2,0.4967222083995408,27.64,27.14327779160046,98.07332280881491,98.57004501721445
2,20260920T032825Z-7f41b93e,2026-09-20 03:28:25+00:00,morning,2026-09-22 03:00:00+00:00,2,9.624972208399535,26.95,17.325027791600462,117.13715455555366,126.7621267639532
2,20260920T032825Z-7f41b93e,2026-09-20 03:28:25+00:00,morning,2026-09-22 04:00:00+00:00,2,26.28958163995565,86.11,59.82041836004435,89.00041291539804,115.2899945553537
2,20260920T032825Z-7f41b93e,2026-09-20 03:28:25+00:00,morning,2026-09-22 05:00:00+00:00,2,37.61533163995565,156.22,118.60466836004434,54.83935044555999,92.45468208551563
2,20260920T032825Z-7f41b93e,2026-09-20 03:28:25+00:00,morning,2026-09-22 06:00:00+00:00,2,39.82713163995564,207.86,168.03286836004438,40.7815530198872,80.60868465984284
2,20260920T032825Z-7f41b93e,2026-09-20 03:28:25+00:00,morning,2026-09-22 07:00:00+00:00,2,38.67378163995563,224.97,186.29621836004438,49.38245788499951,88.05623952495515
2,20260920T032825Z-7f41b93e,2026-09-20 03:28:25+00:00,morning,2026-09-22 08:00:00+00:00,2,28.89050663995564,179.63,150.73949336004435,72.06464656167326,100.95515320162889
2,20260920T032825Z-7f41b93e,2026-09-20 03:28:25+00:00,morning,2026-09-22 09:00:00+00:00,2,18.65013163995564,156.89,138.23986836004434,42.31333429482837,60.96346593478401
2,20260920T032825Z-7f41b93e,2026-09-20 03:28:25+00:00,morning,2026-09-22 10:00:00+00:00,2,15.200031639955634,125.42,110.21996836004436,40.460637435049414,55.660669075005046
2,20260920T032825Z-7f41b93e,2026-09-20 03:28:25+00:00,morning,2026-09-22 11:00:00+00:00,2,12.09590663995565,117.28,105.18409336004436,37.366636357160324,49.462542997115975
2,20260920T032825Z-7f41b93e,2026-09-20 03:28:25+00:00,morning,2026-09-22 12:00:00+00:00,2,12.432656639955631,115.57,103.13734336004435,33.09416167555327,45.526818315508905
2,20260920T032825Z-7f41b93e,2026-09-20 03:28:25+00:00,morning,2026-09-22 13:00:00+00:00,2,18.09573163995563,128.32,110.22426836004436,21.147957584533664,39.243689224489295
2,20260920T032825Z-7f41b93e,2026-09-20 03:28:25+00:00,morning,2026-09-22 14:00:00+00:00,2,28.12960663995565,148.28,120.15039336004435,8.93104623355647,37.06065287351212
2,20260920T032825Z-7f41b93e,2026-09-20 03:28:25+00:00,morning,2026-09-22 15:00:00+00:00,2,44.97833163995564,165.16,120.18166836004436,-2.7304166013792917,42.24791503857635
2,20260920T032825Z-7f41b93e,2026-09-20 03:28:25+00:00,morning,2026-09-22 16:00:00+00:00,2,52.32363163995564,245.59,193.26636836004437,-25.625222657447353,26.69840898250829
2,20260920T032825Z-7f41b93e,2026-09-20 03:28:25+00:00,morning,2026-09-22 17:00:00+00:00,2,47.12078163995564,334.63,287.5092183600444,-30.335722742248677,16.78505889770696
2,20260920T032825Z-7f41b93e,2026-09-20 03:28:25+00:00,morning,2026-09-22 18:00:00+00:00,2,33.78498163995564,256.39,222.60501836004434,-28.991884186868422,4.793097453087217
2,20260920T032825Z-7f41b93e,2026-09-20 03:28:25+00:00,morning,2026-09-22 19:00:00+00:00,2,28.96820663995565,194.5,165.53179336004436,-14.638342089981197,14.329864549974452
2,20260920T032825Z-7f41b93e,2026-09-20 03:28:25+00:00,morning,2026-09-22 20:00:00+00:00,2,11.974556639955638,148.0,136.02544336004436,11.257354951037572,23.23191159099321
2,20260920T032825Z-7f41b93e,2026-09-20 03:28:25+00:00,morning,2026-09-22 21:00:00+00:00,3,-0.8157933600443584,101.7,102.51579336004436,22.072817533954034,21.257024173909674
2,20260920T032825Z-7f41b93e,2026-09-20 03:28:25+00:00,morning,2026-09-22 22:00:00+00:00,3,8.628081639955644,136.26,127.63191836004435,13.269094916038094,21.897176555993738
2,20260920T032825Z-7f41b93e,2026-09-20 03:28:25+00:00,morning,2026-09-22 23:00:00+00:00,3,2.8086816399556405,124.31,121.50131836004437,20.55783985689206,23.3665214968477
2,20260920T032825Z-7f41b93e,2026-09-20 03:28:25+00:00,morning,2026-09-23 00:00:00+00:00,3,-0.0283683600443611,123.74,123.76836836004436,20.46486082544933,20.436492465404967
2,20260920T032825Z-7f41b93e,2026-09-20 03:28:25+00:00,morning,2026-09-23 01:00:00+00:00,3,1.7812066399556437,102.58,100.79879336004436,19.090332211357925,20.87153885131357
2,20260920T032825Z-7f41b93e,2026-09-20 03:28:25+00:00,morning,2026-09-23 02:00:00+00:00,3,2.650406639955644,102.57,99.91959336004435,19.34589088830263,21.996297528258275
2,20260920T032825Z-7f41b93e,2026-09-20 03:28:25+00:00,morning,2026-09-23 03:00:00+00:00,3,11.229656639955646,133.32,122.09034336004434,10.521616301731875,21.75127294168752
2,20260920T032825Z-7f41b93e,2026-09-20 03:28:25+00:00,morning,2026-09-23 04:00:00+00:00,3,30.511521729108555,157.85,127.33847827089144,-13.40223762220187,17.109284106906685
2,20260920T032825Z-7f41b93e,2026-09-20 03:28:25+00:00,morning,2026-09-23 05:00:00+00:00,3,43.73020782106414,169.2,125.46979217893585,-21.78448309986186,21.945724721202282
2,20260920T032825Z-7f41b93e,2026-09-20 03:28:25+00:00,morning,2026-09-23 06:00:00+00:00,3,45.76094264412929,177.54,131.7790573558707,-22.37158873548971,23.389353908639578
2,20260920T032825Z-7f41b93e,2026-09-20 03:28:25+00:00,morning,2026-09-23 07:00:00+00:00,3,43.90548901348656,170.34,126.43451098651344,-18.090416000393958,25.8150730130926
2,20260920T032825Z-7f41b93e,2026-09-20 03:28:25+00:00,morning,2026-09-23 08:00:00+00:00,3,33.707758075156654,152.65,118.94224192484336,-4.283634274511448,29.424123800645205
2,20260920T032825Z-7f41b93e,2026-09-20 03:28:25+00:00,morning,2026-09-23 09:00:00+00:00,3,23.79821092317315,135.29,111.49178907682685,10.059524136866775,33.85773506003993
2,20260920T032825Z-7f41b93e,2026-09-20 03:28:25+00:00,morning,2026-09-23 10:00:00+00:00,3,20.53325044012861,128.59,108.05674955987139,5.68616542484435,26.219415864972962
2,20260920T032825Z-7f41b93e,2026-09-20 03:28:25+00:00,morning,2026-09-23 11:00:00+00:00,3,17.27914496118018,121.9,104.62085503881983,1.100214785273147,18.379359746453325
2,20260920T032825Z-7f41b93e,2026-09-20 03:28:25+00:00,morning,2026-09-23 12:00:00+00:00,3,17.238644648963216,121.77,104.53135535103678,0.5710934544482722,17.80973810341149
2,20260920T032825Z-7f41b93e,2026-09-20 03:28:25+00:00,morning,2026-09-23 13:00:00+00:00,3,22.20827037645684,123.39,101.18172962354316,-1.6042408086861712,20.60402956777067
2,20260920T032825Z-7f41b93e,2026-09-20 03:28:25+00:00,morning,2026-09-23 14:00:00+00:00,3,31.06161590778015,132.85,101.78838409221984,-15.805533065489792,15.25608284229036
2,20260920T032825Z-7f41b93e,2026-09-20 03:28:25+00:00,morning,2026-09-23 15:00:00+00:00,3,47.19947230937007,161.44,114.24052769062993,-33.111265249088305,14.088207060281768
2,20260920T032825Z-7f41b93e,2026-09-20 03:28:25+00:00,morning,2026-09-23 16:00:00+00:00,3,53.2034051945975,201.7,148.49659480540248,-29.949230707041064,23.254174487556437
2,20260920T032825Z-7f41b93e,2026-09-20 03:28:25+00:00,morning,2026-09-23 17:00:00+00:00,3,48.50570982158559,154.84,106.33429017841442,-25.930390235171433,22.575319586414157
2,20260920T032825Z-7f41b93e,2026-09-20 03:28:25+00:00,morning,2026-09-23 18:00:00+00:00,3,37.07360339981944,147.72,110.64639660018057,-21.884557781442172,15.189045618377268
2,20260920T032825Z-7f41b93e,2026-09-20 03:28:25+00:00,morning,2026-09-23 19:00:00+00:00,3,33.26337221489764,70.09,36.82662778510236,-11.642001142882071,21.62137107201557
2,20260920T032825Z-7f41b93e,2026-09-20 03:28:25+00:00,morning,2026-09-23 20:00:00+00:00,3,17.736092512385824,39.04,21.303907487614175,7.487001452735231,25.223093965121056
2,20260920T032825Z-7f41b93e,2026-09-20 03:28:25+00:00,morning,2026-09-23 21:00:00+00:00,4,6.552086002918578,35.5,28.94791399708142,25.085297272482048,31.637383275400627
2,20260920T032825Z-7f41b93e,2026-09-20 03:28:25+00:00,morning,2026-09-23 22:00:00+00:00,4,16.975490885070233,101.35,84.37450911492977,7.736407851434763,24.711898736504995
2,20260920T032825Z-7f41b93e,2026-09-20 03:28:25+00:00,morning,2026-09-23 23:00:00+00:00,4,11.781791696224412,103.88,92.09820830377558,15.452782959346493,27.234574655570903
2,20260920T032825Z-7f41b93e,2026-09-20 03:28:25+00:00,morning,2026-09-24 00:00:00+00:00,4,9.359740677219186,110.9,101.54025932278083,18.12559172809402,27.485332405313205
2,20260920T032825Z-7f41b93e,2026-09-20 03:28:25+00:00,morning,2026-09-24 01:00:00+00:00,4,11.043649024130412,100.73,89.68635097586959,16.022550886388625,27.06619991051904
2,20260920T032825Z-7f41b93e,2026-09-20 03:28:25+00:00,morning,2026-09-24 02:00:00+00:00,4,10.855608917742494,97.77,86.91439108225751,13.517619790895854,24.373228708638347
2,20260920T032825Z-7f41b93e,2026-09-20 03:28:25+00:00,morning,2026-09-24 03:00:00+00:00,4,16.786572117390392,106.85,90.0634278826096,4.42048276912224,21.207054886512633
2,20260920T032825Z-7f41b93e,2026-09-20 03:28:25+00:00,morning,2026-09-24 04:00:00+00:00,4,30.51114799513213,119.34,88.82885200486787,-10.530025649079523,19.981122346052608
2,20260920T032825Z-7f41b93e,2026-09-20 03:28:25+00:00,morning,2026-09-24 05:00:00+00:00,4,43.729863117946486,173.34,129.61013688205352,-14.271999447304,29.45786367064249
2,20260920T032825Z-7f41b93e,2026-09-20 03:28:25+00:00,morning,2026-09-24 06:00:00+00:00,4,45.76069674607451,227.37,181.6093032539255,-12.686646291265058,33.07405045480945
2,20260920T032825Z-7f41b93e,2026-09-20 03:28:25+00:00,morning,2026-09-24 07:00:00+00:00,4,43.9054442503333,202.47,158.5645557496667,-8.046408936179091,35.859035314154205
2,20260920T032825Z-7f41b93e,2026-09-20 03:28:25+00:00,morning,2026-09-24 08:00:00+00:00,4,33.70780058077102,173.02,139.312199419229,-0.023097750238426553,33.68470283053259
2,20260920T032825Z-7f41b93e,2026-09-20 03:28:25+00:00,morning,2026-09-24 09:00:00+00:00,4,23.798243784490914,170.98,147.18175621550907,12.750719203148078,36.548962987638994
2,20260920T032825Z-7f41b93e,2026-09-20 03:28:25+00:00,morning,2026-09-24 10:00:00+00:00,4,20.533262484726965,137.68,117.14673751527305,7.715303577487042,28.248566062214007
2,20260920T032825Z-7f41b93e,2026-09-20 03:28:25+00:00,morning,2026-09-24 11:00:00+00:00,4,17.279119613187348,145.76,128.48088038681266,2.5665780029243446,19.845697616111693
2,20260920T032825Z-7f41b93e,2026-09-20 03:28:25+00:00,morning,2026-09-24 12:00:00+00:00,4,17.238614423021883,140.03,122.79138557697812,2.0374566720994705,19.276071095121353
2,20260920T032825Z-7f41b93e,2026-09-20 03:28:25+00:00,morning,2026-09-24 13:00:00+00:00,4,22.208218102441062,137.74,115.53178189755894,-2.90051722990608,19.307700872534983
2,20260920T032825Z-7f41b93e,2026-09-20 03:28:25+00:00,morning,2026-09-24 14:00:00+00:00,4,31.061607749661498,127.6,96.53839225033849,-15.361393060810256,15.700214688851242
2,20260920T032825Z-7f41b93e,2026-09-20 03:28:25+00:00,morning,2026-09-24 15:00:00+00:00,4,47.199377812429645,140.0,92.80062218757035,-24.275412584814056,22.92396522761559
2,20260920T032825Z-7f41b93e,2026-09-20 03:28:25+00:00,morning,2026-09-24 16:00:00+00:00,4,53.20325499956766,157.48,104.27674500043233,-21.565014576644984,31.638240422922678
2,20260920T032825Z-7f41b93e,2026-09-20 03:28:25+00:00,morning,2026-09-24 17:00:00+00:00,4,48.5056340635965,176.21,127.7043659364035,-23.67060533842558,24.835028725170922
2,20260920T032825Z-7f41b93e,2026-09-20 03:28:25+00:00,morning,2026-09-24 18:00:00+00:00,4,37.07355838178149,161.52,124.44644161821853,-13.885601033625854,23.187957348155635
2,20260920T032825Z-7f41b93e,2026-09-20 03:28:25+00:00,morning,2026-09-24 19:00:00+00:00,4,33.263467041712595,130.03,96.7665329582874,-7.756390066696344,25.50707697501625
2,20260920T032825Z-7f41b93e,2026-09-20 03:28:25+00:00,morning,2026-09-24 20:00:00+00:00,4,17.736347021800235,93.8,76.06365297819977,15.987191839480898,33.723538861281135
2,20260920T032825Z-7f41b93e,2026-09-20 03:28:25+00:00,morning,2026-09-24 21:00:00+00:00,5,8.191640447059712,49.03,40.83835955294029,21.597040475344897,29.78868092240461
2,20260920T032825Z-7f41b93e,2026-09-20 03:28:25+00:00,morning,2026-09-24 22:00:00+00:00,5,18.198174980379143,34.99,16.79182501962086,9.309771049209184,27.507946029588325
2,20260920T032825Z-7f41b93e,2026-09-20 03:28:25+00:00,morning,2026-09-24 23:00:00+00:00,5,13.21212944848432,33.0,19.78787055151568,13.496609114159371,26.708738562643692
2,20260920T032825Z-7f41b93e,2026-09-20 03:28:25+00:00,morning,2026-09-25 00:00:00+00:00,5,10.886927445601808,34.14,23.253072554398194,17.142637250090807,28.029564695692613
2,20260920T032825Z-7f41b93e,2026-09-20 03:28:25+00:00,morning,2026-09-25 01:00:00+00:00,5,12.503591682914887,35.0,22.496408317085113,20.600940905900018,33.104532588814905
2,20260920T032825Z-7f41b93e,2026-09-20 03:28:25+00:00,morning,2026-09-25 02:00:00+00:00,5,12.323069008720765,29.99,17.666930991279234,14.798158865988912,27.121227874709675
2,20260920T032825Z-7f41b93e,2026-09-20 03:28:25+00:00,morning,2026-09-25 03:00:00+00:00,5,18.01673182549874,32.15,14.133268174501257,3.5767423155455367,21.59347414104428
2,20260920T032825Z-7f41b93e,2026-09-20 03:28:25+00:00,morning,2026-09-25 04:00:00+00:00,5,31.1924093347813,30.09,-1.1024093347812993,-11.637306654198284,19.555102680583015
2,20260920T032825Z-7f41b93e,2026-09-20 03:28:25+00:00,morning,2026-09-25 05:00:00+00:00,5,43.8823723454063,41.51,-2.372372345406305,-11.816695408611904,32.0656769367944
2,20260920T032825Z-7f41b93e,2026-09-20 03:28:25+00:00,morning,2026-09-25 06:00:00+00:00,5,45.83196083925406,50.0,4.168039160745941,-10.897985091204978,34.93397574804908
2,20260920T032825Z-7f41b93e,2026-09-20 03:28:25+00:00,morning,2026-09-25 07:00:00+00:00,5,44.0508086262766,69.41,25.359191373723398,-6.706278408600519,37.34453021767608
2,20260920T032825Z-7f41b93e,2026-09-20 03:28:25+00:00,morning,2026-09-25 08:00:00+00:00,5,34.26103090223113,115.48,81.21896909776888,2.2432751812030425,36.50430608343417
2,20260920T032825Z-7f41b93e,2026-09-20 03:28:25+00:00,morning,2026-09-25 09:00:00+00:00,5,24.74782450380377,138.0,113.25217549619623,9.327416044564778,34.07524054836855
2,20260920T032825Z-7f41b93e,2026-09-20 03:28:25+00:00,morning,2026-09-25 10:00:00+00:00,5,21.61343838074336,117.7,96.08656161925664,7.083305503467612,28.696743884210974
2,20260920T032825Z-7f41b93e,2026-09-20 03:28:25+00:00,morning,2026-09-25 11:00:00+00:00,5,18.489459413141702,102.12,83.6305405868583,2.836585313744016,21.32604472688572
2,20260920T032825Z-7f41b93e,2026-09-20 03:28:25+00:00,morning,2026-09-25 12:00:00+00:00,5,18.450566808779094,74.67,56.21943319122091,1.8214841608927914,20.272050969671884
2,20260920T032825Z-7f41b93e,2026-09-20 03:28:25+00:00,morning,2026-09-25 13:00:00+00:00,5,23.221402484589422,72.56,49.338597515410584,-6.652337683987785,16.569064800601637
2,20260920T032825Z-7f41b93e,2026-09-20 03:28:25+00:00,morning,2026-09-25 14:00:00+00:00,5,31.720635730602982,96.66,64.93936426939702,-15.581474403199238,16.139161327403745
2,20260920T032825Z-7f41b93e,2026-09-20 03:28:25+00:00,morning,2026-09-25 15:00:00+00:00,5,47.21295377839551,92.14,44.92704622160449,-24.428147599450792,22.784806178944716
2,20260920T032825Z-7f41b93e,2026-09-20 03:28:25+00:00,morning,2026-09-25 16:00:00+00:00,5,52.97662843439511,69.02,16.043371565604886,-18.948865024782823,34.02776340961229
2,20260920T032825Z-7f41b93e,2026-09-20 03:28:25+00:00,morning,2026-09-25 17:00:00+00:00,5,48.4667538374034,66.57,18.10324616259659,-22.227457952478968,26.239295884924434
2,20260920T032825Z-7f41b93e,2026-09-20 03:28:25+00:00,morning,2026-09-25 18:00:00+00:00,5,37.49192731249053,49.47,11.978072687509467,-12.009087482516415,25.482839829974118
2,20260920T032825Z-7f41b93e,2026-09-20 03:28:25+00:00,morning,2026-09-25 19:00:00+00:00,5,33.834368644277845,35.84,2.0056313557221586,-7.15140944286492,26.682959201412924
2,20260920T032825Z-7f41b93e,2026-09-20 03:28:25+00:00,morning,2026-09-25 20:00:00+00:00,5,18.92826041443506,37.18,18.25173958556494,8.814324714846263,27.742585129281323
2,20260920T032825Z-7f41b93e,2026-09-20 03:28:25+00:00,morning,2026-09-25 21:00:00+00:00,6,7.990961653006925,34.32,26.329038346993073,8.517912178564606,16.50887383157153
2,20260920T032825Z-7f41b93e,2026-09-20 03:28:25+00:00,morning,2026-09-25 22:00:00+00:00,6,17.5804568640308,25.0,7.4195431359691995,-5.451666353521363,12.128790510509438
2,20260920T032825Z-7f41b93e,2026-09-20 03:28:25+00:00,morning,2026-09-25 23:00:00+00:00,6,12.802180564735188,25.88,13.07781943526481,2.6576348862792,15.45981545101439
2,20260920T032825Z-7f41b93e,2026-09-20 03:28:25+00:00,morning,2026-09-26 00:00:00+00:00,6,10.573877295329368,28.82,18.246122704670633,6.181110810174998,16.754988105504367
2,20260920T032825Z-7f41b93e,2026-09-20 03:28:25+00:00,morning,2026-09-26 01:00:00+00:00,6,12.123045558861111,29.24,17.116954441138887,5.02589611633954,17.148941675200653
2,20260920T032825Z-7f41b93e,2026-09-20 03:28:25+00:00,morning,2026-09-26 02:00:00+00:00,6,11.95004923452912,29.1,17.149950765470884,1.824096791066081,13.7741460255952
2,20260920T032825Z-7f41b93e,2026-09-20 03:28:25+00:00,morning,2026-09-26 03:00:00+00:00,6,17.40657722387981,30.15,12.743422776120187,-9.965466305522648,7.441110918357163
2,20260920T032825Z-7f41b93e,2026-09-20 03:28:25+00:00,morning,2026-09-26 04:00:00+00:00,6,30.03318518013984,32.29,2.2568148198601605,-22.322024058393723,7.711161121746116
2,20260920T032825Z-7f41b93e,2026-09-20 03:28:25+00:00,morning,2026-09-26 05:00:00+00:00,6,42.19441313919296,30.89,-11.30441313919296,-41.15169445518804,1.0427186840049174
2,20260920T032825Z-7f41b93e,2026-09-20 03:28:25+00:00,morning,2026-09-26 06:00:00+00:00,6,44.06268845085253,32.97,-11.092688450852528,-41.69010967727612,2.3725787735764072
2,20260920T032825Z-7f41b93e,2026-09-20 03:28:25+00:00,morning,2026-09-26 07:00:00+00:00,6,42.35572631857077,34.57,-7.785726318570767,-41.417479864636555,0.9382464539342124
2,20260920T032825Z-7f41b93e,2026-09-20 03:28:25+00:00,morning,2026-09-26 08:00:00+00:00,6,32.973763440106154,42.99,10.016236559893848,-26.24606922807375,6.727694212032404
2,20260920T032825Z-7f41b93e,2026-09-20 03:28:25+00:00,morning,2026-09-26 09:00:00+00:00,6,23.856956089192167,43.03,19.173043910807834,-18.669544777705937,5.18741131148623
2,20260920T032825Z-7f41b93e,2026-09-20 03:28:25+00:00,morning,2026-09-26 10:00:00+00:00,6,20.853186576085434,29.23,8.376813423914566,-17.492271870309644,3.360914705775791
2,20260920T032825Z-7f41b93e,2026-09-20 03:28:25+00:00,morning,2026-09-26 11:00:00+00:00,6,17.859457635747518,19.42,1.560542364252484,-15.704290770140672,2.155166865606846
2,20260920T032825Z-7f41b93e,2026-09-20 03:28:25+00:00,morning,2026-09-26 12:00:00+00:00,6,17.82221500609139,13.29,-4.532215006091391,-15.712447886790061,2.1097671193013294
2,20260920T032825Z-7f41b93e,2026-09-20 03:28:25+00:00,morning,2026-09-26 13:00:00+00:00,6,22.39433449017407,22.59,0.195665509825929,-19.19660114221395,3.1977333479601207
2,20260920T032825Z-7f41b93e,2026-09-20 03:28:25+00:00,morning,2026-09-26 14:00:00+00:00,6,30.539342211120054,24.99,-5.549342211120056,-23.835012577771074,6.70432963334898
2,20260920T032825Z-7f41b93e,2026-09-20 03:28:25+00:00,morning,2026-09-26 15:00:00+00:00,6,45.386068934017786,28.93,-16.456068934017786,-45.55351871147867,-0.16744977746088097
2,20260920T032825Z-7f41b93e,2026-09-20 03:28:25+00:00,morning,2026-09-26 16:00:00+00:00,6,50.90963593559575,39.97,-10.939635935595753,-48.097612696319636,2.8120232392761153
2,20260920T032825Z-7f41b93e,2026-09-20 03:28:25+00:00,morning,2026-09-26 17:00:00+00:00,6,46.58781148388351,38.03,-8.557811483883512,-39.50138440366589,7.086427080217625
2,20260920T032825Z-7f41b93e,2026-09-20 03:28:25+00:00,morning,2026-09-26 18:00:00+00:00,6,36.07031618014127,34.42,-1.6503161801412674,-26.02132262852424,10.04899355161703
2,20260920T032825Z-7f41b93e,2026-09-20 03:28:25+00:00,morning,2026-09-26 19:00:00+00:00,6,32.56501533362357,21.72,-10.845015333623572,-18.913786968630234,13.651228364993337
2,20260920T032825Z-7f41b93e,2026-09-20 03:28:25+00:00,morning,2026-09-26 20:00:00+00:00,6,18.279940058318587,19.49,1.2100599416814113,-10.370317145825284,7.909622912493303
2,20260920T032825Z-7f41b93e,2026-09-20 03:28:25+00:00,morning,2026-09-26 21:00:00+00:00,7,9.710136537237595,15.83,6.119863462762405,2.828472097183979,12.538608634421575
2,20260920T032825Z-7f41b93e,2026-09-20 03:28:25+00:00,morning,2026-09-26 22:00:00+00:00,7,18.882714609994284,13.08,-5.802714609994284,-20.366998126538288,-1.4842835165440036
2,20260920T032825Z-7f41b93e,2026-09-20 03:28:25+00:00,morning,2026-09-26 23:00:00+00:00,7,14.31221201550327,17.76,3.447787984496731,-9.584243435650508,4.727968579852762
2,20260920T032825Z-7f41b93e,2026-09-20 03:28:25+00:00,morning,2026-09-27 00:00:00+00:00,7,12.18085487802481,14.3,2.1191451219751904,-3.4542377653839678,8.726617112640842
2,20260920T032825Z-7f41b93e,2026-09-20 03:28:25+00:00,morning,2026-09-27 01:00:00+00:00,7,13.662664967353107,12.81,-0.8526649673531068,-9.099805865877384,4.562859101475723
2,20260920T032825Z-7f41b93e,2026-09-20 03:28:25+00:00,morning,2026-09-27 02:00:00+00:00,7,13.49720785830946,10.74,-2.75720785830946,-7.822023460351565,5.675184397957896
2,20260920T032825Z-7f41b93e,2026-09-20 03:28:25+00:00,morning,2026-09-27 03:00:00+00:00,7,18.71646223594349,9.99,-8.726462235943488,-21.389880090433564,-2.6734178544900757
2,20260920T032825Z-7f41b93e,2026-09-20 03:28:25+00:00,morning,2026-09-27 04:00:00+00:00,7,30.7940635521387,9.7,-21.0940635521387,-28.052948514974634,2.7411150371640645
2,20260920T032825Z-7f41b93e,2026-09-20 03:28:25+00:00,morning,2026-09-27 05:00:00+00:00,7,42.42650670496734,10.0,-32.42650670496734,-44.68882377380391,-2.2623170688365732
2,20260920T032825Z-7f41b93e,2026-09-20 03:28:25+00:00,morning,2026-09-27 06:00:00+00:00,7,44.2135941798149,9.99,-34.223594179814896,-45.598047453904606,-1.384453274089708
2,20260920T032825Z-7f41b93e,2026-09-20 03:28:25+00:00,morning,2026-09-27 07:00:00+00:00,7,42.58077128789541,39.62,-2.9607712878954118,-43.96843977568307,-1.3876684877876642
2,20260920T032825Z-7f41b93e,2026-09-20 03:28:25+00:00,morning,2026-09-27 08:00:00+00:00,7,33.60675356177653,29.81,-3.79675356177653,-29.39499889073056,4.21175467104597
2,20260920T032825Z-7f41b93e,2026-09-20 03:28:25+00:00,morning,2026-09-27 09:00:00+00:00,7,24.88636300288492,19.49,-5.396363002884922,-17.768566603536215,7.1177963993487054
2,20260920T032825Z-7f41b93e,2026-09-20 03:28:25+00:00,morning,2026-09-27 10:00:00+00:00,7,22.01322310990312,19.49,-2.523223109903121,-16.636195908161078,5.377027201742042
2,20260920T032825Z-7f41b93e,2026-09-20 03:28:25+00:00,morning,2026-09-27 11:00:00+00:00,7,19.14956919796737,19.9,0.7504308020326285,-18.084339973729197,1.0652292242381733
2,20260920T032825Z-7f41b93e,2026-09-20 03:28:25+00:00,morning,2026-09-27 12:00:00+00:00,7,19.113875499975112,16.35,-2.7638754999751107,-17.9116086775166,1.2022668224585118
2,20260920T032825Z-7f41b93e,2026-09-20 03:28:25+00:00,morning,2026-09-27 13:00:00+00:00,7,23.487125852574643,19.99,-3.4971258525746443,-17.921664194217747,5.565461658356895
2,20260920T032825Z-7f41b93e,2026-09-20 03:28:25+00:00,morning,2026-09-27 14:00:00+00:00,7,31.278088895399588,21.99,-9.28808889539959,-24.536286478943552,6.741802416456036
2,20260920T032825Z-7f41b93e,2026-09-20 03:28:25+00:00,morning,2026-09-27 15:00:00+00:00,7,45.47936562644758,38.73,-6.7493656264475845,-48.78144749563538,-3.302081869187802
2,20260920T032825Z-7f41b93e,2026-09-20 03:28:25+00:00,morning,2026-09-27 16:00:00+00:00,7,50.7628195900992,47.2,-3.5628195900991955,-51.85941978908466,-1.0966001989854632
2,20260920T032825Z-7f41b93e,2026-09-20 03:28:25+00:00,morning,2026-09-27 17:00:00+00:00,7,46.62886685873597,43.76,-2.86886685873597,-44.32109794399018,2.307768914745786
2,20260920T032825Z-7f41b93e,2026-09-20 03:28:25+00:00,morning,2026-09-27 18:00:00+00:00,7,36.56868440714237,37.3,0.7313155928576265,-30.77052408098006,5.798160326162311
2,20260920T032825Z-7f41b93e,2026-09-20 03:28:25+00:00,morning,2026-09-27 19:00:00+00:00,7,33.21572475810664,33.57,0.3542752418933617,-27.138481184285865,6.077243573820773
2,20260920T032825Z-7f41b93e,2026-09-20 03:28:25+00:00,morning,2026-09-27 20:00:00+00:00,7,19.551750439483484,32.18,12.628249560516515,-14.867939432371601,4.683811007111883
2,20260920T032825Z-7f41b93e,2026-09-20 03:28:25+00:00,morning,2026-09-27 21:00:00+00:00,8,13.10928226776824,19.54,6.430717732231759,9.32676562980088,22.436047897569118
2,20260920T032825Z-7f41b93e,2026-09-20 03:28:25+00:00,morning,2026-09-27 22:00:00+00:00,8,21.86492924439296,21.96,0.09507075560703981,2.1126408091130355,23.977570053505996
2,20260920T032825Z-7f41b93e,2026-09-20 03:28:25+00:00,morning,2026-09-27 23:00:00+00:00,8,17.502080976794552,9.64,-7.862080976794552,6.62057884745607,24.122659824250622
2,20260920T032825Z-7f41b93e,2026-09-20 03:28:25+00:00,morning,2026-09-28 00:00:00+00:00,8,15.467582107861524,6.88,-8.587582107861525,12.532809904554409,28.000392012415933
2,20260920T032825Z-7f41b93e,2026-09-20 03:28:25+00:00,morning,2026-09-28 01:00:00+00:00,8,16.882035477749405,5.03,-11.852035477749403,7.382545117758898,24.264580595508303
2,20260920T032825Z-7f41b93e,2026-09-20 03:28:25+00:00,morning,2026-09-28 02:00:00+00:00,8,16.72419604123876,4.09,-12.63419604123876,13.864833951758804,30.589029992997563
2,20260920T032825Z-7f41b93e,2026-09-20 03:28:25+00:00,morning,2026-09-28 03:00:00+00:00,8,21.70630346700808,4.78,-16.92630346700808,25.556446140914233,47.262749607922316
2,20260920T032825Z-7f41b93e,2026-09-20 03:28:25+00:00,morning,2026-09-28 04:00:00+00:00,8,33.235028567132154,6.33,-26.905028567132156,9.016605514395838,42.251634081527996
2,20260920T032825Z-7f41b93e,2026-09-20 03:28:25+00:00,morning,2026-09-28 05:00:00+00:00,8,44.33865619814241,12.95,-31.38865619814241,6.807328589109274,51.145984787251685
2,20260920T032825Z-7f41b93e,2026-09-20 03:28:25+00:00,morning,2026-09-28 06:00:00+00:00,8,46.04450104123876,15.02,-31.02450104123876,0.26215212357701156,46.30665316481577
2,20260920T032825Z-7f41b93e,2026-09-20 03:28:25+00:00,morning,2026-09-28 07:00:00+00:00,8,44.48597953077896,13.23,-31.255979530778962,5.607381043941257,50.09336057472022
2,20260920T032825Z-7f41b93e,2026-09-20 03:28:25+00:00,morning,2026-09-28 08:00:00+00:00,8,35.91986159543547,6.55,-29.36986159543547,17.068577527474204,52.988439122909675
2,20260920T032825Z-7f41b93e,2026-09-20 03:28:25+00:00,morning,2026-09-28 09:00:00+00:00,8,27.595886791565512,5.4,-22.195886791565513,17.737401306553,45.333288098118516
2,20260920T032825Z-7f41b93e,2026-09-20 03:28:25+00:00,morning,2026-09-28 10:00:00+00:00,8,24.85334560808312,3.67,-21.183345608083123,20.100562967138952,44.95390857522207
2,20260920T032825Z-7f41b93e,2026-09-20 03:28:25+00:00,morning,2026-09-28 11:00:00+00:00,8,22.11991653980552,3.56,-18.55991653980552,10.307196239190164,32.427112778995685
2,20260920T032825Z-7f41b93e,2026-09-20 03:28:25+00:00,morning,2026-09-28 12:00:00+00:00,8,22.085937899225176,3.76,-18.325937899225174,6.622820398324704,28.708758297549878
2,20260920T032825Z-7f41b93e,2026-09-20 03:28:25+00:00,morning,2026-09-28 13:00:00+00:00,8,26.260397018798734,3.87,-22.390397018798733,7.584169142143236,33.84456616094197
2,20260920T032825Z-7f41b93e,2026-09-20 03:28:25+00:00,morning,2026-09-28 14:00:00+00:00,8,33.697192027818666,5.0,-28.697192027818666,12.193714729206217,45.89090675702488
2,20260920T032825Z-7f41b93e,2026-09-20 03:28:25+00:00,morning,2026-09-28 15:00:00+00:00,8,47.25299951286139,8.3,-38.952999512861396,4.623710127713863,51.87670964057526
2,20260920T032825Z-7f41b93e,2026-09-20 03:28:25+00:00,morning,2026-09-28 16:00:00+00:00,8,52.29619750821104,8.33,-43.96619750821104,-3.829344906909428,48.46685260130161
2,20260920T032825Z-7f41b93e,2026-09-20 03:28:25+00:00,morning,2026-09-28 17:00:00+00:00,8,48.35012555229515,8.56,-39.790125552295144,-7.278819608922672,41.07130594337247
2,20260920T032825Z-7f41b93e,2026-09-20 03:28:25+00:00,morning,2026-09-28 18:00:00+00:00,8,38.74713664098729,6.43,-32.31713664098729,-5.160401466762219,33.586735174225076
2,20260920T032825Z-7f41b93e,2026-09-20 03:28:25+00:00,morning,2026-09-28 19:00:00+00:00,8,35.546707151834205,5.7,-29.846707151834206,0.3981070985312891,35.944814250365496
2,20260920T032825Z-7f41b93e,2026-09-20 03:28:25+00:00,morning,2026-09-28 20:00:00+00:00,8,22.503858901301943,9.04,-13.463858901301943,-3.4907112808724423,19.0131476204295
2,20260920T032825Z-7f41b93e,2026-09-20 03:28:25+00:00,morning,2026-09-28 21:00:00+00:00,9,14.748828289005118,5.29,-9.458828289005119,1.3186009972739492,16.06742928627907
2,20260920T032825Z-7f41b93e,2026-09-20 03:28:25+00:00,morning,2026-09-28 22:00:00+00:00,9,23.08754648834864,5.0,-18.08754648834864,37.11363551951047,60.2011820078591
2,20260920T032825Z-7f41b93e,2026-09-20 03:28:25+00:00,morning,2026-09-28 23:00:00+00:00,9,18.93253399054553,4.0,-14.93253399054553,38.87831356924222,57.81084755978775
2,20260920T032825Z-7f41b93e,2026-09-20 03:28:25+00:00,morning,2026-09-29 00:00:00+00:00,9,16.994930159395537,5.02,-11.974930159395537,43.516220646027506,60.51115080542304
2,20260920T032825Z-7f41b93e,2026-09-20 03:28:25+00:00,morning,2026-09-29 01:00:00+00:00,9,18.341977935856367,7.38,-10.961977935856368,40.22555994971228,58.56753788556864
2,20260920T032825Z-7f41b93e,2026-09-20 03:28:25+00:00,morning,2026-09-29 02:00:00+00:00,9,18.19154802324368,9.03,-9.16154802324368,48.04703258985426,66.23858061309794
2,20260920T032825Z-7f41b93e,2026-09-20 03:28:25+00:00,morning,2026-09-29 03:00:00+00:00,9,22.9364537570405,21.79,-1.1464537570405007,59.85758413064481,82.7940378876853
2,20260920T032825Z-7f41b93e,2026-09-20 03:28:25+00:00,morning,2026-09-29 04:00:00+00:00,9,33.91621958096447,22.06,-11.856219580964474,60.571501536041794,94.48772111700626
2,20260920T032825Z-7f41b93e,2026-09-20 03:28:25+00:00,morning,2026-09-29 05:00:00+00:00,9,44.49121397439633,39.91,-4.581213974396334,21.51801475764,66.00922873203633
2,20260920T032825Z-7f41b93e,2026-09-20 03:28:25+00:00,morning,2026-09-29 06:00:00+00:00,9,46.11582871527756,89.88,43.76417128472244,16.257248553836686,62.37307726911425
2,20260920T032825Z-7f41b93e,2026-09-20 03:28:25+00:00,morning,2026-09-29 07:00:00+00:00,9,44.63144021430529,93.85,49.2185597856947,23.221871279458245,67.85331149376354
2,20260920T032825Z-7f41b93e,2026-09-20 03:28:25+00:00,morning,2026-09-29 08:00:00+00:00,9,36.47322013832726,114.2,77.72677986167275,36.15834350114641,72.63156363947367
2,20260920T032825Z-7f41b93e,2026-09-20 03:28:25+00:00,morning,2026-09-29 09:00:00+00:00,9,28.54556478612961,110.26,81.71443521387039,13.313781971879635,41.859346758009245
2,20260920T032825Z-7f41b93e,2026-09-20 03:28:25+00:00,morning,2026-09-29 10:00:00+00:00,9,25.93355094376909,105.26,79.32644905623091,13.36072234649264,39.29427329026173
2,20260920T032825Z-7f41b93e,2026-09-20 03:28:25+00:00,morning,2026-09-29 11:00:00+00:00,9,23.33029665248255,98.44,75.10970334751745,2.118520411164934,25.448817063647482
2,20260920T032825Z-7f41b93e,2026-09-20 03:28:25+00:00,morning,2026-09-29 12:00:00+00:00,9,23.297890074684524,98.33,75.03210992531547,-1.5658554297005423,21.732034644983983
2,20260920T032825Z-7f41b93e,2026-09-20 03:28:25+00:00,morning,2026-09-29 13:00:00+00:00,9,27.273573531835183,103.95,76.67642646816482,-7.1705363817676036,20.10303715006758
2,20260920T032825Z-7f41b93e,2026-09-20 03:28:25+00:00,morning,2026-09-29 14:00:00+00:00,9,34.3562903853392,108.8,74.4437096146608,-10.557247025642539,23.79904335969666
2,20260920T032825Z-7f41b93e,2026-09-20 03:28:25+00:00,morning,2026-09-29 15:00:00+00:00,9,47.26653895134685,124.08,76.81346104865315,-26.583465513677833,20.68307343766902
2,20260920T032825Z-7f41b93e,2026-09-20 03:28:25+00:00,morning,2026-09-29 16:00:00+00:00,9,52.06969266580481,115.85,63.780307334195186,-31.370816399516738,20.69887626628807
2,20260920T032825Z-7f41b93e,2026-09-20 03:28:25+00:00,morning,2026-09-29 17:00:00+00:00,9,48.31167665096208,57.39,9.078323349037923,-30.338205390375418,17.97347126058666
2,20260920T032825Z-7f41b93e,2026-09-20 03:28:25+00:00,morning,2026-09-29 18:00:00+00:00,9,39.16600110060198,56.25,17.08399889939802,-27.932989507058366,11.233011593543615
2,20260920T032825Z-7f41b93e,2026-09-20 03:28:25+00:00,morning,2026-09-29 19:00:00+00:00,9,36.117859254470176,28.49,-7.627859254470177,-20.296669205707996,15.82119004876218
2,20260920T032825Z-7f41b93e,2026-09-20 03:28:25+00:00,morning,2026-09-29 20:00:00+00:00,9,23.696099050503143,39.0,15.303900949496857,-9.572609169915152,14.123489880587991
2,20260920T032825Z-7f41b93e,2026-09-20 03:28:25+00:00,morning,2026-09-29 21:00:00+00:00,10,16.388408198801432,38.75,22.361591801198568,-11.07199899830552,5.316409200495912
2,20260920T032825Z-7f41b93e,2026-09-20 03:28:25+00:00,morning,2026-09-29 22:00:00+00:00,10,24.31022633945941,40.56,16.249773660540594,-20.93080962830482,3.3794167111545867
2,20260920T032825Z-7f41b93e,2026-09-20 03:28:25+00:00,morning,2026-09-29 23:00:00+00:00,10,20.3629873871786,43.18,22.8170126128214,-13.556671037256846,6.806316349921753
2,20260920T032825Z-7f41b93e,2026-09-20 03:28:25+00:00,morning,2026-09-30 00:00:00+00:00,10,18.522280902344587,52.32,33.79771909765542,-16.26966523433699,2.2526156680075964
2,20260920T032825Z-7f41b93e,2026-09-20 03:28:25+00:00,morning,2026-09-30 01:00:00+00:00,10,19.8020223644134,61.7,41.8979776355866,-16.655885151993655,3.1461372124197453
2,20260920T032825Z-7f41b93e,2026-09-20 03:28:25+00:00,morning,2026-09-30 02:00:00+00:00,10,19.65911081696377,82.08,62.42088918303622,-17.12702133403768,2.532089482926093
2,20260920T032825Z-7f41b93e,2026-09-20 03:28:25+00:00,morning,2026-09-30 03:00:00+00:00,10,24.16666886210941,107.3,83.1333311378906,-21.429222683785234,2.737446178324177
2,20260920T032825Z-7f41b93e,2026-09-20 03:28:25+00:00,morning,2026-09-30 04:00:00+00:00,10,34.59735508704006,154.8,120.20264491295995,-31.469112162771285,3.128242924268772
2,20260920T032825Z-7f41b93e,2026-09-20 03:28:25+00:00,morning,2026-09-30 05:00:00+00:00,10,44.64360223249568,197.27,152.62639776750433,-27.588021554910693,17.055580677584988
2,20260920T032825Z-7f41b93e,2026-09-20 03:28:25+00:00,morning,2026-09-30 06:00:00+00:00,10,46.1869935364549,210.56,164.3730064635451,-28.516295218968057,17.670698317486842
2,20260920T032825Z-7f41b93e,2026-09-20 03:28:25+00:00,morning,2026-09-30 07:00:00+00:00,10,44.7769332146336,240.26,195.4830667853664,-26.319158310193977,18.457774904439624
2,20260920T032825Z-7f41b93e,2026-09-20 03:28:25+00:00,morning,2026-09-30 08:00:00+00:00,10,37.02669439786745,149.94,112.91330560213254,-18.02660843324401,19.00008596462344
2,20260920T032825Z-7f41b93e,2026-09-20 03:28:25+00:00,morning,2026-09-30 09:00:00+00:00,10,29.49549026983722,116.87,87.37450973016279,-14.190233564910475,15.305256704926745
2,20260920T032825Z-7f41b93e,2026-09-20 03:28:25+00:00,morning,2026-09-30 10:00:00+00:00,10,27.014163871755397,113.71,86.6958361282446,-14.585697119768927,12.42846675198647
2,20260920T032825Z-7f41b93e,2026-09-20 03:28:25+00:00,morning,2026-09-30 11:00:00+00:00,10,24.54110728444533,108.27,83.72889271555466,-18.832168467409936,5.708938817035396
2,20260920T032825Z-7f41b93e,2026-09-20 03:28:25+00:00,morning,2026-09-30 12:00:00+00:00,10,24.51028416426925,105.94,81.42971583573075,-22.403718451761222,2.1065657125080293
2,20260920T032825Z-7f41b93e,2026-09-20 03:28:25+00:00,morning,2026-09-30 13:00:00+00:00,10,28.28718269685337,99.94,71.65281730314663,-28.52814064349231,-0.24095794663893955
2,20260920T032825Z-7f41b93e,2026-09-20 03:28:25+00:00,morning,2026-09-30 14:00:00+00:00,10,35.01566721667784,150.0,114.98433278332216,-35.641223171705576,-0.6255559550277354
2,20260920T032825Z-7f41b93e,2026-09-20 03:28:25+00:00,morning,2026-09-30 15:00:00+00:00,10,47.28032922433049,244.81,197.5296707756695,-54.31520540008164,-7.034876175751151
2,20260920T032825Z-7f41b93e,2026-09-20 03:28:25+00:00,morning,2026-09-30 16:00:00+00:00,10,51.843241130641466,213.28,161.43675886935853,-47.007157098833815,4.836084031807651
2,20260920T032825Z-7f41b93e,2026-09-20 03:28:25+00:00,morning,2026-09-30 17:00:00+00:00,10,48.27302262890468,229.71,181.43697737109534,-43.835086012535996,4.437936616368681
2,20260920T032825Z-7f41b93e,2026-09-20 03:28:25+00:00,morning,2026-09-30 18:00:00+00:00,10,39.584557446913465,245.84,206.25544255308654,-34.67939305691477,4.905164389998696
2,20260920T032825Z-7f41b93e,2026-09-20 03:28:25+00:00,morning,2026-09-30 19:00:00+00:00,10,36.68881804917445,186.88,150.19118195082555,-29.966654627878142,6.722163421296308
2,20260920T032825Z-7f41b93e,2026-09-20 03:28:25+00:00,morning,2026-09-30 20:00:00+00:00,10,24.88823334533812,102.71,77.82176665466187,-16.62868834549353,8.25954499984459
2,20260920T032825Z-7f41b93e,2026-09-20 03:28:25+00:00,morning,2026-09-30 21:00:00+00:00,11,18.027869821171823,51.09,33.062130178828184,-8.301969097675283,9.72590072349654
2,20260920T132341Z-e3b9d6bd,2026-09-20 13:23:41+00:00,afternoon,2026-09-21 21:00:00+00:00,2,12.561075063964424,24.99,12.428924936035575,24.66023299382831,37.22130805779273
2,20260920T132341Z-e3b9d6bd,2026-09-20 13:23:41+00:00,afternoon,2026-09-21 22:00:00+00:00,2,21.69659173063109,20.01,-1.6865917306310898,42.550421412693694,64.24701314332478
2,20260920T132341Z-e3b9d6bd,2026-09-20 13:23:41+00:00,afternoon,2026-09-21 23:00:00+00:00,2,16.347353635393,23.05,6.702646364607002,61.86893480456801,78.216288439961
2,20260920T132341Z-e3b9d6bd,2026-09-20 13:23:41+00:00,afternoon,2026-09-22 00:00:00+00:00,2,14.216358397297755,23.78,9.563641602702246,67.37639176471764,81.59275016201539
2,20260920T132341Z-e3b9d6bd,2026-09-20 13:23:41+00:00,afternoon,2026-09-22 01:00:00+00:00,2,16.57004649253585,24.56,7.989953507464147,68.0311305067218,84.60117699925765
2,20260920T132341Z-e3b9d6bd,2026-09-20 13:23:41+00:00,afternoon,2026-09-22 02:00:00+00:00,2,18.550039349678716,27.64,9.089960650321284,72.256423856561,90.80646320623971
2,20260920T132341Z-e3b9d6bd,2026-09-20 13:23:41+00:00,afternoon,2026-09-22 03:00:00+00:00,2,30.630611436019624,26.95,-3.6806114360196247,78.85974190029106,109.49035333631068
2,20260920T132341Z-e3b9d6bd,2026-09-20 13:23:41+00:00,afternoon,2026-09-22 04:00:00+00:00,2,50.03301438092014,86.11,36.076985619079856,73.92697445729206,123.95998883821221
2,20260920T132341Z-e3b9d6bd,2026-09-20 13:23:41+00:00,afternoon,2026-09-22 05:00:00+00:00,2,64.19397866663444,156.22,92.02602133336556,71.44396335860282,135.63794202523724
2,20260920T132341Z-e3b9d6bd,2026-09-20 13:23:41+00:00,afternoon,2026-09-22 06:00:00+00:00,2,66.57215723806301,207.86,141.287842761937,60.24919627123394,126.82135350929696
2,20260920T132341Z-e3b9d6bd,2026-09-20 13:23:41+00:00,afternoon,2026-09-22 07:00:00+00:00,2,62.46047866663445,224.97,162.50952133336554,59.78189523779079,122.24237390442525
2,20260920T132341Z-e3b9d6bd,2026-09-20 13:23:41+00:00,afternoon,2026-09-22 08:00:00+00:00,2,51.80871676187252,179.63,127.82128323812748,63.857689963339936,115.66640672521245
2,20260920T132341Z-e3b9d6bd,2026-09-20 13:23:41+00:00,afternoon,2026-09-22 09:00:00+00:00,2,41.71038342853919,156.89,115.1796165714608,31.43108743216958,73.14147086070876
2,20260920T132341Z-e3b9d6bd,2026-09-20 13:23:41+00:00,afternoon,2026-09-22 10:00:00+00:00,2,38.066026285682064,125.42,87.35397371431793,16.094686021873706,54.16071230755577
2,20260920T132341Z-e3b9d6bd,2026-09-20 13:23:41+00:00,afternoon,2026-09-22 11:00:00+00:00,2,35.12172866663442,117.28,82.15827133336558,3.6243948253480993,38.746123491982516
2,20260920T132341Z-e3b9d6bd,2026-09-20 13:23:41+00:00,afternoon,2026-09-22 12:00:00+00:00,2,36.37299057139634,115.57,79.19700942860365,-1.5576343567011353,34.81535621469521
2,20260920T132341Z-e3b9d6bd,2026-09-20 13:23:41+00:00,afternoon,2026-09-22 13:00:00+00:00,2,42.25140723806302,128.32,86.06859276193697,-9.412759340527806,32.83864789753521
2,20260920T132341Z-e3b9d6bd,2026-09-20 13:23:41+00:00,afternoon,2026-09-22 14:00:00+00:00,2,53.116121523777295,148.28,95.1638784762227,-0.3645197351314115,52.751601788645885
2,20260920T132341Z-e3b9d6bd,2026-09-20 13:23:41+00:00,afternoon,2026-09-22 15:00:00+00:00,2,69.23395485711063,165.16,95.92604514288936,5.135496885809267,74.36945174291989
2,20260920T132341Z-e3b9d6bd,2026-09-20 13:23:41+00:00,afternoon,2026-09-22 16:00:00+00:00,2,76.26547866663444,245.59,169.32452133336557,-29.93464004993869,46.33083861669574
2,20260920T132341Z-e3b9d6bd,2026-09-20 13:23:41+00:00,afternoon,2026-09-22 17:00:00+00:00,2,71.3348039394743,334.63,263.2951960605257,-4.966178021827106,66.3686259176472
2,20260920T132341Z-e3b9d6bd,2026-09-20 13:23:41+00:00,afternoon,2026-09-22 18:00:00+00:00,2,57.20588934967873,256.39,199.18411065032126,-11.996351856228028,45.209537493450696
2,20260920T132341Z-e3b9d6bd,2026-09-20 13:23:41+00:00,afternoon,2026-09-22 19:00:00+00:00,2,52.55404411158348,194.5,141.9459558884165,-2.6631111019968006,49.89093300958668
2,20260920T132341Z-e3b9d6bd,2026-09-20 13:23:41+00:00,afternoon,2026-09-22 20:00:00+00:00,2,35.009103635393,148.0,112.99089636460701,-6.271971210251276,28.73713242514172
2,20260920T132341Z-e3b9d6bd,2026-09-20 13:23:41+00:00,afternoon,2026-09-22 21:00:00+00:00,3,21.642175063964416,101.7,80.05782493603559,17.758444247306297,39.40061931127072
2,20260920T132341Z-e3b9d6bd,2026-09-20 13:23:41+00:00,afternoon,2026-09-22 22:00:00+00:00,3,29.566841730631086,136.26,106.69315826936891,10.655841465552744,40.22268319618383
2,20260920T132341Z-e3b9d6bd,2026-09-20 13:23:41+00:00,afternoon,2026-09-22 23:00:00+00:00,3,22.874453635392992,124.31,101.435546364607,20.80994306020151,43.6843966955945
2,20260920T132341Z-e3b9d6bd,2026-09-20 13:23:41+00:00,afternoon,2026-09-23 00:00:00+00:00,3,20.24890839729776,123.74,103.49109160270223,24.195636833257215,44.44454523055498
2,20260920T132341Z-e3b9d6bd,2026-09-20 13:23:41+00:00,afternoon,2026-09-23 01:00:00+00:00,3,22.35749649253585,102.58,80.22250350746415,20.403766456207283,42.76126294874314
2,20260920T132341Z-e3b9d6bd,2026-09-20 13:23:41+00:00,afternoon,2026-09-23 02:00:00+00:00,3,25.020889349678708,102.57,77.54911065032128,18.74685487366722,43.76774422334593
2,20260920T132341Z-e3b9d6bd,2026-09-20 13:23:41+00:00,afternoon,2026-09-23 03:00:00+00:00,3,37.5195798258692,133.32,95.80042017413079,-5.736351118957299,31.783228706911903
2,20260920T132341Z-e3b9d6bd,2026-09-20 13:23:41+00:00,afternoon,2026-09-23 04:00:00+00:00,3,55.90076438092016,157.85,101.94923561907984,-31.62225194056179,24.27851244035837
2,20260920T132341Z-e3b9d6bd,2026-09-20 13:23:41+00:00,afternoon,2026-09-23 05:00:00+00:00,3,69.27972866663444,169.2,99.92027133336555,-6.648431478003999,62.63129718863044
2,20260920T132341Z-e3b9d6bd,2026-09-20 13:23:41+00:00,afternoon,2026-09-23 06:00:00+00:00,3,69.96690723806302,177.54,107.57309276193698,-13.578089109655107,56.388818128407905
2,20260920T132341Z-e3b9d6bd,2026-09-20 13:23:41+00:00,afternoon,2026-09-23 07:00:00+00:00,3,64.96122866663441,170.34,105.37877133336559,-4.836868163090407,60.124360503544004
2,20260920T132341Z-e3b9d6bd,2026-09-20 13:23:41+00:00,afternoon,2026-09-23 08:00:00+00:00,3,53.71396676187254,152.65,98.93603323812746,4.370226665702238,58.08419342757478
2,20260920T132341Z-e3b9d6bd,2026-09-20 13:23:41+00:00,afternoon,2026-09-23 09:00:00+00:00,3,43.0438834285392,135.29,92.24611657146079,2.513556267426688,45.55743969596589
2,20260920T132341Z-e3b9d6bd,2026-09-20 13:23:41+00:00,afternoon,2026-09-23 10:00:00+00:00,3,39.40902628568204,128.59,89.18097371431796,-3.184346792608658,36.22467949307338
2,20260920T132341Z-e3b9d6bd,2026-09-20 13:23:41+00:00,afternoon,2026-09-23 11:00:00+00:00,3,36.88372866663444,121.9,85.01627133336557,-10.38280543086888,26.500923235765562
2,20260920T132341Z-e3b9d6bd,2026-09-20 13:23:41+00:00,afternoon,2026-09-23 12:00:00+00:00,3,36.751490571396346,121.77,85.01850942860365,-17.765889381342514,18.98560119005383
2,20260920T132341Z-e3b9d6bd,2026-09-20 13:23:41+00:00,afternoon,2026-09-23 13:00:00+00:00,3,42.422657238063,123.39,80.967342761937,-20.194577922477475,22.22807931558553
2,20260920T132341Z-e3b9d6bd,2026-09-20 13:23:41+00:00,afternoon,2026-09-23 14:00:00+00:00,3,46.87794322028564,132.85,85.97205677971436,-21.689931329705235,25.188011890580402
2,20260920T132341Z-e3b9d6bd,2026-09-20 13:23:41+00:00,afternoon,2026-09-23 15:00:00+00:00,3,63.44683847959415,161.44,97.99316152040585,-36.95531979673227,26.49151868286188
2,20260920T132341Z-e3b9d6bd,2026-09-20 13:23:41+00:00,afternoon,2026-09-23 16:00:00+00:00,3,69.35092267180933,201.7,132.34907732819067,-28.211782511618246,41.13914016019108
2,20260920T132341Z-e3b9d6bd,2026-09-20 13:23:41+00:00,afternoon,2026-09-23 17:00:00+00:00,3,63.63595619897231,154.84,91.2040438010277,-27.696514582487556,35.93944161648476
2,20260920T132341Z-e3b9d6bd,2026-09-20 13:23:41+00:00,afternoon,2026-09-23 18:00:00+00:00,3,49.67439335544885,147.72,98.04560664455116,-14.357057420182619,35.31733593526623
2,20260920T132341Z-e3b9d6bd,2026-09-20 13:23:41+00:00,afternoon,2026-09-23 19:00:00+00:00,3,44.2621123038056,70.09,25.827887696194402,-7.656994851423287,36.605117452382316
2,20260920T132341Z-e3b9d6bd,2026-09-20 13:23:41+00:00,afternoon,2026-09-23 20:00:00+00:00,3,28.904126184660623,39.04,10.135873815339377,5.233058917705517,34.13718510236614
2,20260920T132341Z-e3b9d6bd,2026-09-20 13:23:41+00:00,afternoon,2026-09-23 21:00:00+00:00,4,17.761705869096268,35.5,17.738294130903732,15.80608924846742,33.56779511756369
2,20260920T132341Z-e3b9d6bd,2026-09-20 13:23:41+00:00,afternoon,2026-09-23 22:00:00+00:00,4,26.95458727877468,101.35,74.39541272122531,-0.4692100976495246,26.485377181125155
2,20260920T132341Z-e3b9d6bd,2026-09-20 13:23:41+00:00,afternoon,2026-09-23 23:00:00+00:00,4,21.71085349344024,103.88,82.16914650655976,7.628065538484767,29.33891903192501
2,20260920T132341Z-e3b9d6bd,2026-09-20 13:23:41+00:00,afternoon,2026-09-24 00:00:00+00:00,4,19.272881767990867,110.9,91.62711823200914,9.223308004874939,28.496189772865804
2,20260920T132341Z-e3b9d6bd,2026-09-20 13:23:41+00:00,afternoon,2026-09-24 01:00:00+00:00,4,21.063825361445023,100.73,79.66617463855498,7.4981287888116945,28.561954150256717
2,20260920T132341Z-e3b9d6bd,2026-09-20 13:23:41+00:00,afternoon,2026-09-24 02:00:00+00:00,4,21.82767292141619,97.77,75.9423270785838,5.943989048838775,27.771661970254968
2,20260920T132341Z-e3b9d6bd,2026-09-20 13:23:41+00:00,afternoon,2026-09-24 03:00:00+00:00,4,31.123801398486894,106.85,75.7261986015131,-10.436423819233303,20.687377579253592
2,20260920T132341Z-e3b9d6bd,2026-09-20 13:23:41+00:00,afternoon,2026-09-24 04:00:00+00:00,4,47.70382682602114,119.34,71.63617317397886,-18.09424185294221,29.60958497307893
2,20260920T132341Z-e3b9d6bd,2026-09-20 13:23:41+00:00,afternoon,2026-09-24 05:00:00+00:00,4,61.32730774093163,173.34,112.01269225906837,-14.76970827764214,46.55759946328949
2,20260920T132341Z-e3b9d6bd,2026-09-20 13:23:41+00:00,afternoon,2026-09-24 06:00:00+00:00,4,63.91393099432448,227.37,163.45606900567552,-12.718292419379386,51.19563857494509
2,20260920T132341Z-e3b9d6bd,2026-09-20 13:23:41+00:00,afternoon,2026-09-24 07:00:00+00:00,4,60.58780686375452,202.47,141.88219313624546,-2.6461434208125616,57.94166344294196
2,20260920T132341Z-e3b9d6bd,2026-09-20 13:23:41+00:00,afternoon,2026-09-24 08:00:00+00:00,4,50.99249888292027,173.02,122.02750111707974,5.20409478466271,56.19659366758298
2,20260920T132341Z-e3b9d6bd,2026-09-20 13:23:41+00:00,afternoon,2026-09-24 09:00:00+00:00,4,41.30891017723042,170.98,129.67108982276957,5.345717637700543,46.65462781493097
2,20260920T132341Z-e3b9d6bd,2026-09-20 13:23:41+00:00,afternoon,2026-09-24 10:00:00+00:00,4,38.25320588614264,137.68,99.42679411385737,-4.856936037467453,33.39626984867518
2,20260920T132341Z-e3b9d6bd,2026-09-20 13:23:41+00:00,afternoon,2026-09-24 11:00:00+00:00,4,35.13888452126414,145.76,110.62111547873585,-11.162602802793499,23.976281718470638
2,20260920T132341Z-e3b9d6bd,2026-09-20 13:23:41+00:00,afternoon,2026-09-24 12:00:00+00:00,4,35.050737842919304,140.03,104.9792621570807,-14.256822054230494,20.79391578868881
2,20260920T132341Z-e3b9d6bd,2026-09-20 13:23:41+00:00,afternoon,2026-09-24 13:00:00+00:00,4,39.65789597422541,137.74,98.0821040257746,-20.27694120002292,19.38095477420249
2,20260920T132341Z-e3b9d6bd,2026-09-20 13:23:41+00:00,afternoon,2026-09-24 14:00:00+00:00,4,48.13491966496113,127.6,79.46508033503886,-24.73332397197051,23.40159569299062
2,20260920T132341Z-e3b9d6bd,2026-09-20 13:23:41+00:00,afternoon,2026-09-24 15:00:00+00:00,4,62.97926937718275,140.0,77.02073062281724,-34.37150201271878,28.607767364463975
2,20260920T132341Z-e3b9d6bd,2026-09-20 13:23:41+00:00,afternoon,2026-09-24 16:00:00+00:00,4,67.04203435220842,157.48,90.43796564779157,-29.562856063590814,37.479178288617604
2,20260920T132341Z-e3b9d6bd,2026-09-20 13:23:41+00:00,afternoon,2026-09-24 17:00:00+00:00,4,59.603968716041344,176.21,116.60603128395866,-24.68507523282902,34.91889348321232
2,20260920T132341Z-e3b9d6bd,2026-09-20 13:23:41+00:00,afternoon,2026-09-24 18:00:00+00:00,4,46.25110797279271,161.52,115.2688920272073,-14.148122400690431,32.10298557210228
2,20260920T132341Z-e3b9d6bd,2026-09-20 13:23:41+00:00,afternoon,2026-09-24 19:00:00+00:00,4,41.55479683669168,130.03,88.47520316330832,-10.531803397498367,31.022993439193314
2,20260920T132341Z-e3b9d6bd,2026-09-20 13:23:41+00:00,afternoon,2026-09-24 20:00:00+00:00,4,26.260448567073595,93.8,67.5395514329264,-0.34370465372570125,25.916743913347894
2,20260920T132341Z-e3b9d6bd,2026-09-20 13:23:41+00:00,afternoon,2026-09-24 21:00:00+00:00,5,16.949160486853042,49.03,32.080839513146955,8.312784914495893,25.261945401348935
2,20260920T132341Z-e3b9d6bd,2026-09-20 13:23:41+00:00,afternoon,2026-09-24 22:00:00+00:00,5,25.584486337571565,34.99,9.405513662428437,-3.417559474021315,22.166926863550252
2,20260920T132341Z-e3b9d6bd,2026-09-20 13:23:41+00:00,afternoon,2026-09-24 23:00:00+00:00,5,20.49736910385092,33.0,12.502630896149078,0.8759881601839598,21.37335726403488
2,20260920T132341Z-e3b9d6bd,2026-09-20 13:23:41+00:00,afternoon,2026-09-25 00:00:00+00:00,5,17.851771366671034,34.14,16.288228633328966,5.107353601885697,22.95912496855673
2,20260920T132341Z-e3b9d6bd,2026-09-20 13:23:41+00:00,afternoon,2026-09-25 01:00:00+00:00,5,20.39934703623593,35.0,14.60065296376407,-0.5404314506144535,19.858915585621478
2,20260920T132341Z-e3b9d6bd,2026-09-20 13:23:41+00:00,afternoon,2026-09-25 02:00:00+00:00,5,20.770761022306274,29.99,9.219238977693724,-0.4260993305348061,20.344661691771467
2,20260920T132341Z-e3b9d6bd,2026-09-20 13:23:41+00:00,afternoon,2026-09-25 03:00:00+00:00,5,29.345663500500105,32.15,2.804336499499893,-11.083159064837405,18.2625044356627
2,20260920T132341Z-e3b9d6bd,2026-09-20 13:23:41+00:00,afternoon,2026-09-25 04:00:00+00:00,5,45.62489375803146,30.09,-15.534893758031462,-14.48712255857382,31.137771199457642
2,20260920T132341Z-e3b9d6bd,2026-09-20 13:23:41+00:00,afternoon,2026-09-25 05:00:00+00:00,5,58.98707959142797,41.51,-17.477079591427973,-14.826331087588262,44.16074850383971
2,20260920T132341Z-e3b9d6bd,2026-09-20 13:23:41+00:00,afternoon,2026-09-25 06:00:00+00:00,5,61.01111590641307,50.0,-11.011115906413067,-15.571725360358503,45.43939054605457
2,20260920T132341Z-e3b9d6bd,2026-09-20 13:23:41+00:00,afternoon,2026-09-25 07:00:00+00:00,5,57.1741491981409,69.41,12.235850801859094,-0.98733217456535,56.18681702357555
2,20260920T132341Z-e3b9d6bd,2026-09-20 13:23:41+00:00,afternoon,2026-09-25 08:00:00+00:00,5,47.52300262657474,115.48,67.95699737342527,6.10923303874255,53.63223566531729
2,20260920T132341Z-e3b9d6bd,2026-09-20 13:23:41+00:00,afternoon,2026-09-25 09:00:00+00:00,5,37.71470543309108,138.0,100.28529456690892,7.6616926368061655,45.37639806989725
2,20260920T132341Z-e3b9d6bd,2026-09-20 13:23:41+00:00,afternoon,2026-09-25 10:00:00+00:00,5,34.12128461445878,117.7,83.57871538554122,-2.3480620412865782,31.773222573172202
2,20260920T132341Z-e3b9d6bd,2026-09-20 13:23:41+00:00,afternoon,2026-09-25 11:00:00+00:00,5,30.89772890370686,102.12,71.22227109629314,-6.107503993740101,24.79022490996676
2,20260920T132341Z-e3b9d6bd,2026-09-20 13:23:41+00:00,afternoon,2026-09-25 12:00:00+00:00,5,30.87489332356928,74.67,43.79510667643072,-12.184213286804189,18.690680036765094
2,20260920T132341Z-e3b9d6bd,2026-09-20 13:23:41+00:00,afternoon,2026-09-25 13:00:00+00:00,5,36.20809610944052,72.56,36.351903890559484,-17.040515077431063,19.167581032009455
2,20260920T132341Z-e3b9d6bd,2026-09-20 13:23:41+00:00,afternoon,2026-09-25 14:00:00+00:00,5,45.188652210082914,96.66,51.47134778991708,-21.149219689207175,24.03943252087574
2,20260920T132341Z-e3b9d6bd,2026-09-20 13:23:41+00:00,afternoon,2026-09-25 15:00:00+00:00,5,60.01229251842063,92.14,32.12770748157937,-32.170104454028014,27.842188064392616
2,20260920T132341Z-e3b9d6bd,2026-09-20 13:23:41+00:00,afternoon,2026-09-25 16:00:00+00:00,5,65.83372840814896,69.02,3.186271591851039,-26.886094303508735,38.94763410464022
2,20260920T132341Z-e3b9d6bd,2026-09-20 13:23:41+00:00,afternoon,2026-09-25 17:00:00+00:00,5,59.44906263365053,66.57,7.120937366349466,-19.934107056671014,39.51495557697952
2,20260920T132341Z-e3b9d6bd,2026-09-20 13:23:41+00:00,afternoon,2026-09-25 18:00:00+00:00,5,46.896200961023375,49.47,2.573799038976624,-6.577262414822508,40.31893854620087
2,20260920T132341Z-e3b9d6bd,2026-09-20 13:23:41+00:00,afternoon,2026-09-25 19:00:00+00:00,5,42.24630730042004,35.84,-6.406307300420039,-6.719262976179997,35.527044324240045
2,20260920T132341Z-e3b9d6bd,2026-09-20 13:23:41+00:00,afternoon,2026-09-25 20:00:00+00:00,5,26.99135456568488,37.18,10.18864543431512,2.474538499045271,29.46589306473015
2,20260920T132341Z-e3b9d6bd,2026-09-20 13:23:41+00:00,afternoon,2026-09-25 21:00:00+00:00,6,14.091985849023471,34.32,20.228014150976527,8.73102580097138,22.823011649994854
2,20260920T132341Z-e3b9d6bd,2026-09-20 13:23:41+00:00,afternoon,2026-09-25 22:00:00+00:00,6,22.755847525884622,25.0,2.2441524741153778,-8.175427490502088,14.580420035382534
2,20260920T132341Z-e3b9d6bd,2026-09-20 13:23:41+00:00,afternoon,2026-09-25 23:00:00+00:00,6,18.25301640354346,25.88,7.62698359645654,-1.3977414691080219,16.855274934435435
2,20260920T132341Z-e3b9d6bd,2026-09-20 13:23:41+00:00,afternoon,2026-09-26 00:00:00+00:00,6,16.256235751528042,28.82,12.563764248471958,5.075057371864755,21.331293123392797
2,20260920T132341Z-e3b9d6bd,2026-09-20 13:23:41+00:00,afternoon,2026-09-26 01:00:00+00:00,6,17.78296381079918,29.24,11.457036189200817,-1.6348215143594256,16.148142296439755
2,20260920T132341Z-e3b9d6bd,2026-09-20 13:23:41+00:00,afternoon,2026-09-26 02:00:00+00:00,6,18.16500867195124,29.1,10.93499132804876,-5.0013717109079465,13.163636961043295
2,20260920T132341Z-e3b9d6bd,2026-09-20 13:23:41+00:00,afternoon,2026-09-26 03:00:00+00:00,6,26.57956761084608,30.15,3.5704323891539183,-16.853302461341357,9.726265149504723
2,20260920T132341Z-e3b9d6bd,2026-09-20 13:23:41+00:00,afternoon,2026-09-26 04:00:00+00:00,6,41.8689840073164,32.29,-9.5789840073164,-30.469894325395558,11.399089681920842
2,20260920T132341Z-e3b9d6bd,2026-09-20 13:23:41+00:00,afternoon,2026-09-26 05:00:00+00:00,6,53.97838767494356,30.89,-23.08838767494356,-44.35191351388546,9.626474161058105
2,20260920T132341Z-e3b9d6bd,2026-09-20 13:23:41+00:00,afternoon,2026-09-26 06:00:00+00:00,6,55.323537871453006,32.97,-22.353537871453007,-46.69308222544792,8.630455646005089
2,20260920T132341Z-e3b9d6bd,2026-09-20 13:23:41+00:00,afternoon,2026-09-26 07:00:00+00:00,6,51.53648643145972,34.57,-16.96648643145972,-38.8927612908446,12.643725140615125
2,20260920T132341Z-e3b9d6bd,2026-09-20 13:23:41+00:00,afternoon,2026-09-26 08:00:00+00:00,6,42.086188536123466,42.99,0.9038114638765364,-29.730981811968633,12.355206724154833
2,20260920T132341Z-e3b9d6bd,2026-09-20 13:23:41+00:00,afternoon,2026-09-26 09:00:00+00:00,6,33.400747905718504,43.03,9.629252094281497,-25.623657873646618,7.777090032071886
2,20260920T132341Z-e3b9d6bd,2026-09-20 13:23:41+00:00,afternoon,2026-09-26 10:00:00+00:00,6,30.744151779001992,29.23,-1.5141517790019918,-27.323121535383,3.4210302436189934
2,20260920T132341Z-e3b9d6bd,2026-09-20 13:23:41+00:00,afternoon,2026-09-26 11:00:00+00:00,6,28.056391636609867,19.42,-8.636391636609865,-24.40335665740935,3.653034979200516
2,20260920T132341Z-e3b9d6bd,2026-09-20 13:23:41+00:00,afternoon,2026-09-26 12:00:00+00:00,6,27.79197023975685,13.29,-14.50197023975685,-24.480228896103302,3.311741343653548
2,20260920T132341Z-e3b9d6bd,2026-09-20 13:23:41+00:00,afternoon,2026-09-26 13:00:00+00:00,6,32.54679848886845,22.59,-9.956798488868447,-29.030166422284406,3.516632066584041
2,20260920T132341Z-e3b9d6bd,2026-09-20 13:23:41+00:00,afternoon,2026-09-26 14:00:00+00:00,6,40.28192578301991,24.99,-15.29192578301991,-32.64292016010561,7.639005622914297
2,20260920T132341Z-e3b9d6bd,2026-09-20 13:23:41+00:00,afternoon,2026-09-26 15:00:00+00:00,6,54.483465653722064,28.93,-25.553465653722064,-44.12242826482029,10.36103738890177
2,20260920T132341Z-e3b9d6bd,2026-09-20 13:23:41+00:00,afternoon,2026-09-26 16:00:00+00:00,6,58.79962164652456,39.97,-18.829621646524558,-43.414040396788046,15.38558124973651
2,20260920T132341Z-e3b9d6bd,2026-09-20 13:23:41+00:00,afternoon,2026-09-26 17:00:00+00:00,6,53.75084187811704,38.03,-15.720841878117042,-39.29672560764538,14.454116270471665
2,20260920T132341Z-e3b9d6bd,2026-09-20 13:23:41+00:00,afternoon,2026-09-26 18:00:00+00:00,6,42.29750861499748,34.42,-7.877508614997481,-22.07699094513607,20.22051766986141
2,20260920T132341Z-e3b9d6bd,2026-09-20 13:23:41+00:00,afternoon,2026-09-26 19:00:00+00:00,6,38.12135866729172,21.72,-16.401358667291724,-20.14702203431599,17.97433663297573
2,20260920T132341Z-e3b9d6bd,2026-09-20 13:23:41+00:00,afternoon,2026-09-26 20:00:00+00:00,6,23.68044642365679,19.49,-4.190446423656791,-8.65743464008403,15.023011783572759
2,20260920T132341Z-e3b9d6bd,2026-09-20 13:23:41+00:00,afternoon,2026-09-26 21:00:00+00:00,7,14.263461989340872,15.83,1.5665380106591282,5.480589168699782,19.744051158040655
2,20260920T132341Z-e3b9d6bd,2026-09-20 13:23:41+00:00,afternoon,2026-09-26 22:00:00+00:00,7,22.555497538761493,13.08,-9.475497538761493,-13.387951141476687,9.167546397284806
2,20260920T132341Z-e3b9d6bd,2026-09-20 13:23:41+00:00,afternoon,2026-09-26 23:00:00+00:00,7,17.935775616663925,17.76,-0.17577561666392327,-4.348315498217636,13.587460118446288
2,20260920T132341Z-e3b9d6bd,2026-09-20 13:23:41+00:00,afternoon,2026-09-27 00:00:00+00:00,7,15.852531887278648,14.3,-1.552531887278647,-1.464779273015205,14.387752614263443
2,20260920T132341Z-e3b9d6bd,2026-09-20 13:23:41+00:00,afternoon,2026-09-27 01:00:00+00:00,7,17.412096646712598,12.81,-4.602096646712598,-4.59846481761375,12.81363182909885
2,20260920T132341Z-e3b9d6bd,2026-09-20 13:23:41+00:00,afternoon,2026-09-27 02:00:00+00:00,7,18.08668617679957,10.74,-7.346686176799571,-5.1550182571833245,12.931667919616245
2,20260920T132341Z-e3b9d6bd,2026-09-20 13:23:41+00:00,afternoon,2026-09-27 03:00:00+00:00,7,26.900151454992475,9.99,-16.910151454992473,-17.146534719321213,9.753616735671262
2,20260920T132341Z-e3b9d6bd,2026-09-20 13:23:41+00:00,afternoon,2026-09-27 04:00:00+00:00,7,41.27977109549341,9.7,-31.57977109549341,-31.77063572332759,9.509135372165819
2,20260920T132341Z-e3b9d6bd,2026-09-20 13:23:41+00:00,afternoon,2026-09-27 05:00:00+00:00,7,52.523530236399175,10.0,-42.523530236399175,-43.46995799861676,9.053572237782411
2,20260920T132341Z-e3b9d6bd,2026-09-20 13:23:41+00:00,afternoon,2026-09-27 06:00:00+00:00,7,52.97358568421276,9.99,-42.983585684212755,-46.644030959655105,6.329554724557653
2,20260920T132341Z-e3b9d6bd,2026-09-20 13:23:41+00:00,afternoon,2026-09-27 07:00:00+00:00,7,48.78088431110319,39.62,-9.160884311103196,-37.58609863095888,11.194785680144314
2,20260920T132341Z-e3b9d6bd,2026-09-20 13:23:41+00:00,afternoon,2026-09-27 08:00:00+00:00,7,38.80117296680599,29.81,-8.991172966805994,-31.203270506086323,7.59790246071967
2,20260920T132341Z-e3b9d6bd,2026-09-20 13:23:41+00:00,afternoon,2026-09-27 09:00:00+00:00,7,30.209219347139,19.49,-10.719219347139003,-22.355136950639572,7.854082396499429
2,20260920T132341Z-e3b9d6bd,2026-09-20 13:23:41+00:00,afternoon,2026-09-27 10:00:00+00:00,7,27.79894932385412,19.49,-8.308949323854122,-23.326952120920435,4.471997202933686
2,20260920T132341Z-e3b9d6bd,2026-09-20 13:23:41+00:00,afternoon,2026-09-27 11:00:00+00:00,7,25.103535054791863,19.9,-5.203535054791864,-21.36516298156302,3.7383720732288417
2,20260920T132341Z-e3b9d6bd,2026-09-20 13:23:41+00:00,afternoon,2026-09-27 12:00:00+00:00,7,25.08378829702102,16.35,-8.733788297021018,-22.792332141188982,2.291456155832037
2,20260920T132341Z-e3b9d6bd,2026-09-20 13:23:41+00:00,afternoon,2026-09-27 13:00:00+00:00,7,29.128957389279567,19.99,-9.138957389279568,-21.858998148734678,7.269959240544889
2,20260920T132341Z-e3b9d6bd,2026-09-20 13:23:41+00:00,afternoon,2026-09-27 14:00:00+00:00,7,37.17737712105189,21.99,-15.187377121051892,-32.07492189936802,5.102455221683869
2,20260920T132341Z-e3b9d6bd,2026-09-20 13:23:41+00:00,afternoon,2026-09-27 15:00:00+00:00,7,50.9978580132176,38.73,-12.267858013217605,-47.02968523588363,3.968172777333969
2,20260920T132341Z-e3b9d6bd,2026-09-20 13:23:41+00:00,afternoon,2026-09-27 16:00:00+00:00,7,55.08987606682258,47.2,-7.8898760668225805,-43.83977853998384,11.250097526838744
2,20260920T132341Z-e3b9d6bd,2026-09-20 13:23:41+00:00,afternoon,2026-09-27 17:00:00+00:00,7,49.95845106724413,43.76,-6.198451067244129,-44.88176780997118,5.076683257272947
2,20260920T132341Z-e3b9d6bd,2026-09-20 13:23:41+00:00,afternoon,2026-09-27 18:00:00+00:00,7,39.05616053295397,37.3,-1.7561605329539702,-26.931815882849197,12.12434465010477
2,20260920T132341Z-e3b9d6bd,2026-09-20 13:23:41+00:00,afternoon,2026-09-27 19:00:00+00:00,7,35.52828500414664,33.57,-1.9582850041466386,-25.663335575046442,9.864949429100196
2,20260920T132341Z-e3b9d6bd,2026-09-20 13:23:41+00:00,afternoon,2026-09-27 20:00:00+00:00,7,22.716199708197152,32.18,9.463800291802848,-7.187395332894588,15.528804375302563
2,20260920T132341Z-e3b9d6bd,2026-09-20 13:23:41+00:00,afternoon,2026-09-27 21:00:00+00:00,8,17.962979883123335,19.54,1.577020116876664,11.902533291207241,29.865513174330577
2,20260920T132341Z-e3b9d6bd,2026-09-20 13:23:41+00:00,afternoon,2026-09-27 22:00:00+00:00,8,26.353576511397907,21.96,-4.393576511397907,5.289238423644301,31.64281493504221
2,20260920T132341Z-e3b9d6bd,2026-09-20 13:23:41+00:00,afternoon,2026-09-27 23:00:00+00:00,8,22.59257250032389,9.64,-12.952572500323889,14.159515056886223,36.75208755721011
2,20260920T132341Z-e3b9d6bd,2026-09-20 13:23:41+00:00,afternoon,2026-09-28 00:00:00+00:00,8,20.824320048437336,6.88,-13.944320048437337,14.487635439980709,35.31195548841804
2,20260920T132341Z-e3b9d6bd,2026-09-20 13:23:41+00:00,afternoon,2026-09-28 01:00:00+00:00,8,22.070967629608106,5.03,-17.040967629608105,13.986563204612805,36.05753083422091
2,20260920T132341Z-e3b9d6bd,2026-09-20 13:23:41+00:00,afternoon,2026-09-28 02:00:00+00:00,8,22.26768323412623,4.09,-18.17768323412623,22.579401600879123,44.847084835005354
2,20260920T132341Z-e3b9d6bd,2026-09-20 13:23:41+00:00,afternoon,2026-09-28 03:00:00+00:00,8,30.219811637452413,4.78,-25.43981163745241,25.660161626339292,55.879973263791705
2,20260920T132341Z-e3b9d6bd,2026-09-20 13:23:41+00:00,afternoon,2026-09-28 04:00:00+00:00,8,43.84134417181277,6.33,-37.51134417181277,21.608047958013202,65.44939212982598
2,20260920T132341Z-e3b9d6bd,2026-09-20 13:23:41+00:00,afternoon,2026-09-28 05:00:00+00:00,8,54.537143289489,12.95,-41.587143289489006,37.395280186225435,91.93242347571444
2,20260920T132341Z-e3b9d6bd,2026-09-20 13:23:41+00:00,afternoon,2026-09-28 06:00:00+00:00,8,55.84559872731246,15.02,-40.82559872731247,29.183073580218938,85.0286723075314
2,20260920T132341Z-e3b9d6bd,2026-09-20 13:23:41+00:00,afternoon,2026-09-28 07:00:00+00:00,8,52.12902387688872,13.23,-38.89902387688872,27.88334555250297,80.0123694293917
2,20260920T132341Z-e3b9d6bd,2026-09-20 13:23:41+00:00,afternoon,2026-09-28 08:00:00+00:00,8,42.78755564253975,6.55,-36.23755564253975,38.084563129128,80.87211877166774
2,20260920T132341Z-e3b9d6bd,2026-09-20 13:23:41+00:00,afternoon,2026-09-28 09:00:00+00:00,8,33.79813706843315,5.4,-28.39813706843315,31.35016274852251,65.14829981695566
2,20260920T132341Z-e3b9d6bd,2026-09-20 13:23:41+00:00,afternoon,2026-09-28 10:00:00+00:00,8,31.077771613514336,3.67,-27.407771613514335,22.662853859568777,53.740625473083114
2,20260920T132341Z-e3b9d6bd,2026-09-20 13:23:41+00:00,afternoon,2026-09-28 11:00:00+00:00,8,28.869414456503332,3.56,-25.309414456503333,3.4927072869969025,32.36212174350023
2,20260920T132341Z-e3b9d6bd,2026-09-20 13:23:41+00:00,afternoon,2026-09-28 12:00:00+00:00,8,29.079337804477937,3.76,-25.31933780447794,-1.1710954185600404,27.908242385917898
2,20260920T132341Z-e3b9d6bd,2026-09-20 13:23:41+00:00,afternoon,2026-09-28 13:00:00+00:00,8,33.6429079147528,3.87,-29.772907914752796,15.915507659482143,49.55841557423494
2,20260920T132341Z-e3b9d6bd,2026-09-20 13:23:41+00:00,afternoon,2026-09-28 14:00:00+00:00,8,41.042881583768384,5.0,-36.042881583768384,16.110650728315935,57.15353231208432
2,20260920T132341Z-e3b9d6bd,2026-09-20 13:23:41+00:00,afternoon,2026-09-28 15:00:00+00:00,8,54.28072684055868,8.3,-45.980726840558674,17.73347809705482,72.0142049376135
2,20260920T132341Z-e3b9d6bd,2026-09-20 13:23:41+00:00,afternoon,2026-09-28 16:00:00+00:00,8,57.92761992212323,8.33,-49.59761992212323,25.875290619731302,83.80291054185453
2,20260920T132341Z-e3b9d6bd,2026-09-20 13:23:41+00:00,afternoon,2026-09-28 17:00:00+00:00,8,52.39997250732853,8.56,-43.839972507328525,10.0169176377435,62.41689014507203
2,20260920T132341Z-e3b9d6bd,2026-09-20 13:23:41+00:00,afternoon,2026-09-28 18:00:00+00:00,8,41.63143136670625,6.43,-35.20143136670625,17.641958595749074,59.273389962455326
2,20260920T132341Z-e3b9d6bd,2026-09-20 13:23:41+00:00,afternoon,2026-09-28 19:00:00+00:00,8,37.95094858181125,5.7,-32.250948581811244,17.355401955264654,55.3063505370759
2,20260920T132341Z-e3b9d6bd,2026-09-20 13:23:41+00:00,afternoon,2026-09-28 20:00:00+00:00,8,24.776842433483075,9.04,-15.736842433483076,-7.92459613460551,16.852246298877567
2,20260920T132341Z-e3b9d6bd,2026-09-20 13:23:41+00:00,afternoon,2026-09-28 21:00:00+00:00,9,17.066832544848342,5.29,-11.776832544848343,-10.13809576931091,6.928736775537432
2,20260920T132341Z-e3b9d6bd,2026-09-20 13:23:41+00:00,afternoon,2026-09-28 22:00:00+00:00,9,24.63674846721981,5.0,-19.63674846721981,27.383334719480608,52.02008318670042
2,20260920T132341Z-e3b9d6bd,2026-09-20 13:23:41+00:00,afternoon,2026-09-28 23:00:00+00:00,9,20.31299950875827,4.0,-16.31299950875827,32.00179788940516,52.314797398163435
2,20260920T132341Z-e3b9d6bd,2026-09-20 13:23:41+00:00,afternoon,2026-09-29 00:00:00+00:00,9,19.00635719293846,5.02,-13.98635719293846,31.312060263267004,50.31841745620547
2,20260920T132341Z-e3b9d6bd,2026-09-20 13:23:41+00:00,afternoon,2026-09-29 01:00:00+00:00,9,20.72093300453711,7.38,-13.34093300453711,39.605929215431814,60.32686221996892
2,20260920T132341Z-e3b9d6bd,2026-09-20 13:23:41+00:00,afternoon,2026-09-29 02:00:00+00:00,9,20.85398316054618,9.03,-11.82398316054618,49.51326968566562,70.3672528462118
2,20260920T132341Z-e3b9d6bd,2026-09-20 13:23:41+00:00,afternoon,2026-09-29 03:00:00+00:00,9,28.4384904334489,21.79,-6.648490433448902,65.52938242442644,93.96787285787535
2,20260920T132341Z-e3b9d6bd,2026-09-20 13:23:41+00:00,afternoon,2026-09-29 04:00:00+00:00,9,41.79855951651748,22.06,-19.73855951651748,41.652492579902024,83.4510520964195
2,20260920T132341Z-e3b9d6bd,2026-09-20 13:23:41+00:00,afternoon,2026-09-29 05:00:00+00:00,9,52.612417364713856,39.91,-12.70241736471386,43.490369441857254,96.10278680657112
2,20260920T132341Z-e3b9d6bd,2026-09-20 13:23:41+00:00,afternoon,2026-09-29 06:00:00+00:00,9,54.25140914617725,89.88,35.62859085382274,38.0735813477439,92.32499049392115
2,20260920T132341Z-e3b9d6bd,2026-09-20 13:23:41+00:00,afternoon,2026-09-29 07:00:00+00:00,9,49.977102338020266,93.85,43.87289766197973,44.91605509281483,94.89315743083509
2,20260920T132341Z-e3b9d6bd,2026-09-20 13:23:41+00:00,afternoon,2026-09-29 08:00:00+00:00,9,41.340410406644736,114.2,72.85958959335527,44.96314162992377,86.3035520365685
2,20260920T132341Z-e3b9d6bd,2026-09-20 13:23:41+00:00,afternoon,2026-09-29 09:00:00+00:00,9,33.75403210343272,110.26,76.50596789656728,19.2572565230326,53.011288626465316
2,20260920T132341Z-e3b9d6bd,2026-09-20 13:23:41+00:00,afternoon,2026-09-29 10:00:00+00:00,9,31.97755140156518,105.26,73.28244859843483,7.8527365738284685,39.830287975393645
2,20260920T132341Z-e3b9d6bd,2026-09-20 13:23:41+00:00,afternoon,2026-09-29 11:00:00+00:00,9,30.019221520260903,98.44,68.4207784797391,-0.7071660289844355,29.312055491276467
2,20260920T132341Z-e3b9d6bd,2026-09-20 13:23:41+00:00,afternoon,2026-09-29 12:00:00+00:00,9,30.529096812935343,98.33,67.80090318706465,-8.88992324392901,21.63917356900633
2,20260920T132341Z-e3b9d6bd,2026-09-20 13:23:41+00:00,afternoon,2026-09-29 13:00:00+00:00,9,34.22632127745409,103.95,69.72367872254591,-16.07296815550045,18.15335312195364
2,20260920T132341Z-e3b9d6bd,2026-09-20 13:23:41+00:00,afternoon,2026-09-29 14:00:00+00:00,9,40.985824886044014,108.8,67.81417511395598,-14.868219954778713,26.1176049312653
2,20260920T132341Z-e3b9d6bd,2026-09-20 13:23:41+00:00,afternoon,2026-09-29 15:00:00+00:00,9,52.78606550902644,124.08,71.29393449097356,-15.531866822585625,37.254198686440816
2,20260920T132341Z-e3b9d6bd,2026-09-20 13:23:41+00:00,afternoon,2026-09-29 16:00:00+00:00,9,55.86505654534796,115.85,59.98494345465203,-23.76659894345191,32.09845760189605
2,20260920T132341Z-e3b9d6bd,2026-09-20 13:23:41+00:00,afternoon,2026-09-29 17:00:00+00:00,9,51.76575150255036,57.39,5.624248497449642,-25.570772622661085,26.194978879889273
2,20260920T132341Z-e3b9d6bd,2026-09-20 13:23:41+00:00,afternoon,2026-09-29 18:00:00+00:00,9,41.99290014146077,56.25,14.257099858539227,-23.976156008026532,18.01674413343424
2,20260920T132341Z-e3b9d6bd,2026-09-20 13:23:41+00:00,afternoon,2026-09-29 19:00:00+00:00,9,39.052164907887615,28.49,-10.562164907887617,-23.225681100363747,15.826483807523868
2,20260920T132341Z-e3b9d6bd,2026-09-20 13:23:41+00:00,afternoon,2026-09-29 20:00:00+00:00,9,26.762767237663247,39.0,12.237232762336753,-20.77338426293799,5.989382974725256
2,20260920T132341Z-e3b9d6bd,2026-09-20 13:23:41+00:00,afternoon,2026-09-29 21:00:00+00:00,10,20.106167194806662,38.75,18.643832805193338,-16.613324613106442,3.49284258170022
2,20260920T132341Z-e3b9d6bd,2026-09-20 13:23:41+00:00,afternoon,2026-09-29 22:00:00+00:00,10,28.08743531441129,40.56,12.472564685588711,-25.05446211614342,3.0329731982678716
2,20260920T132341Z-e3b9d6bd,2026-09-20 13:23:41+00:00,afternoon,2026-09-29 23:00:00+00:00,10,23.984463620613308,43.18,19.19553637938669,-19.582189020824103,4.402274599789205
2,20260920T132341Z-e3b9d6bd,2026-09-20 13:23:41+00:00,afternoon,2026-09-30 00:00:00+00:00,10,21.953036112803268,52.32,30.366963887196732,-18.864555381751984,3.088480731051284
2,20260920T132341Z-e3b9d6bd,2026-09-20 13:23:41+00:00,afternoon,2026-09-30 01:00:00+00:00,10,23.35657406427537,61.7,38.34342593572463,-14.40397803013168,8.95259603414369
2,20260920T132341Z-e3b9d6bd,2026-09-20 13:23:41+00:00,afternoon,2026-09-30 02:00:00+00:00,10,24.28614911950705,82.08,57.79385088049295,-14.64766939194716,9.638479727559892
2,20260920T132341Z-e3b9d6bd,2026-09-20 13:23:41+00:00,afternoon,2026-09-30 03:00:00+00:00,10,31.200062843865677,107.3,76.09993715613432,-23.922554739245403,7.277508104620274
2,20260920T132341Z-e3b9d6bd,2026-09-20 13:23:41+00:00,afternoon,2026-09-30 04:00:00+00:00,10,44.05543070216148,154.8,110.74456929783852,-31.95040953669021,12.105021165471271
2,20260920T132341Z-e3b9d6bd,2026-09-20 13:23:41+00:00,afternoon,2026-09-30 05:00:00+00:00,10,54.157901979353326,197.27,143.11209802064667,-24.85496906849789,29.302932910855436
2,20260920T132341Z-e3b9d6bd,2026-09-20 13:23:41+00:00,afternoon,2026-09-30 06:00:00+00:00,10,55.49649576611864,210.56,155.06350423388136,-25.821629122732887,29.674866643385755
2,20260920T132341Z-e3b9d6bd,2026-09-20 13:23:41+00:00,afternoon,2026-09-30 07:00:00+00:00,10,50.99085609799245,240.26,189.26914390200756,-19.306396137544372,31.684459960448077
2,20260920T132341Z-e3b9d6bd,2026-09-20 13:23:41+00:00,afternoon,2026-09-30 08:00:00+00:00,10,42.28737051789737,149.94,107.65262948210263,-14.276383007251486,28.010987510645887
2,20260920T132341Z-e3b9d6bd,2026-09-20 13:23:41+00:00,afternoon,2026-09-30 09:00:00+00:00,10,34.59784606496847,116.87,82.27215393503153,-8.429096775691601,26.16874928927687
2,20260920T132341Z-e3b9d6bd,2026-09-20 13:23:41+00:00,afternoon,2026-09-30 10:00:00+00:00,10,32.076236175650536,113.71,81.63376382434946,-15.504754269749338,16.571481905901198
2,20260920T132341Z-e3b9d6bd,2026-09-20 13:23:41+00:00,afternoon,2026-09-30 11:00:00+00:00,10,28.996825161895885,108.27,79.27317483810411,-18.643179454478556,10.353645707417328
2,20260920T132341Z-e3b9d6bd,2026-09-20 13:23:41+00:00,afternoon,2026-09-30 12:00:00+00:00,10,29.153462996503883,105.94,76.78653700349611,-27.028029452498565,2.1254335440053183
2,20260920T132341Z-e3b9d6bd,2026-09-20 13:23:41+00:00,afternoon,2026-09-30 13:00:00+00:00,10,33.20042361226229,99.94,66.73957638773771,-32.33039348652935,0.8700301257329386
2,20260920T132341Z-e3b9d6bd,2026-09-20 13:23:41+00:00,afternoon,2026-09-30 14:00:00+00:00,10,40.18710198052919,150.0,109.81289801947081,-41.47068444603597,-1.2835824655067753
2,20260920T132341Z-e3b9d6bd,2026-09-20 13:23:41+00:00,afternoon,2026-09-30 15:00:00+00:00,10,52.73929746256512,244.81,192.0707025374349,-50.08842692455046,2.650870538014658
2,20260920T132341Z-e3b9d6bd,2026-09-20 13:23:41+00:00,afternoon,2026-09-30 16:00:00+00:00,10,56.69967971611747,213.28,156.58032028388254,-41.30239701536392,15.39728270075355
2,20260920T132341Z-e3b9d6bd,2026-09-20 13:23:41+00:00,afternoon,2026-09-30 17:00:00+00:00,10,51.674658276233366,229.71,178.03534172376663,-40.62338564982542,11.051272626407943
2,20260920T132341Z-e3b9d6bd,2026-09-20 13:23:41+00:00,afternoon,2026-09-30 18:00:00+00:00,10,41.29629240583046,245.84,204.54370759416955,-28.530743179022153,12.765549226808304
2,20260920T132341Z-e3b9d6bd,2026-09-20 13:23:41+00:00,afternoon,2026-09-30 19:00:00+00:00,10,38.07184181918564,186.88,148.80815818081436,-31.275986277854052,6.795855541331591
2,20260920T132341Z-e3b9d6bd,2026-09-20 13:23:41+00:00,afternoon,2026-09-30 20:00:00+00:00,10,26.23694687787897,102.71,76.47305312212103,-18.674840620777474,7.562106257101497
2,20260920T132341Z-e3b9d6bd,2026-09-20 13:23:41+00:00,afternoon,2026-09-30 21:00:00+00:00,11,18.648757701794157,51.09,32.44124229820585,-9.668703463402789,8.980054238391368
2,20260921T032924Z-3cb70c83,2026-09-21 03:29:24+00:00,morning,2026-09-21 21:00:00+00:00,1,1.3609680592470443,24.99,23.629031940752952,35.67014269747693,37.031110756723976
2,20260921T032924Z-3cb70c83,2026-09-21 03:29:24+00:00,morning,2026-09-21 22:00:00+00:00,1,9.75113472591372,20.01,10.258865274086281,70.19533573033848,79.9464704562522
2,20260921T032924Z-3cb70c83,2026-09-21 03:29:24+00:00,morning,2026-09-21 23:00:00+00:00,1,4.48079663067562,23.05,18.56920336932438,79.12097163934563,83.60176827002124
2,20260921T032924Z-3cb70c83,2026-09-21 03:29:24+00:00,morning,2026-09-22 00:00:00+00:00,1,2.9414013925803806,23.78,20.83859860741962,80.23568668936561,83.17708808194598
2,20260921T032924Z-3cb70c83,2026-09-21 03:29:24+00:00,morning,2026-09-22 01:00:00+00:00,1,5.46773948781848,24.56,19.092260512181518,78.80783079268328,84.27557028050175
2,20260921T032924Z-3cb70c83,2026-09-21 03:29:24+00:00,morning,2026-09-22 02:00:00+00:00,1,7.038082344961341,27.64,20.60191765503866,83.30168195216832,90.33976429712966
2,20260921T032924Z-3cb70c83,2026-09-21 03:29:24+00:00,morning,2026-09-22 03:00:00+00:00,1,18.20722282115181,26.95,8.74277717884819,85.37595879597043,103.58318161712225
2,20260921T032924Z-3cb70c83,2026-09-21 03:29:24+00:00,morning,2026-09-22 04:00:00+00:00,1,35.98766776562406,86.11,50.12233223437594,66.72860331363144,102.7162710792555
2,20260921T032924Z-3cb70c83,2026-09-21 03:29:24+00:00,morning,2026-09-22 05:00:00+00:00,1,50.353803756140735,156.22,105.86619624385926,69.5509383910808,119.90474214722154
2,20260921T032924Z-3cb70c83,2026-09-21 03:29:24+00:00,morning,2026-09-22 06:00:00+00:00,1,53.64798232756935,207.86,154.21201767243065,56.220206796838625,109.86818912440798
2,20260921T032924Z-3cb70c83,2026-09-21 03:29:24+00:00,morning,2026-09-22 07:00:00+00:00,1,49.73330375614074,224.97,175.23669624385926,61.6871993020563,111.42050305819704
2,20260921T032924Z-3cb70c83,2026-09-21 03:29:24+00:00,morning,2026-09-22 08:00:00+00:00,1,38.47554185137884,179.63,141.15445814862116,64.12091517411311,102.59645702549196
2,20260921T032924Z-3cb70c83,2026-09-21 03:29:24+00:00,morning,2026-09-22 09:00:00+00:00,1,27.616208518045507,156.89,129.27379148195448,41.144594020728825,68.76080253877433
2,20260921T032924Z-3cb70c83,2026-09-21 03:29:24+00:00,morning,2026-09-22 10:00:00+00:00,1,23.82110137518836,125.42,101.59889862481164,37.113125297635754,60.93422667282411
2,20260921T032924Z-3cb70c83,2026-09-21 03:29:24+00:00,morning,2026-09-22 11:00:00+00:00,1,21.14730375614076,117.28,96.13269624385924,27.974987597337098,49.12229135347786
2,20260921T032924Z-3cb70c83,2026-09-21 03:29:24+00:00,morning,2026-09-22 12:00:00+00:00,1,22.130565660902647,115.57,93.43943433909735,20.82979535853748,42.96036101944013
2,20260921T032924Z-3cb70c83,2026-09-21 03:29:24+00:00,morning,2026-09-22 13:00:00+00:00,1,28.50648232756929,128.32,99.8135176724307,19.80993952119224,48.316421848761536
2,20260921T032924Z-3cb70c83,2026-09-21 03:29:24+00:00,morning,2026-09-22 14:00:00+00:00,1,38.34794661328359,148.28,109.9320533867164,9.365770095516146,47.71371670879974
2,20260921T032924Z-3cb70c83,2026-09-21 03:29:24+00:00,morning,2026-09-22 15:00:00+00:00,1,54.37652994661693,165.16,110.78347005338307,12.258415533673809,66.63494548029074
2,20260921T032924Z-3cb70c83,2026-09-21 03:29:24+00:00,morning,2026-09-22 16:00:00+00:00,1,60.82280375614076,245.59,184.76719624385925,-16.71870579091009,44.104097965230665
2,20260921T032924Z-3cb70c83,2026-09-21 03:29:24+00:00,morning,2026-09-22 17:00:00+00:00,1,56.54152743686122,334.63,278.0884725631388,-8.29843527614511,48.24309216071612
2,20260921T032924Z-3cb70c83,2026-09-21 03:29:24+00:00,morning,2026-09-22 18:00:00+00:00,1,44.08132933182769,256.39,212.30867066817228,-14.198303338577547,29.883025993250143
2,20260921T032924Z-3cb70c83,2026-09-21 03:29:24+00:00,morning,2026-09-22 19:00:00+00:00,1,39.159181229639394,194.5,155.3408187703606,-2.937695516779307,36.22148571286009
2,20260921T032924Z-3cb70c83,2026-09-21 03:29:24+00:00,morning,2026-09-22 20:00:00+00:00,1,21.772990753448923,148.0,126.22700924655108,13.641494985839108,35.41448573928803
2,20260921T032924Z-3cb70c83,2026-09-21 03:29:24+00:00,morning,2026-09-22 21:00:00+00:00,2,8.358168059247049,101.7,93.34183194075295,31.956353420193206,40.31452147944026
2,20260921T032924Z-3cb70c83,2026-09-21 03:29:24+00:00,morning,2026-09-22 22:00:00+00:00,2,16.25738472591372,136.26,120.00261527408627,25.972469706751873,42.22985443266559
2,20260921T032924Z-3cb70c83,2026-09-21 03:29:24+00:00,morning,2026-09-22 23:00:00+00:00,2,10.064696630675618,124.31,114.24530336932439,35.838824962188106,45.903521592863726
2,20260921T032924Z-3cb70c83,2026-09-21 03:29:24+00:00,morning,2026-09-23 00:00:00+00:00,2,7.0148013925803845,123.74,116.72519860741961,38.892116871672215,45.906918264252596
2,20260921T032924Z-3cb70c83,2026-09-21 03:29:24+00:00,morning,2026-09-23 01:00:00+00:00,2,8.36228948781848,102.58,94.21771051218153,39.08389298055948,47.44618246837796
2,20260921T032924Z-3cb70c83,2026-09-21 03:29:24+00:00,morning,2026-09-23 02:00:00+00:00,2,9.60023234496134,102.57,92.96976765503865,31.859480785936636,41.459713130897974
2,20260921T032924Z-3cb70c83,2026-09-21 03:29:24+00:00,morning,2026-09-23 03:00:00+00:00,2,20.581122821151816,133.32,112.73887717884818,14.841844694542901,35.422967515694715
2,20260921T032924Z-3cb70c83,2026-09-21 03:29:24+00:00,morning,2026-09-23 04:00:00+00:00,2,38.518589470426456,157.85,119.33141052957353,-14.256597746313817,24.26199172411264
2,20260921T032924Z-3cb70c83,2026-09-21 03:29:24+00:00,morning,2026-09-23 05:00:00+00:00,2,51.93730375614074,169.2,117.26269624385924,10.859209550358408,62.79651330649915
2,20260921T032924Z-3cb70c83,2026-09-21 03:29:24+00:00,morning,2026-09-23 06:00:00+00:00,2,52.35798232756933,177.54,125.18201767243066,1.3714751596084622,53.7294574871778
2,20260921T032924Z-3cb70c83,2026-09-21 03:29:24+00:00,morning,2026-09-23 07:00:00+00:00,2,46.65205375614075,170.34,123.68794624385924,6.519435762869598,53.17148951901035
2,20260921T032924Z-3cb70c83,2026-09-21 03:29:24+00:00,morning,2026-09-23 08:00:00+00:00,2,35.786041851378826,152.65,116.86395814862118,15.64289364244563,51.428935493824454
2,20260921T032924Z-3cb70c83,2026-09-21 03:29:24+00:00,morning,2026-09-23 09:00:00+00:00,2,25.147708518045505,135.29,110.14229148195449,19.884501236289445,45.03220975433495
2,20260921T032924Z-3cb70c83,2026-09-21 03:29:24+00:00,morning,2026-09-23 10:00:00+00:00,2,21.42187967038597,128.59,107.16812032961403,17.09668424835636,38.51856391874233
2,20260921T032924Z-3cb70c83,2026-09-21 03:29:24+00:00,morning,2026-09-23 11:00:00+00:00,2,18.890553756140736,121.9,103.00944624385927,13.298259071608237,32.188812827748976
2,20260921T032924Z-3cb70c83,2026-09-21 03:29:24+00:00,morning,2026-09-23 12:00:00+00:00,2,19.30706566090265,121.77,102.46293433909734,7.660726086791979,26.96779174769463
2,20260921T032924Z-3cb70c83,2026-09-21 03:29:24+00:00,morning,2026-09-23 13:00:00+00:00,2,25.05423232756931,123.39,98.33576767243069,9.492809375810243,34.54704170337955
2,20260921T032924Z-3cb70c83,2026-09-21 03:29:24+00:00,morning,2026-09-23 14:00:00+00:00,2,33.96194661328359,132.85,98.88805338671641,-8.18457662604358,25.777369987240007
2,20260921T032924Z-3cb70c83,2026-09-21 03:29:24+00:00,morning,2026-09-23 15:00:00+00:00,2,48.819779946616926,161.44,112.62022005338306,-20.754784660170728,28.064995286446198
2,20260921T032924Z-3cb70c83,2026-09-21 03:29:24+00:00,morning,2026-09-23 16:00:00+00:00,2,52.87908859250295,201.7,148.82091140749702,-15.15203927208221,37.72704932042075
2,20260921T032924Z-3cb70c83,2026-09-21 03:29:24+00:00,morning,2026-09-23 17:00:00+00:00,2,46.95732480265048,154.84,107.88267519734953,-21.769122369947084,25.1882024327034
2,20260921T032924Z-3cb70c83,2026-09-21 03:29:24+00:00,morning,2026-09-23 18:00:00+00:00,2,33.83888234496134,147.72,113.88111765503865,-10.556480330594832,23.28240201436651
2,20260921T032924Z-3cb70c83,2026-09-21 03:29:24+00:00,morning,2026-09-23 19:00:00+00:00,2,29.20968710686611,70.09,40.88031289313389,-2.0893681626291993,27.12031894423691
2,20260921T032924Z-3cb70c83,2026-09-21 03:29:24+00:00,morning,2026-09-23 20:00:00+00:00,2,13.426996630675628,39.04,25.61300336932437,19.17456844258146,32.60156507325709
2,20260921T032924Z-3cb70c83,2026-09-21 03:29:24+00:00,morning,2026-09-23 21:00:00+00:00,3,1.9212180592470505,35.5,33.57878194075295,29.209180301777963,31.130398361025012
2,20260921T032924Z-3cb70c83,2026-09-21 03:29:24+00:00,morning,2026-09-23 22:00:00+00:00,3,10.770684725913714,101.35,90.57931527408628,19.16549113076021,29.936175856673923
2,20260921T032924Z-3cb70c83,2026-09-21 03:29:24+00:00,morning,2026-09-23 23:00:00+00:00,3,5.41604663067562,103.88,98.46395336932437,26.11455268315858,31.5305993138342
2,20260921T032924Z-3cb70c83,2026-09-21 03:29:24+00:00,morning,2026-09-24 00:00:00+00:00,3,3.319101392580385,110.9,107.58089860741963,27.38014515809128,30.699246550671667
2,20260921T032924Z-3cb70c83,2026-09-21 03:29:24+00:00,morning,2026-09-24 01:00:00+00:00,3,5.605439487818479,100.73,95.12456051218153,24.394882433906325,30.000321921724804
2,20260921T032924Z-3cb70c83,2026-09-21 03:29:24+00:00,morning,2026-09-24 02:00:00+00:00,3,7.603582344961341,97.77,90.16641765503866,25.64907881067105,33.25266115563239
2,20260921T032924Z-3cb70c83,2026-09-21 03:29:24+00:00,morning,2026-09-24 03:00:00+00:00,3,18.927489667954724,106.85,87.92251033204528,4.485279118235094,23.41276878618982
2,20260921T032924Z-3cb70c83,2026-09-21 03:29:24+00:00,morning,2026-09-24 04:00:00+00:00,3,40.68723473900131,119.34,78.65276526099869,-14.938179378400973,25.749055360600337
2,20260921T032924Z-3cb70c83,2026-09-21 03:29:24+00:00,morning,2026-09-24 05:00:00+00:00,3,54.55000665822693,173.34,118.78999334177308,-2.5603059874561236,51.9897006707708
2,20260921T032924Z-3cb70c83,2026-09-21 03:29:24+00:00,morning,2026-09-24 06:00:00+00:00,3,57.55505630397697,227.37,169.81494369602302,3.377404218439975,60.932460522416946
2,20260921T032924Z-3cb70c83,2026-09-21 03:29:24+00:00,morning,2026-09-24 07:00:00+00:00,3,55.24040086860476,202.47,147.22959913139525,-0.45584926716986807,54.78455160143489
2,20260921T032924Z-3cb70c83,2026-09-21 03:29:24+00:00,morning,2026-09-24 08:00:00+00:00,3,45.59664220797468,173.02,127.42335779202533,11.990101139572484,57.58674334754717
2,20260921T032924Z-3cb70c83,2026-09-21 03:29:24+00:00,morning,2026-09-24 09:00:00+00:00,3,36.13937237064626,170.98,134.84062762935372,9.8301944115253,45.969566782171555
2,20260921T032924Z-3cb70c83,2026-09-21 03:29:24+00:00,morning,2026-09-24 10:00:00+00:00,3,32.568238308517884,137.68,105.11176169148212,-3.100449590821489,29.467788717696394
2,20260921T032924Z-3cb70c83,2026-09-21 03:29:24+00:00,morning,2026-09-24 11:00:00+00:00,3,29.191851652256982,145.76,116.568148347743,-3.1758917014889887,26.015959950767993
2,20260921T032924Z-3cb70c83,2026-09-21 03:29:24+00:00,morning,2026-09-24 12:00:00+00:00,3,28.819910843776007,140.03,111.210089156224,-7.852937783658963,20.966973060117045
2,20260921T032924Z-3cb70c83,2026-09-21 03:29:24+00:00,morning,2026-09-24 13:00:00+00:00,3,32.742155049802506,137.74,104.9978449501975,-18.270898610950397,14.471256438852109
2,20260921T032924Z-3cb70c83,2026-09-21 03:29:24+00:00,morning,2026-09-24 14:00:00+00:00,3,39.91842916795219,127.6,87.68157083204781,-18.81016227047974,21.10826689747245
2,20260921T032924Z-3cb70c83,2026-09-21 03:29:24+00:00,morning,2026-09-24 15:00:00+00:00,3,53.586883776024095,140.0,86.4131162239759,-24.526981756671862,29.059902019352233
2,20260921T032924Z-3cb70c83,2026-09-21 03:29:24+00:00,morning,2026-09-24 16:00:00+00:00,3,56.80751325310744,157.48,100.67248674689256,-11.549517473703057,45.25799577940438
2,20260921T032924Z-3cb70c83,2026-09-21 03:29:24+00:00,morning,2026-09-24 17:00:00+00:00,3,48.40528562015231,176.21,127.8047143798477,-15.795534789468935,32.60975083068338
2,20260921T032924Z-3cb70c83,2026-09-21 03:29:24+00:00,morning,2026-09-24 18:00:00+00:00,3,35.17910843506338,161.52,126.34089156493664,-8.261117566218745,26.917990868844633
2,20260921T032924Z-3cb70c83,2026-09-21 03:29:24+00:00,morning,2026-09-24 19:00:00+00:00,3,30.441471437442512,130.03,99.58852856255749,-3.673875600847868,26.767595836594644
2,20260921T032924Z-3cb70c83,2026-09-21 03:29:24+00:00,morning,2026-09-24 20:00:00+00:00,3,15.025946133779312,93.8,78.77405386622068,13.777812825291592,28.803758959070905
2,20260921T032924Z-3cb70c83,2026-09-21 03:29:24+00:00,morning,2026-09-24 21:00:00+00:00,4,3.41521816005888,49.03,45.614781839941124,29.4077113684206,32.82292952847948
2,20260921T032924Z-3cb70c83,2026-09-21 03:29:24+00:00,morning,2026-09-24 22:00:00+00:00,4,11.895584993406526,34.99,23.094415006593476,18.581776232677843,30.47736122608437
2,20260921T032924Z-3cb70c83,2026-09-21 03:29:24+00:00,morning,2026-09-24 23:00:00+00:00,4,7.406607402634159,33.0,25.593392597365842,23.128551858205594,30.53515926083975
2,20260921T032924Z-3cb70c83,2026-09-21 03:29:24+00:00,morning,2026-09-25 00:00:00+00:00,4,4.878252403249294,34.14,29.261747596750705,25.70284547233536,30.581097875584653
2,20260921T032924Z-3cb70c83,2026-09-21 03:29:24+00:00,morning,2026-09-25 01:00:00+00:00,4,7.4480569668436605,35.0,27.55194303315634,22.162582791185226,29.61063975802889
2,20260921T032924Z-3cb70c83,2026-09-21 03:29:24+00:00,morning,2026-09-25 02:00:00+00:00,4,8.382372434278917,29.99,21.60762756572108,22.352834686921682,30.7352071212006
2,20260921T032924Z-3cb70c83,2026-09-21 03:29:24+00:00,morning,2026-09-25 03:00:00+00:00,4,18.153794864492884,32.15,13.996205135507115,8.822000158777337,26.975795023270223
2,20260921T032924Z-3cb70c83,2026-09-21 03:29:24+00:00,morning,2026-09-25 04:00:00+00:00,4,35.43307458121648,30.09,-5.343074581216481,-11.125299668342057,24.30777491287442
2,20260921T032924Z-3cb70c83,2026-09-21 03:29:24+00:00,morning,2026-09-25 05:00:00+00:00,4,49.09021804315099,41.51,-7.5802180431509925,0.8501264938152118,49.9403445369662
2,20260921T032924Z-3cb70c83,2026-09-21 03:29:24+00:00,morning,2026-09-25 06:00:00+00:00,4,51.13405538852775,50.0,-1.1340553885277487,5.844616948507489,56.978672337035235
2,20260921T032924Z-3cb70c83,2026-09-21 03:29:24+00:00,morning,2026-09-25 07:00:00+00:00,4,47.11819898880655,69.41,22.29180101119345,10.51195055858069,57.630149547387234
2,20260921T032924Z-3cb70c83,2026-09-21 03:29:24+00:00,morning,2026-09-25 08:00:00+00:00,4,38.17848156372668,115.48,77.30151843627333,18.05288115781179,56.23136272153847
2,20260921T032924Z-3cb70c83,2026-09-21 03:29:24+00:00,morning,2026-09-25 09:00:00+00:00,4,28.539365325975357,138.0,109.46063467402465,17.340680796898333,45.88004612287369
2,20260921T032924Z-3cb70c83,2026-09-21 03:29:24+00:00,morning,2026-09-25 10:00:00+00:00,4,25.36745827026837,117.7,92.33254172973163,11.458531804783954,36.825990075052324
2,20260921T032924Z-3cb70c83,2026-09-21 03:29:24+00:00,morning,2026-09-25 11:00:00+00:00,4,23.072045522125,102.12,79.04795447787501,6.902302664771737,29.974348186896734
2,20260921T032924Z-3cb70c83,2026-09-21 03:29:24+00:00,morning,2026-09-25 12:00:00+00:00,4,23.27942747962582,74.67,51.39057252037418,0.9945424519763533,24.273969931602174
2,20260921T032924Z-3cb70c83,2026-09-21 03:29:24+00:00,morning,2026-09-25 13:00:00+00:00,4,29.820080760643496,72.56,42.73991923935651,-4.726575532431256,25.09350522821224
2,20260921T032924Z-3cb70c83,2026-09-21 03:29:24+00:00,morning,2026-09-25 14:00:00+00:00,4,39.19887890938668,96.66,57.46112109061332,-12.655213066664698,26.54366584272198
2,20260921T032924Z-3cb70c83,2026-09-21 03:29:24+00:00,morning,2026-09-25 15:00:00+00:00,4,55.66572824422656,92.14,36.474271755773444,-17.94559117610462,37.720137068121936
2,20260921T032924Z-3cb70c83,2026-09-21 03:29:24+00:00,morning,2026-09-25 16:00:00+00:00,4,60.79450468319886,69.02,8.225495316801137,-6.587129777139961,54.207374906058895
2,20260921T032924Z-3cb70c83,2026-09-21 03:29:24+00:00,morning,2026-09-25 17:00:00+00:00,4,53.9959500390865,66.57,12.574049960913491,-13.94806263592391,40.04788740316259
2,20260921T032924Z-3cb70c83,2026-09-21 03:29:24+00:00,morning,2026-09-25 18:00:00+00:00,4,38.948551245161084,49.47,10.521448754838914,-3.8409005331308754,35.10765071203021
2,20260921T032924Z-3cb70c83,2026-09-21 03:29:24+00:00,morning,2026-09-25 19:00:00+00:00,4,34.63338964388562,35.84,1.206610356114382,-1.9507256148100096,32.68266402907561
2,20260921T032924Z-3cb70c83,2026-09-21 03:29:24+00:00,morning,2026-09-25 20:00:00+00:00,4,19.272905358450405,37.18,17.907094641549595,10.729807873392554,30.00271323184296
2,20260921T032924Z-3cb70c83,2026-09-21 03:29:24+00:00,morning,2026-09-25 21:00:00+00:00,5,7.922420195473094,34.32,26.397579804526906,16.45098035176264,24.373400547235736
2,20260921T032924Z-3cb70c83,2026-09-21 03:29:24+00:00,morning,2026-09-25 22:00:00+00:00,5,16.994421524603368,25.0,8.005578475396632,3.534864008270219,20.529285532873587
2,20260921T032924Z-3cb70c83,2026-09-21 03:29:24+00:00,morning,2026-09-25 23:00:00+00:00,5,10.86940567516288,25.88,15.010594324837118,13.966370230043156,24.835775905206035
2,20260921T032924Z-3cb70c83,2026-09-21 03:29:24+00:00,morning,2026-09-26 00:00:00+00:00,5,7.772931149325723,28.82,21.04706885067428,16.894203943104582,24.667135092430307
2,20260921T032924Z-3cb70c83,2026-09-21 03:29:24+00:00,morning,2026-09-26 01:00:00+00:00,5,9.949333872080514,29.24,19.290666127919486,12.314579427318256,22.26391329939877
2,20260921T032924Z-3cb70c83,2026-09-21 03:29:24+00:00,morning,2026-09-26 02:00:00+00:00,5,10.099984705786094,29.1,19.00001529421391,9.240438292403807,19.3404229981899
2,20260921T032924Z-3cb70c83,2026-09-21 03:29:24+00:00,morning,2026-09-26 03:00:00+00:00,5,18.28077595229473,30.15,11.86922404770527,-9.818779720711804,8.461996231582924
2,20260921T032924Z-3cb70c83,2026-09-21 03:29:24+00:00,morning,2026-09-26 04:00:00+00:00,5,33.86470121910292,32.29,-1.57470121910292,-25.054909149130978,8.809792069971941
2,20260921T032924Z-3cb70c83,2026-09-21 03:29:24+00:00,morning,2026-09-26 05:00:00+00:00,5,46.47162209722148,30.89,-15.581622097221477,-31.94689883951653,14.524723257704949
2,20260921T032924Z-3cb70c83,2026-09-21 03:29:24+00:00,morning,2026-09-26 06:00:00+00:00,5,48.11909963338675,32.97,-15.149099633386754,-33.60292002351323,14.516179609873525
2,20260921T032924Z-3cb70c83,2026-09-21 03:29:24+00:00,morning,2026-09-26 07:00:00+00:00,5,44.845429972339936,34.57,-10.275429972339936,-31.476392778080214,13.369037194259722
2,20260921T032924Z-3cb70c83,2026-09-21 03:29:24+00:00,morning,2026-09-26 08:00:00+00:00,5,37.0231291029364,42.99,5.9668708970636,-16.291357258956797,20.731771843979605
2,20260921T032924Z-3cb70c83,2026-09-21 03:29:24+00:00,morning,2026-09-26 09:00:00+00:00,5,28.84949127309333,43.03,14.18050872690667,-14.501659510220948,14.347831762872383
2,20260921T032924Z-3cb70c83,2026-09-21 03:29:24+00:00,morning,2026-09-26 10:00:00+00:00,5,26.4376960858173,29.23,2.7923039141826997,-13.337769870836963,13.099926214980337
2,20260921T032924Z-3cb70c83,2026-09-21 03:29:24+00:00,morning,2026-09-26 11:00:00+00:00,5,23.0885841492262,19.42,-3.6685841492261986,-11.670778252843075,11.417805896383125
2,20260921T032924Z-3cb70c83,2026-09-21 03:29:24+00:00,morning,2026-09-26 12:00:00+00:00,5,22.731108503586448,13.29,-9.441108503586449,-11.751985063342662,10.979123440243786
2,20260921T032924Z-3cb70c83,2026-09-21 03:29:24+00:00,morning,2026-09-26 13:00:00+00:00,5,27.689562399630034,22.59,-5.0995623996300345,-13.128373796855959,14.561188602774076
2,20260921T032924Z-3cb70c83,2026-09-21 03:29:24+00:00,morning,2026-09-26 14:00:00+00:00,5,37.23520839461293,24.99,-12.245208394612934,-21.82270088500281,15.412507509610123
2,20260921T032924Z-3cb70c83,2026-09-21 03:29:24+00:00,morning,2026-09-26 15:00:00+00:00,5,52.59576141506671,28.93,-23.66576141506671,-39.08237239410011,13.5133890209666
2,20260921T032924Z-3cb70c83,2026-09-21 03:29:24+00:00,morning,2026-09-26 16:00:00+00:00,5,56.21140356403991,39.97,-16.241403564039913,-36.16134668053086,20.05005688350905
2,20260921T032924Z-3cb70c83,2026-09-21 03:29:24+00:00,morning,2026-09-26 17:00:00+00:00,5,47.14191065136841,38.03,-9.111910651368412,-27.034048863617233,20.10786178775118
2,20260921T032924Z-3cb70c83,2026-09-21 03:29:24+00:00,morning,2026-09-26 18:00:00+00:00,5,35.0030612660115,34.42,-0.583061266011498,-15.167362010978383,19.835699255033116
2,20260921T032924Z-3cb70c83,2026-09-21 03:29:24+00:00,morning,2026-09-26 19:00:00+00:00,5,33.78077432812963,21.72,-12.060774328129632,-10.482176541931317,23.298597786198314
2,20260921T032924Z-3cb70c83,2026-09-21 03:29:24+00:00,morning,2026-09-26 20:00:00+00:00,5,18.9774213430031,19.49,0.5125786569968973,-0.6945176567467157,18.282903686256386
2,20260921T032924Z-3cb70c83,2026-09-21 03:29:24+00:00,morning,2026-09-26 21:00:00+00:00,6,7.329214273596744,15.83,8.500785726403256,20.051049988927332,27.380264262524076
2,20260921T032924Z-3cb70c83,2026-09-21 03:29:24+00:00,morning,2026-09-26 22:00:00+00:00,6,14.823578415839837,13.08,-1.7435784158398366,0.5714573399773558,15.395035755817192
2,20260921T032924Z-3cb70c83,2026-09-21 03:29:24+00:00,morning,2026-09-26 23:00:00+00:00,6,10.014086076179607,17.76,7.745913923820394,9.551694686041676,19.565780762221284
2,20260921T032924Z-3cb70c83,2026-09-21 03:29:24+00:00,morning,2026-09-27 00:00:00+00:00,6,7.310747515255709,14.3,6.989252484744291,11.10436330277465,18.415110818030357
2,20260921T032924Z-3cb70c83,2026-09-21 03:29:24+00:00,morning,2026-09-27 01:00:00+00:00,6,10.392484568271431,12.81,2.417515431728569,8.833781217773465,19.226265786044898
2,20260921T032924Z-3cb70c83,2026-09-21 03:29:24+00:00,morning,2026-09-27 02:00:00+00:00,6,11.40356602856287,10.74,-0.6635660285628706,7.904929248588939,19.30849527715181
2,20260921T032924Z-3cb70c83,2026-09-21 03:29:24+00:00,morning,2026-09-27 03:00:00+00:00,6,20.595562793365332,9.99,-10.605562793365332,-10.32855909926291,10.267003694102423
2,20260921T032924Z-3cb70c83,2026-09-21 03:29:24+00:00,morning,2026-09-27 04:00:00+00:00,6,35.578836245154214,9.7,-25.878836245154215,-25.75810220204297,9.820734043111244
2,20260921T032924Z-3cb70c83,2026-09-21 03:29:24+00:00,morning,2026-09-27 05:00:00+00:00,6,46.99598607787176,10.0,-36.99598607787176,-29.790065301582892,17.20592077628887
2,20260921T032924Z-3cb70c83,2026-09-21 03:29:24+00:00,morning,2026-09-27 06:00:00+00:00,6,47.88902040515519,9.99,-37.89902040515519,-35.958771820756546,11.930248584398647
2,20260921T032924Z-3cb70c83,2026-09-21 03:29:24+00:00,morning,2026-09-27 07:00:00+00:00,6,42.82840754999868,39.62,-3.2084075499986824,-38.54627934850101,4.28212820149767
2,20260921T032924Z-3cb70c83,2026-09-21 03:29:24+00:00,morning,2026-09-27 08:00:00+00:00,6,33.166564684277446,29.81,-3.3565646842774477,-22.390345030795483,10.776219653481963
2,20260921T032924Z-3cb70c83,2026-09-21 03:29:24+00:00,morning,2026-09-27 09:00:00+00:00,6,23.820049622736224,19.49,-4.330049622736226,-13.152923426097288,10.667126196638936
2,20260921T032924Z-3cb70c83,2026-09-21 03:29:24+00:00,morning,2026-09-27 10:00:00+00:00,6,21.028464347891635,19.49,-1.5384643478916367,-12.422099958346548,8.606364389545087
2,20260921T032924Z-3cb70c83,2026-09-21 03:29:24+00:00,morning,2026-09-27 11:00:00+00:00,6,18.291398856911687,19.9,1.6086011430883111,-11.724665551659074,6.566733305252614
2,20260921T032924Z-3cb70c83,2026-09-21 03:29:24+00:00,morning,2026-09-27 12:00:00+00:00,6,18.09101182027176,16.35,-1.7410118202717584,-10.629091789627934,7.461920030643826
2,20260921T032924Z-3cb70c83,2026-09-21 03:29:24+00:00,morning,2026-09-27 13:00:00+00:00,6,22.170181359997414,19.99,-2.180181359997416,-13.875601615960074,8.29457974403734
2,20260921T032924Z-3cb70c83,2026-09-21 03:29:24+00:00,morning,2026-09-27 14:00:00+00:00,6,30.53850633174101,21.99,-8.548506331741013,-23.680744463329383,6.857761868411629
2,20260921T032924Z-3cb70c83,2026-09-21 03:29:24+00:00,morning,2026-09-27 15:00:00+00:00,6,44.82151779349665,38.73,-6.0915177934966565,-40.061295413240224,4.76022238025643
2,20260921T032924Z-3cb70c83,2026-09-21 03:29:24+00:00,morning,2026-09-27 16:00:00+00:00,6,49.0381137922794,47.2,-1.838113792279394,-35.477386249923406,13.560727542355991
2,20260921T032924Z-3cb70c83,2026-09-21 03:29:24+00:00,morning,2026-09-27 17:00:00+00:00,6,42.36371002949115,43.76,1.396289970508846,-28.937865954505895,13.425844074985257
2,20260921T032924Z-3cb70c83,2026-09-21 03:29:24+00:00,morning,2026-09-27 18:00:00+00:00,6,29.538155804913885,37.3,7.761844195086113,-9.883756005346031,19.654399799567855
2,20260921T032924Z-3cb70c83,2026-09-21 03:29:24+00:00,morning,2026-09-27 19:00:00+00:00,6,25.27755613034954,33.57,8.292443869650459,-4.399045242508835,20.878510887840704
2,20260921T032924Z-3cb70c83,2026-09-21 03:29:24+00:00,morning,2026-09-27 20:00:00+00:00,6,12.273058743321217,32.18,19.906941256678785,11.692117924553388,23.965176667874605
2,20260921T032924Z-3cb70c83,2026-09-21 03:29:24+00:00,morning,2026-09-27 21:00:00+00:00,7,5.061006409001663,19.54,14.478993590998336,33.55012700518711,38.61113341418877
2,20260921T032924Z-3cb70c83,2026-09-21 03:29:24+00:00,morning,2026-09-27 22:00:00+00:00,7,13.18972500598322,21.96,8.77027499401678,22.058302126751585,35.248027132734805
2,20260921T032924Z-3cb70c83,2026-09-21 03:29:24+00:00,morning,2026-09-27 23:00:00+00:00,7,8.022470535805201,9.64,1.6175294641947993,31.644085213404036,39.66655574920924
2,20260921T032924Z-3cb70c83,2026-09-21 03:29:24+00:00,morning,2026-09-28 00:00:00+00:00,7,6.400872946652351,6.88,0.47912705334764905,33.65887093499744,40.05974388164979
2,20260921T032924Z-3cb70c83,2026-09-21 03:29:24+00:00,morning,2026-09-28 01:00:00+00:00,7,6.900527375279655,5.03,-1.8705273752796545,29.422107559032412,36.32263493431206
2,20260921T032924Z-3cb70c83,2026-09-21 03:29:24+00:00,morning,2026-09-28 02:00:00+00:00,7,7.987296217087703,4.09,-3.8972962170877032,37.794255264773795,45.7815514818615
2,20260921T032924Z-3cb70c83,2026-09-21 03:29:24+00:00,morning,2026-09-28 03:00:00+00:00,7,15.530746107142065,4.78,-10.750746107142064,45.76719425932086,61.297940366462925
2,20260921T032924Z-3cb70c83,2026-09-21 03:29:24+00:00,morning,2026-09-28 04:00:00+00:00,7,29.242040597611275,6.33,-22.912040597611274,28.602967280487924,57.845007878099196
2,20260921T032924Z-3cb70c83,2026-09-21 03:29:24+00:00,morning,2026-09-28 05:00:00+00:00,7,40.04134607740298,12.95,-27.091346077402978,31.54395877824339,71.58530485564637
2,20260921T032924Z-3cb70c83,2026-09-21 03:29:24+00:00,morning,2026-09-28 06:00:00+00:00,7,40.06956806101647,15.02,-25.04956806101647,20.189509235339347,60.25907729635581
2,20260921T032924Z-3cb70c83,2026-09-21 03:29:24+00:00,morning,2026-09-28 07:00:00+00:00,7,35.75602817240088,13.23,-22.52602817240088,32.71318478678847,68.46921295918935
2,20260921T032924Z-3cb70c83,2026-09-21 03:29:24+00:00,morning,2026-09-28 08:00:00+00:00,7,26.30108540392329,6.55,-19.75108540392329,36.232095603272505,62.53318100719579
2,20260921T032924Z-3cb70c83,2026-09-21 03:29:24+00:00,morning,2026-09-28 09:00:00+00:00,7,17.586807634022605,5.4,-12.186807634022605,23.243815204999805,40.83062283902241
2,20260921T032924Z-3cb70c83,2026-09-21 03:29:24+00:00,morning,2026-09-28 10:00:00+00:00,7,14.703605336080258,3.67,-11.033605336080258,22.93566309556003,37.63926843164029
2,20260921T032924Z-3cb70c83,2026-09-21 03:29:24+00:00,morning,2026-09-28 11:00:00+00:00,7,12.776671007691863,3.56,-9.216671007691863,13.13612702421078,25.912798031902643
2,20260921T032924Z-3cb70c83,2026-09-21 03:29:24+00:00,morning,2026-09-28 12:00:00+00:00,7,11.840293984871384,3.76,-8.080293984871384,11.981411566822931,23.821705551694315
2,20260921T032924Z-3cb70c83,2026-09-21 03:29:24+00:00,morning,2026-09-28 13:00:00+00:00,7,16.31490422099966,3.87,-12.44490422099966,4.766983813277821,21.081888034277483
2,20260921T032924Z-3cb70c83,2026-09-21 03:29:24+00:00,morning,2026-09-28 14:00:00+00:00,7,23.95954696846367,5.0,-18.95954696846367,4.671773567916377,28.631320536380045
2,20260921T032924Z-3cb70c83,2026-09-21 03:29:24+00:00,morning,2026-09-28 15:00:00+00:00,7,38.12737267395506,8.3,-29.827372673955058,13.236178332681703,51.36355100663676
2,20260921T032924Z-3cb70c83,2026-09-21 03:29:24+00:00,morning,2026-09-28 16:00:00+00:00,7,42.48945364297672,8.33,-34.15945364297672,15.911547357078476,58.401001000055196
2,20260921T032924Z-3cb70c83,2026-09-21 03:29:24+00:00,morning,2026-09-28 17:00:00+00:00,7,36.40649643983828,8.56,-27.846496439838276,7.437222926380194,43.84371936621847
2,20260921T032924Z-3cb70c83,2026-09-21 03:29:24+00:00,morning,2026-09-28 18:00:00+00:00,7,25.94742233409608,6.43,-19.51742233409608,-10.082189709578339,15.86523262451774
2,20260921T032924Z-3cb70c83,2026-09-21 03:29:24+00:00,morning,2026-09-28 19:00:00+00:00,7,22.788236516753305,5.7,-17.088236516753305,-10.108092952600018,12.680143564153287
2,20260921T032924Z-3cb70c83,2026-09-21 03:29:24+00:00,morning,2026-09-28 20:00:00+00:00,7,9.263108487262487,9.04,-0.223108487262488,-1.7563500080209002,7.5067584792415865
2,20260921T032924Z-3cb70c83,2026-09-21 03:29:24+00:00,morning,2026-09-28 21:00:00+00:00,8,1.1663168293326356,5.29,4.1236831706673645,2.2021189149556406,3.368435744288276
2,20260921T032924Z-3cb70c83,2026-09-21 03:29:24+00:00,morning,2026-09-28 22:00:00+00:00,8,9.670568982077045,5.0,-4.670568982077045,34.64483336506011,44.31540234713715
2,20260921T032924Z-3cb70c83,2026-09-21 03:29:24+00:00,morning,2026-09-28 23:00:00+00:00,8,5.103736101121887,4.0,-1.1037361011218874,39.795000405654825,44.898736506776714
2,20260921T032924Z-3cb70c83,2026-09-21 03:29:24+00:00,morning,2026-09-29 00:00:00+00:00,8,1.3763242049235052,5.02,3.6436757950764944,40.06511401905349,41.441438223976995
2,20260921T032924Z-3cb70c83,2026-09-21 03:29:24+00:00,morning,2026-09-29 01:00:00+00:00,8,5.8156918649810505,7.38,1.5643081350189494,40.526843332758844,46.34253519773989
2,20260921T032924Z-3cb70c83,2026-09-21 03:29:24+00:00,morning,2026-09-29 02:00:00+00:00,8,7.068983825378188,9.03,1.961016174621811,46.66224363212176,53.73122745749995
2,20260921T032924Z-3cb70c83,2026-09-21 03:29:24+00:00,morning,2026-09-29 03:00:00+00:00,8,15.91218855190397,21.79,5.877811448096029,61.493360660232625,77.40554921213659
2,20260921T032924Z-3cb70c83,2026-09-21 03:29:24+00:00,morning,2026-09-29 04:00:00+00:00,8,29.91626231024433,22.06,-7.8562623102443325,56.86378444457728,86.78004675482161
2,20260921T032924Z-3cb70c83,2026-09-21 03:29:24+00:00,morning,2026-09-29 05:00:00+00:00,8,40.99592722267486,39.91,-1.0859272226748615,35.4229365680164,76.41886379069126
2,20260921T032924Z-3cb70c83,2026-09-21 03:29:24+00:00,morning,2026-09-29 06:00:00+00:00,8,43.19116330404819,89.88,46.68883669595181,38.83165618041705,82.02281948446523
2,20260921T032924Z-3cb70c83,2026-09-21 03:29:24+00:00,morning,2026-09-29 07:00:00+00:00,8,40.2619154410055,93.85,53.588084558994495,41.4852877868437,81.7472032278492
2,20260921T032924Z-3cb70c83,2026-09-21 03:29:24+00:00,morning,2026-09-29 08:00:00+00:00,8,32.99649824019928,114.2,81.20350175980073,72.7013042809126,105.69780252111187
2,20260921T032924Z-3cb70c83,2026-09-21 03:29:24+00:00,morning,2026-09-29 09:00:00+00:00,8,25.490523368908026,110.26,84.76947663109198,27.678653914299403,53.16917728320743
2,20260921T032924Z-3cb70c83,2026-09-21 03:29:24+00:00,morning,2026-09-29 10:00:00+00:00,8,23.46286030594048,105.26,81.79713969405952,20.62769722940459,44.09055753534507
2,20260921T032924Z-3cb70c83,2026-09-21 03:29:24+00:00,morning,2026-09-29 11:00:00+00:00,8,20.720834517761247,98.44,77.71916548223875,-2.883163880439145,17.837670637322102
2,20260921T032924Z-3cb70c83,2026-09-21 03:29:24+00:00,morning,2026-09-29 12:00:00+00:00,8,21.012602109673555,98.33,77.31739789032645,-1.508232879576718,19.504369230096838
2,20260921T032924Z-3cb70c83,2026-09-21 03:29:24+00:00,morning,2026-09-29 13:00:00+00:00,8,24.042768275915773,103.95,79.90723172408423,-6.028284721598851,18.01448355431692
2,20260921T032924Z-3cb70c83,2026-09-21 03:29:24+00:00,morning,2026-09-29 14:00:00+00:00,8,30.054225695311583,108.8,78.74577430468841,-13.743344315379277,16.310881379932304
2,20260921T032924Z-3cb70c83,2026-09-21 03:29:24+00:00,morning,2026-09-29 15:00:00+00:00,8,42.11525769851292,124.08,81.96474230148708,-23.26490155583383,18.85035614267909
2,20260921T032924Z-3cb70c83,2026-09-21 03:29:24+00:00,morning,2026-09-29 16:00:00+00:00,8,44.01282899324432,115.85,71.83717100675568,-21.4584695475906,22.55435944565372
2,20260921T032924Z-3cb70c83,2026-09-21 03:29:24+00:00,morning,2026-09-29 17:00:00+00:00,8,39.48121494245169,57.39,17.908785057548307,-27.876634742423878,11.604580200027815
2,20260921T032924Z-3cb70c83,2026-09-21 03:29:24+00:00,morning,2026-09-29 18:00:00+00:00,8,28.16100504053434,56.25,28.08899495946566,-22.488127597992452,5.672877442541889
2,20260921T032924Z-3cb70c83,2026-09-21 03:29:24+00:00,morning,2026-09-29 19:00:00+00:00,8,23.02674963953137,28.49,5.463250360468628,-18.452254674735794,4.574494964795576
2,20260921T032924Z-3cb70c83,2026-09-21 03:29:24+00:00,morning,2026-09-29 20:00:00+00:00,8,10.649833974329413,39.0,28.35016602567059,-15.691940566781632,-5.042106592452219
2,20260921T032924Z-3cb70c83,2026-09-21 03:29:24+00:00,morning,2026-09-29 21:00:00+00:00,9,4.254563823234056,38.75,34.49543617676594,0.15368067625424148,4.408244499488298
2,20260921T032924Z-3cb70c83,2026-09-21 03:29:24+00:00,morning,2026-09-29 22:00:00+00:00,9,11.645018366943948,40.56,28.914981633056055,-10.486719303425414,1.158299063518534
2,20260921T032924Z-3cb70c83,2026-09-21 03:29:24+00:00,morning,2026-09-29 23:00:00+00:00,9,9.917030998480907,43.18,33.262969001519096,-4.37352439780575,5.543506600675157
2,20260921T032924Z-3cb70c83,2026-09-21 03:29:24+00:00,morning,2026-09-30 00:00:00+00:00,9,9.068894756223637,52.32,43.251105243776365,-5.004275289945212,4.064619466278425
2,20260921T032924Z-3cb70c83,2026-09-21 03:29:24+00:00,morning,2026-09-30 01:00:00+00:00,9,11.072063578108883,61.7,50.62793642189112,-4.632946534837765,6.439117043271119
2,20260921T032924Z-3cb70c83,2026-09-21 03:29:24+00:00,morning,2026-09-30 02:00:00+00:00,9,11.522684588735894,82.08,70.5573154112641,-5.376023722423912,6.146660866311982
2,20260921T032924Z-3cb70c83,2026-09-21 03:29:24+00:00,morning,2026-09-30 03:00:00+00:00,9,19.539100145565094,107.3,87.76089985443491,-21.404402351971296,-1.8653022064062021
2,20260921T032924Z-3cb70c83,2026-09-21 03:29:24+00:00,morning,2026-09-30 04:00:00+00:00,9,34.358205207602005,154.8,120.44179479239801,-29.104147101165292,5.2540581064367124
2,20260921T032924Z-3cb70c83,2026-09-21 03:29:24+00:00,morning,2026-09-30 05:00:00+00:00,9,46.03465483710806,197.27,151.23534516289195,-22.94299720001806,23.091657637089998
2,20260921T032924Z-3cb70c83,2026-09-21 03:29:24+00:00,morning,2026-09-30 06:00:00+00:00,9,46.91034831177063,210.56,163.64965168822937,-16.56456542060257,30.345782891168064
2,20260921T032924Z-3cb70c83,2026-09-21 03:29:24+00:00,morning,2026-09-30 07:00:00+00:00,9,43.57441033728639,240.26,196.6855896627136,-16.40831713906924,27.166093198217148
2,20260921T032924Z-3cb70c83,2026-09-21 03:29:24+00:00,morning,2026-09-30 08:00:00+00:00,9,34.696945781140315,149.94,115.24305421885968,-9.493037111905371,25.20390866923494
2,20260921T032924Z-3cb70c83,2026-09-21 03:29:24+00:00,morning,2026-09-30 09:00:00+00:00,9,27.460466319759927,116.87,89.40953368024007,-2.5837286543582745,24.876737665401652
2,20260921T032924Z-3cb70c83,2026-09-21 03:29:24+00:00,morning,2026-09-30 10:00:00+00:00,9,24.853210258483838,113.71,88.85678974151615,-6.9245276573847345,17.928682601099105
2,20260921T032924Z-3cb70c83,2026-09-21 03:29:24+00:00,morning,2026-09-30 11:00:00+00:00,9,22.515491973013877,108.27,85.75450802698612,-17.465976052772522,5.049515920241355
2,20260921T032924Z-3cb70c83,2026-09-21 03:29:24+00:00,morning,2026-09-30 12:00:00+00:00,9,22.485367742480328,105.94,83.45463225751968,-22.197873185501013,0.2874945569793148
2,20260921T032924Z-3cb70c83,2026-09-21 03:29:24+00:00,morning,2026-09-30 13:00:00+00:00,9,26.43482612495482,99.94,73.50517387504517,-24.717543426838223,1.7172826981165983
2,20260921T032924Z-3cb70c83,2026-09-21 03:29:24+00:00,morning,2026-09-30 14:00:00+00:00,9,33.331634373448225,150.0,116.66836562655178,-32.098488791746945,1.2331455817012795
2,20260921T032924Z-3cb70c83,2026-09-21 03:29:24+00:00,morning,2026-09-30 15:00:00+00:00,9,45.42855323864771,244.81,199.3814467613523,-38.01121435184947,7.417338886798241
2,20260921T032924Z-3cb70c83,2026-09-21 03:29:24+00:00,morning,2026-09-30 16:00:00+00:00,9,49.68642146785993,213.28,163.59357853214007,-26.366234975020554,23.320186492839376
2,20260921T032924Z-3cb70c83,2026-09-21 03:29:24+00:00,morning,2026-09-30 17:00:00+00:00,9,45.48432638313872,229.71,184.2256736168613,-30.203627138979485,15.280699244159237
2,20260921T032924Z-3cb70c83,2026-09-21 03:29:24+00:00,morning,2026-09-30 18:00:00+00:00,9,34.904076551558134,245.84,210.93592344844188,-29.369155739096737,5.534920812461397
2,20260921T032924Z-3cb70c83,2026-09-21 03:29:24+00:00,morning,2026-09-30 19:00:00+00:00,9,29.988661123243062,186.88,156.89133887675695,-21.901260557687525,8.087400565555537
2,20260921T032924Z-3cb70c83,2026-09-21 03:29:24+00:00,morning,2026-09-30 20:00:00+00:00,9,16.88384432131582,102.71,85.82615567868417,-16.068778198052787,0.8150661232630334
2,20260921T032924Z-3cb70c83,2026-09-21 03:29:24+00:00,morning,2026-09-30 21:00:00+00:00,10,9.872247440515618,51.09,41.21775255948438,-1.3621059278164493,8.51014151269917
2,20260921T132505Z-92dad8b6,2026-09-21 13:25:05+00:00,afternoon,2026-09-22 21:00:00+00:00,2,119.2309826472204,101.7,-17.530982647220398,-84.22443132006003,35.006551327160366
2,20260921T132505Z-92dad8b6,2026-09-21 13:25:05+00:00,afternoon,2026-09-22 22:00:00+00:00,2,123.92120991994764,136.26,12.338790080052348,-79.66556754617727,44.25564237377037
2,20260921T132505Z-92dad8b6,2026-09-21 13:25:05+00:00,afternoon,2026-09-22 23:00:00+00:00,2,117.72564173812944,124.31,6.5843582618705625,-76.02733293874185,41.69830879938759
2,20260921T132505Z-92dad8b6,2026-09-21 13:25:05+00:00,afternoon,2026-09-23 00:00:00+00:00,2,114.4810281017658,123.74,9.258971898234194,-76.0664921840491,38.414535917716705
2,20260921T132505Z-92dad8b6,2026-09-21 13:25:05+00:00,afternoon,2026-09-23 01:00:00+00:00,2,115.56377810176582,102.58,-12.983778101765822,-76.78277149582482,38.781006605941
2,20260921T132505Z-92dad8b6,2026-09-21 13:25:05+00:00,afternoon,2026-09-23 02:00:00+00:00,2,117.0302781017658,102.57,-14.460278101765809,-80.68659270120858,36.34368540055722
2,20260921T132505Z-92dad8b6,2026-09-21 13:25:05+00:00,afternoon,2026-09-23 03:00:00+00:00,2,129.834096283584,133.32,3.4859037164160043,-84.42225181130813,45.41184447227586
2,20260921T132505Z-92dad8b6,2026-09-21 13:25:05+00:00,afternoon,2026-09-23 04:00:00+00:00,2,150.14385070165798,157.85,7.706149298342012,-100.58359119887393,49.56025950278405
2,20260921T132505Z-92dad8b6,2026-09-21 13:25:05+00:00,afternoon,2026-09-23 05:00:00+00:00,2,163.28071433802162,169.2,5.919285661978364,-109.76561820672168,53.51509613129994
2,20260921T132505Z-92dad8b6,2026-09-21 13:25:05+00:00,afternoon,2026-09-23 06:00:00+00:00,2,166.29489615620344,177.54,11.245103843796556,-120.36891223487869,45.92598392132474
2,20260921T132505Z-92dad8b6,2026-09-21 13:25:05+00:00,afternoon,2026-09-23 07:00:00+00:00,2,161.10273706529435,170.34,9.237262934705655,-118.82564134877164,42.27709571652271
2,20260921T132505Z-92dad8b6,2026-09-21 13:25:05+00:00,afternoon,2026-09-23 08:00:00+00:00,2,150.6454416107489,152.65,2.004558389251116,-108.48601877286598,42.159422837882914
2,20260921T132505Z-92dad8b6,2026-09-21 13:25:05+00:00,afternoon,2026-09-23 09:00:00+00:00,2,140.4675552471125,135.29,-5.177555247112508,-101.12016017950417,39.34739506760833
2,20260921T132505Z-92dad8b6,2026-09-21 13:25:05+00:00,afternoon,2026-09-23 10:00:00+00:00,2,136.57585070165797,128.59,-7.9858507016579665,-103.78776953537239,32.78808116628558
2,20260921T132505Z-92dad8b6,2026-09-21 13:25:05+00:00,afternoon,2026-09-23 11:00:00+00:00,2,133.5631234289307,121.9,-11.663123428930703,-107.55897581648479,26.00414761244592
2,20260921T132505Z-92dad8b6,2026-09-21 13:25:05+00:00,afternoon,2026-09-23 12:00:00+00:00,2,133.9328961562034,121.77,-12.162896156203416,-107.63688673255395,26.296009423649465
2,20260921T132505Z-92dad8b6,2026-09-21 13:25:05+00:00,afternoon,2026-09-23 13:00:00+00:00,2,139.92973706529435,123.39,-16.539737065294347,-110.43529362429638,29.49444344099797
2,20260921T132505Z-92dad8b6,2026-09-21 13:25:05+00:00,afternoon,2026-09-23 14:00:00+00:00,2,150.84662342893074,132.85,-17.996623428930747,-116.69926651927479,34.147356909655954
2,20260921T132505Z-92dad8b6,2026-09-21 13:25:05+00:00,afternoon,2026-09-23 15:00:00+00:00,2,166.4874416107489,161.44,-5.047441610748905,-122.79557119064323,43.69187042010567
2,20260921T132505Z-92dad8b6,2026-09-21 13:25:05+00:00,afternoon,2026-09-23 16:00:00+00:00,2,172.97566888347615,201.7,28.724331116523842,-134.8190595552876,38.15660932818855
2,20260921T132505Z-92dad8b6,2026-09-21 13:25:05+00:00,afternoon,2026-09-23 17:00:00+00:00,2,161.32783488405812,154.84,-6.487834884058117,-129.7185905874361,31.609244296622023
2,20260921T132505Z-92dad8b6,2026-09-21 13:25:05+00:00,afternoon,2026-09-23 18:00:00+00:00,2,141.87736901085674,147.72,5.8426309891432595,-118.4476674427212,23.429701568135542
2,20260921T132505Z-92dad8b6,2026-09-21 13:25:05+00:00,afternoon,2026-09-23 19:00:00+00:00,2,135.33954809153838,70.09,-65.24954809153837,-106.20939008041145,29.130158011126923
2,20260921T132505Z-92dad8b6,2026-09-21 13:25:05+00:00,afternoon,2026-09-23 20:00:00+00:00,2,116.867711727902,39.04,-77.827711727902,-100.91593528770947,15.951776440192532
2,20260921T132505Z-92dad8b6,2026-09-21 13:25:05+00:00,afternoon,2026-09-23 21:00:00+00:00,3,103.71841627335652,35.5,-68.21841627335652,-94.83097717464521,8.887439098711312
2,20260921T132505Z-92dad8b6,2026-09-21 13:25:05+00:00,afternoon,2026-09-23 22:00:00+00:00,3,111.2981435460838,101.35,-9.948143546083799,-96.67099257882857,14.627150967255218
2,20260921T132505Z-92dad8b6,2026-09-21 13:25:05+00:00,afternoon,2026-09-23 23:00:00+00:00,3,106.9597753642656,103.88,-3.0797753642656005,-94.57481184525139,12.384963519014207
2,20260921T132505Z-92dad8b6,2026-09-21 13:25:05+00:00,afternoon,2026-09-24 00:00:00+00:00,3,105.96411172790198,110.9,4.935888272098026,-94.82306661052188,11.141045117380102
2,20260921T132505Z-92dad8b6,2026-09-21 13:25:05+00:00,afternoon,2026-09-24 01:00:00+00:00,3,109.3352781017658,100.73,-8.60527810176579,-93.83171523513626,15.503562866629537
2,20260921T132505Z-92dad8b6,2026-09-21 13:25:05+00:00,afternoon,2026-09-24 02:00:00+00:00,3,113.5010281017658,97.77,-15.731028101765801,-95.39197390675247,18.10905419501333
2,20260921T132505Z-92dad8b6,2026-09-21 13:25:05+00:00,afternoon,2026-09-24 03:00:00+00:00,3,127.979846283584,106.85,-21.129846283584,-97.46199666980148,30.517849613782516
2,20260921T132505Z-92dad8b6,2026-09-21 13:25:05+00:00,afternoon,2026-09-24 04:00:00+00:00,3,149.58945991994764,119.34,-30.24945991994764,-113.57691933960272,36.01254058034492
2,20260921T132505Z-92dad8b6,2026-09-21 13:25:05+00:00,afternoon,2026-09-24 05:00:00+00:00,3,165.00071433802162,173.34,8.33928566197838,-123.32573624298004,41.67497809504158
2,20260921T132505Z-92dad8b6,2026-09-21 13:25:05+00:00,afternoon,2026-09-24 06:00:00+00:00,3,169.74639615620345,227.37,57.62360384379656,-121.30823352527693,48.43816263092651
2,20260921T132505Z-92dad8b6,2026-09-21 13:25:05+00:00,afternoon,2026-09-24 07:00:00+00:00,3,165.91698706529436,202.47,36.553012934705635,-117.95802938852643,47.95895767676794
2,20260921T132505Z-92dad8b6,2026-09-21 13:25:05+00:00,afternoon,2026-09-24 08:00:00+00:00,3,155.96994161074886,173.02,17.05005838925115,-107.02607120613793,48.943870404610934
2,20260921T132505Z-92dad8b6,2026-09-21 13:25:05+00:00,afternoon,2026-09-24 09:00:00+00:00,3,144.1583052471125,170.98,26.82169475288748,-101.55963778981418,42.59866745729833
2,20260921T132505Z-92dad8b6,2026-09-21 13:25:05+00:00,afternoon,2026-09-24 10:00:00+00:00,3,138.34610070165795,137.68,-0.666100701657939,-100.62033515338258,37.72576554827536
2,20260921T132505Z-92dad8b6,2026-09-21 13:25:05+00:00,afternoon,2026-09-24 11:00:00+00:00,3,133.71762342893072,145.76,12.04237657106927,-109.2939554656433,24.42366796328743
2,20260921T132505Z-92dad8b6,2026-09-21 13:25:05+00:00,afternoon,2026-09-24 12:00:00+00:00,3,128.78464615620342,140.03,11.245353843796579,-111.99939126948352,16.785254886719898
2,20260921T132505Z-92dad8b6,2026-09-21 13:25:05+00:00,afternoon,2026-09-24 13:00:00+00:00,3,130.34723706529437,137.74,7.392762934705644,-119.71462461184247,10.632612453451898
2,20260921T132505Z-92dad8b6,2026-09-21 13:25:05+00:00,afternoon,2026-09-24 14:00:00+00:00,3,145.32215453745374,127.6,-17.722154537453747,-125.77387682368187,19.548277713771867
2,20260921T132505Z-92dad8b6,2026-09-21 13:25:05+00:00,afternoon,2026-09-24 15:00:00+00:00,3,156.6156841317562,140.0,-16.61568413175621,-131.43447902134028,25.18120511041593
2,20260921T132505Z-92dad8b6,2026-09-21 13:25:05+00:00,afternoon,2026-09-24 16:00:00+00:00,3,160.29797224102387,157.48,-2.817972241023881,-125.77412818929146,34.52384405173241
2,20260921T132505Z-92dad8b6,2026-09-21 13:25:05+00:00,afternoon,2026-09-24 17:00:00+00:00,3,150.66630097401466,176.21,25.543699025985347,-125.98325339587409,24.683047578140574
2,20260921T132505Z-92dad8b6,2026-09-21 13:25:05+00:00,afternoon,2026-09-24 18:00:00+00:00,3,131.92169845618756,161.52,29.598301543812454,-108.2555248046021,23.666173651585453
2,20260921T132505Z-92dad8b6,2026-09-21 13:25:05+00:00,afternoon,2026-09-24 19:00:00+00:00,3,123.72953737117948,130.03,6.300462628820526,-101.36865185005368,22.360885521125795
2,20260921T132505Z-92dad8b6,2026-09-21 13:25:05+00:00,afternoon,2026-09-24 20:00:00+00:00,3,105.0597658984876,93.8,-11.2597658984876,-84.19394401332227,20.86582188516533
2,20260921T132505Z-92dad8b6,2026-09-21 13:25:05+00:00,afternoon,2026-09-24 21:00:00+00:00,4,90.89291689218904,49.03,-41.862916892189034,-78.2241067261674,12.668810166021629
2,20260921T132505Z-92dad8b6,2026-09-21 13:25:05+00:00,afternoon,2026-09-24 22:00:00+00:00,4,97.3591650760918,34.99,-62.3691650760918,-80.10589100689072,17.253274069201083
2,20260921T132505Z-92dad8b6,2026-09-21 13:25:05+00:00,afternoon,2026-09-24 23:00:00+00:00,4,91.38587039211583,33.0,-58.385870392115834,-79.88376676981163,11.502103622304205
2,20260921T132505Z-92dad8b6,2026-09-21 13:25:05+00:00,afternoon,2026-09-25 00:00:00+00:00,4,88.82093487128213,34.14,-54.68093487128213,-78.82762391724661,9.993310954035522
2,20260921T132505Z-92dad8b6,2026-09-21 13:25:05+00:00,afternoon,2026-09-25 01:00:00+00:00,4,93.1275313690195,35.0,-58.12753136901949,-80.22671044885315,12.900820920166339
2,20260921T132505Z-92dad8b6,2026-09-21 13:25:05+00:00,afternoon,2026-09-25 02:00:00+00:00,4,97.0239246985426,29.99,-67.0339246985426,-82.20914660290683,14.814778095635774
2,20260921T132505Z-92dad8b6,2026-09-21 13:25:05+00:00,afternoon,2026-09-25 03:00:00+00:00,4,108.02803417527196,32.15,-75.87803417527195,-82.12668873026364,25.901345445008317
2,20260921T132505Z-92dad8b6,2026-09-21 13:25:05+00:00,afternoon,2026-09-25 04:00:00+00:00,4,129.32347682420695,30.09,-99.23347682420695,-108.71698659524324,20.606490228963708
2,20260921T132505Z-92dad8b6,2026-09-21 13:25:05+00:00,afternoon,2026-09-25 05:00:00+00:00,4,144.5665185704868,41.51,-103.05651857048682,-115.40793291964083,29.15858565084598
2,20260921T132505Z-92dad8b6,2026-09-21 13:25:05+00:00,afternoon,2026-09-25 06:00:00+00:00,4,151.7452191670926,50.0,-101.74521916709261,-117.52479898214506,34.22042018494756
2,20260921T132505Z-92dad8b6,2026-09-21 13:25:05+00:00,afternoon,2026-09-25 07:00:00+00:00,4,154.0023214597378,69.41,-84.5923214597378,-117.14610719245418,36.85621426728362
2,20260921T132505Z-92dad8b6,2026-09-21 13:25:05+00:00,afternoon,2026-09-25 08:00:00+00:00,4,147.4725950347379,115.48,-31.992595034737903,-109.78553431913879,37.68706071559912
2,20260921T132505Z-92dad8b6,2026-09-21 13:25:05+00:00,afternoon,2026-09-25 09:00:00+00:00,4,137.83760080465277,138.0,0.16239919534723413,-105.63520230805561,32.202398496597155
2,20260921T132505Z-92dad8b6,2026-09-21 13:25:05+00:00,afternoon,2026-09-25 10:00:00+00:00,4,135.63872474731176,117.7,-17.938724747311753,-109.99629176917108,25.642432978140675
2,20260921T132505Z-92dad8b6,2026-09-21 13:25:05+00:00,afternoon,2026-09-25 11:00:00+00:00,4,133.4739513048196,102.12,-31.35395130481959,-109.26918017417927,24.204771130640324
2,20260921T132505Z-92dad8b6,2026-09-21 13:25:05+00:00,afternoon,2026-09-25 12:00:00+00:00,4,133.5039802494177,74.67,-58.833980249417706,-113.44495911434457,20.059021135073138
2,20260921T132505Z-92dad8b6,2026-09-21 13:25:05+00:00,afternoon,2026-09-25 13:00:00+00:00,4,138.30815268161038,72.56,-65.74815268161038,-114.44967645272553,23.858476228884854
2,20260921T132505Z-92dad8b6,2026-09-21 13:25:05+00:00,afternoon,2026-09-25 14:00:00+00:00,4,148.06461312118165,96.66,-51.404613121181654,-120.4576000882308,27.607013032950846
2,20260921T132505Z-92dad8b6,2026-09-21 13:25:05+00:00,afternoon,2026-09-25 15:00:00+00:00,4,163.99898850470186,92.14,-71.85898850470186,-128.4574346901892,35.54155381451267
2,20260921T132505Z-92dad8b6,2026-09-21 13:25:05+00:00,afternoon,2026-09-25 16:00:00+00:00,4,170.74277415669297,69.02,-101.72277415669298,-122.95417973115885,47.78859442553413
2,20260921T132505Z-92dad8b6,2026-09-21 13:25:05+00:00,afternoon,2026-09-25 17:00:00+00:00,4,160.37848224715705,66.57,-93.80848224715706,-121.37151895789654,39.00696328926051
2,20260921T132505Z-92dad8b6,2026-09-21 13:25:05+00:00,afternoon,2026-09-25 18:00:00+00:00,4,140.49581898544304,49.47,-91.02581898544304,-114.25922478079303,26.236594204650004
2,20260921T132505Z-92dad8b6,2026-09-21 13:25:05+00:00,afternoon,2026-09-25 19:00:00+00:00,4,135.02575783073888,35.84,-99.18575783073888,-104.9679252607246,30.057832570014284
2,20260921T132505Z-92dad8b6,2026-09-21 13:25:05+00:00,afternoon,2026-09-25 20:00:00+00:00,4,117.19571894605396,37.18,-80.01571894605397,-83.44668905616092,33.74902988989304
2,20260921T132505Z-92dad8b6,2026-09-21 13:25:05+00:00,afternoon,2026-09-25 21:00:00+00:00,5,98.90627534716812,34.32,-64.58627534716811,-92.00206562973507,6.904209717433048
2,20260921T132505Z-92dad8b6,2026-09-21 13:25:05+00:00,afternoon,2026-09-25 22:00:00+00:00,5,104.1311953842538,25.0,-79.1311953842538,-93.74928767299842,10.38190771125538
2,20260921T132505Z-92dad8b6,2026-09-21 13:25:05+00:00,afternoon,2026-09-25 23:00:00+00:00,5,100.77832477187226,25.88,-74.89832477187227,-93.3764557422305,7.401869029641759
2,20260921T132505Z-92dad8b6,2026-09-21 13:25:05+00:00,afternoon,2026-09-26 00:00:00+00:00,5,97.66499466286496,28.82,-68.84499466286496,-93.96904683881577,3.6959478240491848
2,20260921T132505Z-92dad8b6,2026-09-21 13:25:05+00:00,afternoon,2026-09-26 01:00:00+00:00,5,98.19197206258828,29.24,-68.95197206258828,-93.96391776508895,4.228054297499327
2,20260921T132505Z-92dad8b6,2026-09-21 13:25:05+00:00,afternoon,2026-09-26 02:00:00+00:00,5,99.13151042103608,29.1,-70.03151042103607,-94.44135023561131,4.690160185424773
2,20260921T132505Z-92dad8b6,2026-09-21 13:25:05+00:00,afternoon,2026-09-26 03:00:00+00:00,5,108.00088171661253,30.15,-77.85088171661252,-96.52802281283874,11.472858903773783
2,20260921T132505Z-92dad8b6,2026-09-21 13:25:05+00:00,afternoon,2026-09-26 04:00:00+00:00,5,123.75577566795197,32.29,-91.46577566795196,-112.26393319726509,11.491842470686876
2,20260921T132505Z-92dad8b6,2026-09-21 13:25:05+00:00,afternoon,2026-09-26 05:00:00+00:00,5,137.5359429946816,30.89,-106.64594299468159,-117.6037074115934,19.932235583088186
2,20260921T132505Z-92dad8b6,2026-09-21 13:25:05+00:00,afternoon,2026-09-26 06:00:00+00:00,5,142.2599303663087,32.97,-109.28993036630871,-123.4982429514186,18.761687414890105
2,20260921T132505Z-92dad8b6,2026-09-21 13:25:05+00:00,afternoon,2026-09-26 07:00:00+00:00,5,140.49095789956445,34.57,-105.92095789956446,-116.64743825791976,23.84351964164469
2,20260921T132505Z-92dad8b6,2026-09-21 13:25:05+00:00,afternoon,2026-09-26 08:00:00+00:00,5,135.27065228747674,42.99,-92.28065228747673,-116.18696408156504,19.0836882059117
2,20260921T132505Z-92dad8b6,2026-09-21 13:25:05+00:00,afternoon,2026-09-26 09:00:00+00:00,5,128.47291186454325,43.03,-85.44291186454325,-112.37793759682242,16.09497426772083
2,20260921T132505Z-92dad8b6,2026-09-21 13:25:05+00:00,afternoon,2026-09-26 10:00:00+00:00,5,124.0396219435607,29.23,-94.8096219435607,-99.82525699770075,24.214364945859955
2,20260921T132505Z-92dad8b6,2026-09-21 13:25:05+00:00,afternoon,2026-09-26 11:00:00+00:00,5,119.65053693520272,19.42,-100.23053693520272,-99.24562992499192,20.404907010210806
2,20260921T132505Z-92dad8b6,2026-09-21 13:25:05+00:00,afternoon,2026-09-26 12:00:00+00:00,5,120.274710353684,13.29,-106.984710353684,-99.20794849786715,21.06676185581685
2,20260921T132505Z-92dad8b6,2026-09-21 13:25:05+00:00,afternoon,2026-09-26 13:00:00+00:00,5,128.1376892676682,22.59,-105.5476892676682,-107.28672194298332,20.850967324684888
2,20260921T132505Z-92dad8b6,2026-09-21 13:25:05+00:00,afternoon,2026-09-26 14:00:00+00:00,5,138.18979775062587,24.99,-113.19979775062588,-117.35133664159997,20.8384611090259
2,20260921T132505Z-92dad8b6,2026-09-21 13:25:05+00:00,afternoon,2026-09-26 15:00:00+00:00,5,154.7601937358557,28.93,-125.83019373585569,-127.39822323873467,27.36197049712102
2,20260921T132505Z-92dad8b6,2026-09-21 13:25:05+00:00,afternoon,2026-09-26 16:00:00+00:00,5,160.11045982027355,39.97,-120.14045982027355,-123.6285697325135,36.48189008776005
2,20260921T132505Z-92dad8b6,2026-09-21 13:25:05+00:00,afternoon,2026-09-26 17:00:00+00:00,5,148.65002090430067,38.03,-110.62002090430067,-119.44062972948147,29.209391174819203
2,20260921T132505Z-92dad8b6,2026-09-21 13:25:05+00:00,afternoon,2026-09-26 18:00:00+00:00,5,130.7803912401006,34.42,-96.36039124010061,-110.13824257874377,20.642148661356842
2,20260921T132505Z-92dad8b6,2026-09-21 13:25:05+00:00,afternoon,2026-09-26 19:00:00+00:00,5,126.49041181904784,21.72,-104.77041181904784,-103.02231923160306,23.468092587444772
2,20260921T132505Z-92dad8b6,2026-09-21 13:25:05+00:00,afternoon,2026-09-26 20:00:00+00:00,5,110.93900566822246,19.49,-91.44900566822247,-86.58014689753779,24.358858770684677
2,20260921T132505Z-92dad8b6,2026-09-21 13:25:05+00:00,afternoon,2026-09-26 21:00:00+00:00,6,96.65893752981606,15.83,-80.82893752981606,-89.6766171233256,6.982320406490459
2,20260921T132505Z-92dad8b6,2026-09-21 13:25:05+00:00,afternoon,2026-09-26 22:00:00+00:00,6,102.17010907667152,13.08,-89.09010907667152,-92.23614070956147,9.933968367110054
2,20260921T132505Z-92dad8b6,2026-09-21 13:25:05+00:00,afternoon,2026-09-26 23:00:00+00:00,6,99.90814641448576,17.76,-82.14814641448575,-91.84298634343698,8.06516007104878
2,20260921T132505Z-92dad8b6,2026-09-21 13:25:05+00:00,afternoon,2026-09-27 00:00:00+00:00,6,97.24854231397538,14.3,-82.94854231397538,-91.95455425370356,5.293988060271815
2,20260921T132505Z-92dad8b6,2026-09-21 13:25:05+00:00,afternoon,2026-09-27 01:00:00+00:00,6,98.70813264044446,12.81,-85.89813264044446,-92.327855903405,6.380276737039466
2,20260921T132505Z-92dad8b6,2026-09-21 13:25:05+00:00,afternoon,2026-09-27 02:00:00+00:00,6,100.38418539953588,10.74,-89.64418539953589,-92.33417619706368,8.050009202472197
2,20260921T132505Z-92dad8b6,2026-09-21 13:25:05+00:00,afternoon,2026-09-27 03:00:00+00:00,6,108.96358156288888,9.99,-98.97358156288888,-94.76580431922504,14.197777243663836
2,20260921T132505Z-92dad8b6,2026-09-21 13:25:05+00:00,afternoon,2026-09-27 04:00:00+00:00,6,124.99600157268029,9.7,-115.29600157268028,-109.14277625502959,15.853225317650697
2,20260921T132505Z-92dad8b6,2026-09-21 13:25:05+00:00,afternoon,2026-09-27 05:00:00+00:00,6,137.77128628175817,10.0,-127.77128628175817,-118.38319306242586,19.388093219332305
2,20260921T132505Z-92dad8b6,2026-09-21 13:25:05+00:00,afternoon,2026-09-27 06:00:00+00:00,6,140.8854640101151,9.99,-130.8954640101151,-124.44466071976512,16.440803290349976
2,20260921T132505Z-92dad8b6,2026-09-21 13:25:05+00:00,afternoon,2026-09-27 07:00:00+00:00,6,136.8768021892081,39.62,-97.25680218920809,-117.7057304266171,19.171071762590998
2,20260921T132505Z-92dad8b6,2026-09-21 13:25:05+00:00,afternoon,2026-09-27 08:00:00+00:00,6,127.89719429567108,29.81,-98.08719429567108,-110.31344933526385,17.58374496040723
2,20260921T132505Z-92dad8b6,2026-09-21 13:25:05+00:00,afternoon,2026-09-27 09:00:00+00:00,6,120.62491921626018,19.49,-101.13491921626019,-107.80656242848114,12.818356787779038
2,20260921T132505Z-92dad8b6,2026-09-21 13:25:05+00:00,afternoon,2026-09-27 10:00:00+00:00,6,117.8410679789993,19.49,-98.35106797899931,-97.13865719071792,20.702410788281384
2,20260921T132505Z-92dad8b6,2026-09-21 13:25:05+00:00,afternoon,2026-09-27 11:00:00+00:00,6,115.27412643238182,19.9,-95.37412643238181,-97.15675376234064,18.117372670041178
2,20260921T132505Z-92dad8b6,2026-09-21 13:25:05+00:00,afternoon,2026-09-27 12:00:00+00:00,6,116.65179754119724,16.35,-100.30179754119723,-97.1606233222344,19.49117421896284
2,20260921T132505Z-92dad8b6,2026-09-21 13:25:05+00:00,afternoon,2026-09-27 13:00:00+00:00,6,120.38523651515646,19.99,-100.39523651515647,-105.04108042900138,15.344156086155081
2,20260921T132505Z-92dad8b6,2026-09-21 13:25:05+00:00,afternoon,2026-09-27 14:00:00+00:00,6,128.53396914769502,21.99,-106.54396914769502,-113.62577797063811,14.908191177056906
2,20260921T132505Z-92dad8b6,2026-09-21 13:25:05+00:00,afternoon,2026-09-27 15:00:00+00:00,6,143.56503510810424,38.73,-104.83503510810425,-122.37148719227014,21.193547915834102
2,20260921T132505Z-92dad8b6,2026-09-21 13:25:05+00:00,afternoon,2026-09-27 16:00:00+00:00,6,150.07436705399738,47.2,-102.87436705399737,-120.37731196865771,29.69705508533967
2,20260921T132505Z-92dad8b6,2026-09-21 13:25:05+00:00,afternoon,2026-09-27 17:00:00+00:00,6,142.24047572097314,43.76,-98.48047572097315,-118.28268175608491,23.957793964888225
2,20260921T132505Z-92dad8b6,2026-09-21 13:25:05+00:00,afternoon,2026-09-27 18:00:00+00:00,6,126.9725635036138,37.3,-89.6725635036138,-107.76103873615551,19.211524767458286
2,20260921T132505Z-92dad8b6,2026-09-21 13:25:05+00:00,afternoon,2026-09-27 19:00:00+00:00,6,120.78799149856292,33.57,-87.21799149856292,-108.88770722080281,11.900284277760107
2,20260921T132505Z-92dad8b6,2026-09-21 13:25:05+00:00,afternoon,2026-09-27 20:00:00+00:00,6,105.25835687715156,32.18,-73.07835687715155,-92.12387109055707,13.134485786594482
2,20260921T132505Z-92dad8b6,2026-09-21 13:25:05+00:00,afternoon,2026-09-27 21:00:00+00:00,7,94.05064518878967,19.54,-74.51064518878968,-60.312135522004084,33.73850966678559
2,20260921T132505Z-92dad8b6,2026-09-21 13:25:05+00:00,afternoon,2026-09-27 22:00:00+00:00,7,98.8946970905615,21.96,-76.93469709056149,-66.45963935230887,32.435057738252624
2,20260921T132505Z-92dad8b6,2026-09-21 13:25:05+00:00,afternoon,2026-09-27 23:00:00+00:00,7,94.9094843641169,9.64,-85.2694843641169,-65.62899020693608,29.280494157180826
2,20260921T132505Z-92dad8b6,2026-09-21 13:25:05+00:00,afternoon,2026-09-28 00:00:00+00:00,7,91.6484009154712,6.88,-84.7684009154712,-65.69590616123514,25.952494754236056
2,20260921T132505Z-92dad8b6,2026-09-21 13:25:05+00:00,afternoon,2026-09-28 01:00:00+00:00,7,92.32641239344557,5.03,-87.29641239344556,-65.29337038926792,27.033042004177645
2,20260921T132505Z-92dad8b6,2026-09-21 13:25:05+00:00,afternoon,2026-09-28 02:00:00+00:00,7,90.87072339719612,4.09,-86.78072339719611,-65.08712290805919,25.78360048913693
2,20260921T132505Z-92dad8b6,2026-09-21 13:25:05+00:00,afternoon,2026-09-28 03:00:00+00:00,7,99.9935677506233,4.78,-95.2135677506233,-47.28057596832302,52.71299178230028
2,20260921T132505Z-92dad8b6,2026-09-21 13:25:05+00:00,afternoon,2026-09-28 04:00:00+00:00,7,113.39848941242084,6.33,-107.06848941242085,-65.7075250089989,47.690964403421944
2,20260921T132505Z-92dad8b6,2026-09-21 13:25:05+00:00,afternoon,2026-09-28 05:00:00+00:00,7,126.19817107501844,12.95,-113.24817107501843,-73.68140384309383,52.516767231924604
2,20260921T132505Z-92dad8b6,2026-09-21 13:25:05+00:00,afternoon,2026-09-28 06:00:00+00:00,7,128.60951475713014,15.02,-113.58951475713015,-77.90164949782026,50.707865259309884
2,20260921T132505Z-92dad8b6,2026-09-21 13:25:05+00:00,afternoon,2026-09-28 07:00:00+00:00,7,122.53597492269292,13.23,-109.30597492269291,-69.40072998146962,53.13524494122329
2,20260921T132505Z-92dad8b6,2026-09-21 13:25:05+00:00,afternoon,2026-09-28 08:00:00+00:00,7,112.62092356290292,6.55,-106.07092356290292,-68.54093208519664,44.07999147770627
2,20260921T132505Z-92dad8b6,2026-09-21 13:25:05+00:00,afternoon,2026-09-28 09:00:00+00:00,7,102.13668449451936,5.4,-96.73668449451935,-58.63969309522451,43.49699139929485
2,20260921T132505Z-92dad8b6,2026-09-21 13:25:05+00:00,afternoon,2026-09-28 10:00:00+00:00,7,100.3664425896674,3.67,-96.6964425896674,-56.79787092764898,43.56857166201842
2,20260921T132505Z-92dad8b6,2026-09-21 13:25:05+00:00,afternoon,2026-09-28 11:00:00+00:00,7,97.6967489547825,3.56,-94.1367489547825,-62.90792692560807,34.78882202917443
2,20260921T132505Z-92dad8b6,2026-09-21 13:25:05+00:00,afternoon,2026-09-28 12:00:00+00:00,7,96.69818955364188,3.76,-92.93818955364188,-61.8808913382945,34.817298215347385
2,20260921T132505Z-92dad8b6,2026-09-21 13:25:05+00:00,afternoon,2026-09-28 13:00:00+00:00,7,100.60226903922096,3.87,-96.73226903922095,-63.93809039102398,36.66417864819698
2,20260921T132505Z-92dad8b6,2026-09-21 13:25:05+00:00,afternoon,2026-09-28 14:00:00+00:00,7,107.6499340624331,5.0,-102.6499340624331,-76.59679958542809,31.053134477005017
2,20260921T132505Z-92dad8b6,2026-09-21 13:25:05+00:00,afternoon,2026-09-28 15:00:00+00:00,7,120.69069023876422,8.3,-112.39069023876422,-82.40484181337175,38.28584842539247
2,20260921T132505Z-92dad8b6,2026-09-21 13:25:05+00:00,afternoon,2026-09-28 16:00:00+00:00,7,127.50440694712692,8.33,-119.17440694712693,-76.2106012820376,51.29380566508932
2,20260921T132505Z-92dad8b6,2026-09-21 13:25:05+00:00,afternoon,2026-09-28 17:00:00+00:00,7,122.4751908531378,8.56,-113.9151908531378,-76.94544025264995,45.52975060048786
2,20260921T132505Z-92dad8b6,2026-09-21 13:25:05+00:00,afternoon,2026-09-28 18:00:00+00:00,7,111.40890521564972,6.43,-104.97890521564972,-70.12671128372638,41.282193931923345
2,20260921T132505Z-92dad8b6,2026-09-21 13:25:05+00:00,afternoon,2026-09-28 19:00:00+00:00,7,104.7740469184273,5.7,-99.0740469184273,-69.89960831016607,34.87443860826123
2,20260921T132505Z-92dad8b6,2026-09-21 13:25:05+00:00,afternoon,2026-09-28 20:00:00+00:00,7,90.12754043177866,9.04,-81.08754043177865,-46.68413653403242,43.44340389774624
2,20260921T132505Z-92dad8b6,2026-09-21 13:25:05+00:00,afternoon,2026-09-28 21:00:00+00:00,8,76.43645548107271,5.29,-71.1464554810727,-56.9963729515433,19.440082529529413
2,20260921T132505Z-92dad8b6,2026-09-21 13:25:05+00:00,afternoon,2026-09-28 22:00:00+00:00,8,82.66941140302293,5.0,-77.66941140302293,-39.951416834161556,42.71799456886138
2,20260921T132505Z-92dad8b6,2026-09-21 13:25:05+00:00,afternoon,2026-09-28 23:00:00+00:00,8,78.70532014963595,4.0,-74.70532014963595,-34.0621910975146,44.64312905212135
2,20260921T132505Z-92dad8b6,2026-09-21 13:25:05+00:00,afternoon,2026-09-29 00:00:00+00:00,8,78.29242756729015,5.02,-73.27242756729015,-33.94010524794342,44.352322319346726
2,20260921T132505Z-92dad8b6,2026-09-21 13:25:05+00:00,afternoon,2026-09-29 01:00:00+00:00,8,78.88023626485673,7.38,-71.50023626485674,-33.65965532554738,45.22058093930936
2,20260921T132505Z-92dad8b6,2026-09-21 13:25:05+00:00,afternoon,2026-09-29 02:00:00+00:00,8,79.43793577078277,9.03,-70.40793577078277,-36.50541106710992,42.932524703672854
2,20260921T132505Z-92dad8b6,2026-09-21 13:25:05+00:00,afternoon,2026-09-29 03:00:00+00:00,8,87.49234402761292,21.79,-65.70234402761292,-24.835250719780355,62.65709330783256
2,20260921T132505Z-92dad8b6,2026-09-21 13:25:05+00:00,afternoon,2026-09-29 04:00:00+00:00,8,104.6487286355768,22.06,-82.5887286355768,-44.51518902261475,60.13353961296205
2,20260921T132505Z-92dad8b6,2026-09-21 13:25:05+00:00,afternoon,2026-09-29 05:00:00+00:00,8,119.04112311470736,39.91,-79.13112311470736,-55.91584507283863,63.12527804186873
2,20260921T132505Z-92dad8b6,2026-09-21 13:25:05+00:00,afternoon,2026-09-29 06:00:00+00:00,8,121.38738965534591,89.88,-31.507389655345918,-64.86776510560969,56.51962454973622
2,20260921T132505Z-92dad8b6,2026-09-21 13:25:05+00:00,afternoon,2026-09-29 07:00:00+00:00,8,115.97534668069736,93.85,-22.125346680697362,-63.073254610095304,52.90209207060205
2,20260921T132505Z-92dad8b6,2026-09-21 13:25:05+00:00,afternoon,2026-09-29 08:00:00+00:00,8,109.32795041552627,114.2,4.872049584473729,-57.40251034486775,51.925440070658524
2,20260921T132505Z-92dad8b6,2026-09-21 13:25:05+00:00,afternoon,2026-09-29 09:00:00+00:00,8,102.87486431852626,110.26,7.385135681473741,-63.06973379747889,39.805130521047374
2,20260921T132505Z-92dad8b6,2026-09-21 13:25:05+00:00,afternoon,2026-09-29 10:00:00+00:00,8,101.2459156997914,105.26,4.014084300208609,-67.97068215543347,33.27523354435793
2,20260921T132505Z-92dad8b6,2026-09-21 13:25:05+00:00,afternoon,2026-09-29 11:00:00+00:00,8,99.99686162486113,98.44,-1.5568616248611278,-73.63153653232465,26.36532509253648
2,20260921T132505Z-92dad8b6,2026-09-21 13:25:05+00:00,afternoon,2026-09-29 12:00:00+00:00,8,101.57302893422283,98.33,-3.243028934222835,-73.46740394041576,28.10562499380707
2,20260921T132505Z-92dad8b6,2026-09-21 13:25:05+00:00,afternoon,2026-09-29 13:00:00+00:00,8,105.97265661307958,103.95,-2.022656613079576,-75.5944348194298,30.378221793649786
2,20260921T132505Z-92dad8b6,2026-09-21 13:25:05+00:00,afternoon,2026-09-29 14:00:00+00:00,8,112.77259291999631,108.8,-3.972592919996316,-87.72255732542672,25.050035594569593
2,20260921T132505Z-92dad8b6,2026-09-21 13:25:05+00:00,afternoon,2026-09-29 15:00:00+00:00,8,124.70278078685686,124.08,-0.6227807868568647,-93.24629632963254,31.45648445722432
2,20260921T132505Z-92dad8b6,2026-09-21 13:25:05+00:00,afternoon,2026-09-29 16:00:00+00:00,8,131.75019006180167,115.85,-15.90019006180168,-99.18335275115837,32.56683731064331
2,20260921T132505Z-92dad8b6,2026-09-21 13:25:05+00:00,afternoon,2026-09-29 17:00:00+00:00,8,124.40788003934948,57.39,-67.01788003934948,-94.50872525502973,29.899154784319748
2,20260921T132505Z-92dad8b6,2026-09-21 13:25:05+00:00,afternoon,2026-09-29 18:00:00+00:00,8,113.49552763997626,56.25,-57.24552763997626,-87.53595797316764,25.95956966680862
2,20260921T132505Z-92dad8b6,2026-09-21 13:25:05+00:00,afternoon,2026-09-29 19:00:00+00:00,8,110.61134816023078,28.49,-82.12134816023078,-90.09099441318358,20.520353747047196
2,20260921T132505Z-92dad8b6,2026-09-21 13:25:05+00:00,afternoon,2026-09-29 20:00:00+00:00,8,97.54738409214433,39.0,-58.54738409214433,-83.68240509416744,13.864978997976891
2,20260921T132505Z-92dad8b6,2026-09-21 13:25:05+00:00,afternoon,2026-09-29 21:00:00+00:00,9,85.68344395663847,38.75,-46.93344395663847,-78.09664958386271,7.586794372775756
2,20260921T132505Z-92dad8b6,2026-09-21 13:25:05+00:00,afternoon,2026-09-29 22:00:00+00:00,9,93.0322858297372,40.56,-52.4722858297372,-89.7592823393009,3.2730034904363094
2,20260921T132505Z-92dad8b6,2026-09-21 13:25:05+00:00,afternoon,2026-09-29 23:00:00+00:00,9,89.7661604545978,43.18,-46.586160454597795,-87.73456393735111,2.031596517246683
2,20260921T132505Z-92dad8b6,2026-09-21 13:25:05+00:00,afternoon,2026-09-30 00:00:00+00:00,9,89.10189297411972,52.32,-36.78189297411972,-86.28700390093792,2.814889073181803
2,20260921T132505Z-92dad8b6,2026-09-21 13:25:05+00:00,afternoon,2026-09-30 01:00:00+00:00,9,92.00812480313648,61.7,-30.30812480313648,-87.957094266873,4.051030536263482
2,20260921T132505Z-92dad8b6,2026-09-21 13:25:05+00:00,afternoon,2026-09-30 02:00:00+00:00,9,95.37460062219412,82.08,-13.294600622194125,-86.77400755712789,8.600593065066235
2,20260921T132505Z-92dad8b6,2026-09-21 13:25:05+00:00,afternoon,2026-09-30 03:00:00+00:00,9,103.18830065818648,107.3,4.1116993418135195,-96.97319883584512,6.215101822341353
2,20260921T132505Z-92dad8b6,2026-09-21 13:25:05+00:00,afternoon,2026-09-30 04:00:00+00:00,9,117.75098740924828,154.8,37.04901259075173,-105.71579173035107,12.03519567889721
2,20260921T132505Z-92dad8b6,2026-09-21 13:25:05+00:00,afternoon,2026-09-30 05:00:00+00:00,9,128.30757249779566,197.27,68.96242750220435,-112.87302806065972,15.43454443713594
2,20260921T132505Z-92dad8b6,2026-09-21 13:25:05+00:00,afternoon,2026-09-30 06:00:00+00:00,9,130.22397284339823,210.56,80.33602715660177,-112.08760622045206,18.13636662294617
2,20260921T132505Z-92dad8b6,2026-09-21 13:25:05+00:00,afternoon,2026-09-30 07:00:00+00:00,9,125.44597894991657,240.26,114.81402105008343,-106.88086770043374,18.565111249482825
2,20260921T132505Z-92dad8b6,2026-09-21 13:25:05+00:00,afternoon,2026-09-30 08:00:00+00:00,9,117.8110882819784,149.94,32.1289117180216,-99.44924167733689,18.361846604641514
2,20260921T132505Z-92dad8b6,2026-09-21 13:25:05+00:00,afternoon,2026-09-30 09:00:00+00:00,9,110.4585862865077,116.87,6.411413713492308,-93.11293077849159,17.345655508016108
2,20260921T132505Z-92dad8b6,2026-09-21 13:25:05+00:00,afternoon,2026-09-30 10:00:00+00:00,9,109.3187649010103,113.71,4.391235098989696,-90.58053557163036,18.738229329379934
2,20260921T132505Z-92dad8b6,2026-09-21 13:25:05+00:00,afternoon,2026-09-30 11:00:00+00:00,9,105.22607196636363,108.27,3.0439280336363623,-97.52047221889732,7.705599747466309
2,20260921T132505Z-92dad8b6,2026-09-21 13:25:05+00:00,afternoon,2026-09-30 12:00:00+00:00,9,104.97087601332387,105.94,0.9691239866761236,-97.94377824857152,7.027097764752355
2,20260921T132505Z-92dad8b6,2026-09-21 13:25:05+00:00,afternoon,2026-09-30 13:00:00+00:00,9,107.27950850988134,99.94,-7.339508509881341,-99.51913428769292,7.7603742221884175
2,20260921T132505Z-92dad8b6,2026-09-21 13:25:05+00:00,afternoon,2026-09-30 14:00:00+00:00,9,115.16561677065503,150.0,34.834383229344965,-105.86123022284937,9.304386547805663
2,20260921T132505Z-92dad8b6,2026-09-21 13:25:05+00:00,afternoon,2026-09-30 15:00:00+00:00,9,126.8314086439014,244.81,117.9785913560986,-114.33364547576804,12.49776316813336
2,20260921T132505Z-92dad8b6,2026-09-21 13:25:05+00:00,afternoon,2026-09-30 16:00:00+00:00,9,130.6104858392892,213.28,82.6695141607108,-113.75081657925753,16.859669260031666
2,20260921T132505Z-92dad8b6,2026-09-21 13:25:05+00:00,afternoon,2026-09-30 17:00:00+00:00,9,121.12224037296868,229.71,108.58775962703133,-107.60040869464602,13.521831678322656
2,20260921T132505Z-92dad8b6,2026-09-21 13:25:05+00:00,afternoon,2026-09-30 18:00:00+00:00,9,107.58171693649254,245.84,138.25828306350746,-106.93500075598509,0.6467161805074539
2,20260921T132505Z-92dad8b6,2026-09-21 13:25:05+00:00,afternoon,2026-09-30 19:00:00+00:00,9,99.76399284593616,186.88,87.11600715406384,-101.62141794678432,-1.857425100848161
2,20260921T132505Z-92dad8b6,2026-09-21 13:25:05+00:00,afternoon,2026-09-30 20:00:00+00:00,9,84.77884479113833,102.71,17.931155208861668,-87.48085959494269,-2.70201480380436
2,20260921T132505Z-92dad8b6,2026-09-21 13:25:05+00:00,afternoon,2026-09-30 21:00:00+00:00,10,72.21523845821247,51.09,-21.125238458212465,-55.98127212207054,16.233966336141926
2,20260922T032817Z-dc867067,2026-09-22 03:28:17+00:00,morning,2026-09-22 21:00:00+00:00,1,56.86169334702432,101.7,44.83830665297568,-5.009759293338497,51.851934053685824
2,20260922T032817Z-dc867067,2026-09-22 03:28:17+00:00,morning,2026-09-22 22:00:00+00:00,1,61.5419206197516,136.26,74.71807938024838,-0.22513333262603485,61.316787287125564
2,20260922T032817Z-dc867067,2026-09-22 03:28:17+00:00,morning,2026-09-22 23:00:00+00:00,1,54.72485243793341,124.31,69.5851475620666,4.943822587499286,59.66867502543269
2,20260922T032817Z-dc867067,2026-09-22 03:28:17+00:00,morning,2026-09-23 00:00:00+00:00,1,50.85026779483553,123.74,72.88973220516446,5.209784396146355,56.060052190981885
2,20260922T032817Z-dc867067,2026-09-22 03:28:17+00:00,morning,2026-09-23 01:00:00+00:00,1,51.90471779483553,102.58,50.67528220516447,1.0424115661440876,52.947129360979616
2,20260922T032817Z-dc867067,2026-09-22 03:28:17+00:00,morning,2026-09-23 02:00:00+00:00,1,53.711417794835526,102.57,48.85858220516447,-4.560753921738933,49.15066387309659
2,20260922T032817Z-dc867067,2026-09-22 03:28:17+00:00,morning,2026-09-23 03:00:00+00:00,1,67.33205698338794,133.32,65.98794301661205,-12.65849961572455,54.67355736766339
2,20260922T032817Z-dc867067,2026-09-22 03:28:17+00:00,morning,2026-09-23 04:00:00+00:00,1,88.29797082684699,157.85,69.552029173153,-59.12268218027821,29.17528864656878
2,20260922T032817Z-dc867067,2026-09-22 03:28:17+00:00,morning,2026-09-23 05:00:00+00:00,1,101.66683446321063,169.2,67.53316553678935,-69.65063922834722,32.01619523486342
2,20260922T032817Z-dc867067,2026-09-22 03:28:17+00:00,morning,2026-09-23 06:00:00+00:00,1,103.31476628139244,177.54,74.22523371860756,-78.49588959266296,24.818876688729475
2,20260922T032817Z-dc867067,2026-09-22 03:28:17+00:00,morning,2026-09-23 07:00:00+00:00,1,96.45035719048336,170.34,73.88964280951664,-78.91924232379971,17.53111486668365
2,20260922T032817Z-dc867067,2026-09-22 03:28:17+00:00,morning,2026-09-23 08:00:00+00:00,1,87.21206173593788,152.65,65.43793826406213,-65.29946900645808,21.912592729479798
2,20260922T032817Z-dc867067,2026-09-22 03:28:17+00:00,morning,2026-09-23 09:00:00+00:00,1,77.62842537230154,135.29,57.66157462769846,-39.52081520650804,38.107610165793496
2,20260922T032817Z-dc867067,2026-09-22 03:28:17+00:00,morning,2026-09-23 10:00:00+00:00,1,74.50072082684696,128.59,54.089279173153045,-35.20534027002984,39.295380556817115
2,20260922T032817Z-dc867067,2026-09-22 03:28:17+00:00,morning,2026-09-23 11:00:00+00:00,1,72.35549355411972,121.9,49.54450644588029,-26.67409093095052,45.6814026231692
2,20260922T032817Z-dc867067,2026-09-22 03:28:17+00:00,morning,2026-09-23 12:00:00+00:00,1,73.97201628139244,121.77,47.797983718607554,-32.13548588543192,41.83653039596052
2,20260922T032817Z-dc867067,2026-09-22 03:28:17+00:00,morning,2026-09-23 13:00:00+00:00,1,79.51110719048336,123.39,43.87889280951664,-51.97102873540222,27.540078455081137
2,20260922T032817Z-dc867067,2026-09-22 03:28:17+00:00,morning,2026-09-23 14:00:00+00:00,1,88.11224355411973,132.85,44.737756445880265,-73.06400142561976,15.048242128499965
2,20260922T032817Z-dc867067,2026-09-22 03:28:17+00:00,morning,2026-09-23 15:00:00+00:00,1,101.47556173593792,161.44,59.96443826406208,-98.77254181420194,2.7030199217359723
2,20260922T032817Z-dc867067,2026-09-22 03:28:17+00:00,morning,2026-09-23 16:00:00+00:00,1,105.07574575324531,201.7,96.62425424675467,-103.2922641025534,1.7834816506919111
2,20260922T032817Z-dc867067,2026-09-22 03:28:17+00:00,morning,2026-09-23 17:00:00+00:00,1,95.3042546611285,154.84,59.53574533887151,-92.66695490734655,2.637299753781946
2,20260922T032817Z-dc867067,2026-09-22 03:28:17+00:00,morning,2026-09-23 18:00:00+00:00,1,78.46591894844809,147.72,69.2540810515519,-81.20760810804731,-2.7416891595992183
2,20260922T032817Z-dc867067,2026-09-22 03:28:17+00:00,morning,2026-09-23 19:00:00+00:00,1,72.67815415847188,70.09,-2.5881541584718804,-46.753793167320104,25.92436099115178
2,20260922T032817Z-dc867067,2026-09-22 03:28:17+00:00,morning,2026-09-23 20:00:00+00:00,1,54.92361779483552,39.04,-15.883617794835523,-27.992881304198537,26.930736490636985
2,20260922T032817Z-dc867067,2026-09-22 03:28:17+00:00,morning,2026-09-23 21:00:00+00:00,2,42.45442234029007,35.5,-6.954422340290073,-9.9379215860577,32.516500754232375
2,20260922T032817Z-dc867067,2026-09-22 03:28:17+00:00,morning,2026-09-23 22:00:00+00:00,2,49.965299613017336,101.35,51.38470038698266,-11.49948061628726,38.46581899673008
2,20260922T032817Z-dc867067,2026-09-22 03:28:17+00:00,morning,2026-09-23 23:00:00+00:00,2,46.10588143119916,103.88,57.77411856880084,-12.607457333646,33.498424097553155
2,20260922T032817Z-dc867067,2026-09-22 03:28:17+00:00,morning,2026-09-24 00:00:00+00:00,2,44.69531779483553,110.9,66.20468220516447,-12.663397109783176,32.031920685052356
2,20260922T032817Z-dc867067,2026-09-22 03:28:17+00:00,morning,2026-09-24 01:00:00+00:00,2,47.52441779483553,100.73,53.205582205164475,-14.448623248609636,33.07579454622589
2,20260922T032817Z-dc867067,2026-09-22 03:28:17+00:00,morning,2026-09-24 02:00:00+00:00,2,50.09551779483553,97.77,47.674482205164466,-13.072512330788754,37.023005464046776
2,20260922T032817Z-dc867067,2026-09-22 03:28:17+00:00,morning,2026-09-24 03:00:00+00:00,2,62.9354859766537,106.85,43.91451402334629,-25.769116666758496,37.1663693098952
2,20260922T032817Z-dc867067,2026-09-22 03:28:17+00:00,morning,2026-09-24 04:00:00+00:00,2,86.71672082684698,119.34,32.62327917315302,-77.1312995609188,9.585421265928176
2,20260922T032817Z-dc867067,2026-09-22 03:28:17+00:00,morning,2026-09-24 05:00:00+00:00,2,104.6960844632106,173.34,68.64391553678941,-73.53080052249152,31.16528394071908
2,20260922T032817Z-dc867067,2026-09-22 03:28:17+00:00,morning,2026-09-24 06:00:00+00:00,2,108.77976628139244,227.37,118.59023371860756,-72.08783161979301,36.69193466159943
2,20260922T032817Z-dc867067,2026-09-22 03:28:17+00:00,morning,2026-09-24 07:00:00+00:00,2,103.70710719048336,202.47,98.76289280951664,-69.74883130497662,33.95827588550674
2,20260922T032817Z-dc867067,2026-09-22 03:28:17+00:00,morning,2026-09-24 08:00:00+00:00,2,93.70606173593792,173.02,79.31393826406209,-58.7204340350245,34.98562770091342
2,20260922T032817Z-dc867067,2026-09-22 03:28:17+00:00,morning,2026-09-24 09:00:00+00:00,2,80.61267537230152,170.98,90.36732462769847,-38.506244876389225,42.1064304959123
2,20260922T032817Z-dc867067,2026-09-22 03:28:17+00:00,morning,2026-09-24 10:00:00+00:00,2,75.96572082684699,137.68,61.71427917315302,-31.957148965605583,44.00857186124141
2,20260922T032817Z-dc867067,2026-09-22 03:28:17+00:00,morning,2026-09-24 11:00:00+00:00,2,70.26974355411973,145.76,75.49025644588026,-33.56217208470368,36.707571469416045
2,20260922T032817Z-dc867067,2026-09-22 03:28:17+00:00,morning,2026-09-24 12:00:00+00:00,2,68.46301628139244,140.03,71.56698371860756,-38.66615934776433,29.796856933628113
2,20260922T032817Z-dc867067,2026-09-22 03:28:17+00:00,morning,2026-09-24 13:00:00+00:00,2,71.06860719048335,137.74,66.67139280951666,-55.562921540989066,15.505685649494282
2,20260922T032817Z-dc867067,2026-09-22 03:28:17+00:00,morning,2026-09-24 14:00:00+00:00,2,79.28274355411972,127.6,48.317256445880275,-77.00293948000501,2.2798040741147076
2,20260922T032817Z-dc867067,2026-09-22 03:28:17+00:00,morning,2026-09-24 15:00:00+00:00,2,95.11632064636548,140.0,44.88367935363452,-96.52927808514245,-1.4129574387769708
2,20260922T032817Z-dc867067,2026-09-22 03:28:17+00:00,morning,2026-09-24 16:00:00+00:00,2,102.9852204110974,157.48,54.49477958890259,-87.53827019979286,15.44695021130454
2,20260922T032817Z-dc867067,2026-09-22 03:28:17+00:00,morning,2026-09-24 17:00:00+00:00,2,95.71222024005212,176.21,80.49777975994789,-85.35720429799338,10.355015942058742
2,20260922T032817Z-dc867067,2026-09-22 03:28:17+00:00,morning,2026-09-24 18:00:00+00:00,2,79.42370870392642,161.52,82.09629129607359,-73.06586555042136,6.357843153505058
2,20260922T032817Z-dc867067,2026-09-22 03:28:17+00:00,morning,2026-09-24 19:00:00+00:00,2,72.51615415847189,130.03,57.51384584152811,-46.87253416498368,25.64361999348821
2,20260922T032817Z-dc867067,2026-09-22 03:28:17+00:00,morning,2026-09-24 20:00:00+00:00,2,53.37816779483551,93.8,40.421832205164485,-26.001667509287724,27.376500285547788
2,20260922T032817Z-dc867067,2026-09-22 03:28:17+00:00,morning,2026-09-24 21:00:00+00:00,3,39.34432234029006,49.03,9.685677659709938,-6.30828779383787,33.03603454645219
2,20260922T032817Z-dc867067,2026-09-22 03:28:17+00:00,morning,2026-09-24 22:00:00+00:00,3,45.432749613017336,34.99,-10.442749613017334,-10.279389213461474,35.153360399555865
2,20260922T032817Z-dc867067,2026-09-22 03:28:17+00:00,morning,2026-09-24 23:00:00+00:00,3,40.66928143119916,33.0,-7.66928143119916,-6.605367265172257,34.063914166026905
2,20260922T032817Z-dc867067,2026-09-22 03:28:17+00:00,morning,2026-09-25 00:00:00+00:00,3,39.03116779483553,34.14,-4.891167794835532,-7.09104111338595,31.940126681449584
2,20260922T032817Z-dc867067,2026-09-22 03:28:17+00:00,morning,2026-09-25 01:00:00+00:00,3,41.82921779483553,35.0,-6.829217794835529,-7.7574709586753094,34.071746836160216
2,20260922T032817Z-dc867067,2026-09-22 03:28:17+00:00,morning,2026-09-25 02:00:00+00:00,3,44.65996779483552,29.99,-14.669967794835518,-7.995863109427628,36.66410468540789
2,20260922T032817Z-dc867067,2026-09-22 03:28:17+00:00,morning,2026-09-25 03:00:00+00:00,3,57.451935976653694,32.15,-25.301935976653695,-25.12122913411774,32.33070684253595
2,20260922T032817Z-dc867067,2026-09-22 03:28:17+00:00,morning,2026-09-25 04:00:00+00:00,3,74.80077103368627,30.09,-44.71077103368627,-55.210604423832905,19.59016660985337
2,20260922T032817Z-dc867067,2026-09-22 03:28:17+00:00,morning,2026-09-25 05:00:00+00:00,3,90.16502050354332,41.51,-48.65502050354332,-69.98065620832445,20.18436429521887
2,20260922T032817Z-dc867067,2026-09-22 03:28:17+00:00,morning,2026-09-25 06:00:00+00:00,3,95.2520264735946,50.0,-45.2520264735946,-67.0807274606456,28.171299012948992
2,20260922T032817Z-dc867067,2026-09-22 03:28:17+00:00,morning,2026-09-25 07:00:00+00:00,3,91.83029296843957,69.41,-22.42029296843957,-66.85186902007058,24.978423948368984
2,20260922T032817Z-dc867067,2026-09-22 03:28:17+00:00,morning,2026-09-25 08:00:00+00:00,3,81.6450861267156,115.48,33.83491387328441,-52.48611274145028,29.15897338526532
2,20260922T032817Z-dc867067,2026-09-22 03:28:17+00:00,morning,2026-09-25 09:00:00+00:00,3,72.68588880831506,138.0,65.31411119168494,-33.175609596557784,39.51027921175727
2,20260922T032817Z-dc867067,2026-09-22 03:28:17+00:00,morning,2026-09-25 10:00:00+00:00,3,69.35116311220695,117.7,48.348836887793055,-27.324906933846748,42.0262561783602
2,20260922T032817Z-dc867067,2026-09-22 03:28:17+00:00,morning,2026-09-25 11:00:00+00:00,3,67.11636661931287,102.12,35.003633380687134,-29.081049950760523,38.03531666855235
2,20260922T032817Z-dc867067,2026-09-22 03:28:17+00:00,morning,2026-09-25 12:00:00+00:00,3,67.11646540507829,74.67,7.5535345949217145,-33.94119917240459,33.1752662326737
2,20260922T032817Z-dc867067,2026-09-22 03:28:17+00:00,morning,2026-09-25 13:00:00+00:00,3,73.86604564818842,72.56,-1.306045648188416,-58.576883982469305,15.289161665719114
2,20260922T032817Z-dc867067,2026-09-22 03:28:17+00:00,morning,2026-09-25 14:00:00+00:00,3,83.43911468572512,96.66,13.22088531427488,-71.25639382105099,12.182720864674124
2,20260922T032817Z-dc867067,2026-09-22 03:28:17+00:00,morning,2026-09-25 15:00:00+00:00,3,100.61586870510476,92.14,-8.475868705104759,-88.13447032352731,12.48139838157745
2,20260922T032817Z-dc867067,2026-09-22 03:28:17+00:00,morning,2026-09-25 16:00:00+00:00,3,108.2445169091815,69.02,-39.2245169091815,-78.7525864338729,29.491930475308592
2,20260922T032817Z-dc867067,2026-09-22 03:28:17+00:00,morning,2026-09-25 17:00:00+00:00,3,100.9196449948997,66.57,-34.349644994899705,-76.33642384981569,24.58322114508401
2,20260922T032817Z-dc867067,2026-09-22 03:28:17+00:00,morning,2026-09-25 18:00:00+00:00,3,84.26574014747347,49.47,-34.79574014747347,-63.83578841516827,20.4299517323052
2,20260922T032817Z-dc867067,2026-09-22 03:28:17+00:00,morning,2026-09-25 19:00:00+00:00,3,77.15649476475559,35.84,-41.31649476475559,-42.29079134049499,34.8657034242606
2,20260922T032817Z-dc867067,2026-09-22 03:28:17+00:00,morning,2026-09-25 20:00:00+00:00,3,58.71209016963542,37.18,-21.532090169635417,-18.02132275535629,40.69076741427912
2,20260922T032817Z-dc867067,2026-09-22 03:28:17+00:00,morning,2026-09-25 21:00:00+00:00,4,43.6360185139976,34.32,-9.316018513997598,-25.81771391277418,17.818304601223417
2,20260922T032817Z-dc867067,2026-09-22 03:28:17+00:00,morning,2026-09-25 22:00:00+00:00,4,50.14272781080012,25.0,-25.142727810800118,-34.720497454932485,15.422230355867633
2,20260922T032817Z-dc867067,2026-09-22 03:28:17+00:00,morning,2026-09-25 23:00:00+00:00,4,45.627693289321975,25.88,-19.747693289321976,-27.37348808764727,18.254205201674704
2,20260922T032817Z-dc867067,2026-09-22 03:28:17+00:00,morning,2026-09-26 00:00:00+00:00,4,43.443202381825856,28.82,-14.623202381825855,-28.817619049160843,14.625583332665013
2,20260922T032817Z-dc867067,2026-09-22 03:28:17+00:00,morning,2026-09-26 01:00:00+00:00,4,45.46932942892241,29.24,-16.22932942892241,-30.842269373310035,14.627060055612372
2,20260922T032817Z-dc867067,2026-09-22 03:28:17+00:00,morning,2026-09-26 02:00:00+00:00,4,46.31690098007095,29.1,-17.216900980070946,-37.798109361236726,8.518791618834221
2,20260922T032817Z-dc867067,2026-09-22 03:28:17+00:00,morning,2026-09-26 03:00:00+00:00,4,55.69915812040209,30.15,-25.54915812040209,-49.44596697951411,6.253191140887978
2,20260922T032817Z-dc867067,2026-09-22 03:28:17+00:00,morning,2026-09-26 04:00:00+00:00,4,74.48398272619897,32.29,-42.193982726198975,-70.69074299771562,3.793239728483357
2,20260922T032817Z-dc867067,2026-09-22 03:28:17+00:00,morning,2026-09-26 05:00:00+00:00,4,88.4413085834682,30.89,-57.5513085834682,-86.51274793123444,1.928560652233756
2,20260922T032817Z-dc867067,2026-09-22 03:28:17+00:00,morning,2026-09-26 06:00:00+00:00,4,92.72032901612876,32.97,-59.75032901612876,-87.7586873209205,4.961641695208257
2,20260922T032817Z-dc867067,2026-09-22 03:28:17+00:00,morning,2026-09-26 07:00:00+00:00,4,88.89710516328671,34.57,-54.32710516328671,-85.22554133082556,3.671563832461146
2,20260922T032817Z-dc867067,2026-09-22 03:28:17+00:00,morning,2026-09-26 08:00:00+00:00,4,79.10643509047352,42.99,-36.11643509047352,-79.80133352713186,-0.6948984366583346
2,20260922T032817Z-dc867067,2026-09-22 03:28:17+00:00,morning,2026-09-26 09:00:00+00:00,4,71.57854431245049,43.03,-28.54854431245049,-69.10106858983411,2.4774757226163757
2,20260922T032817Z-dc867067,2026-09-22 03:28:17+00:00,morning,2026-09-26 10:00:00+00:00,4,68.07987335829047,29.23,-38.849873358290466,-68.1723097366125,-0.09243637832203433
2,20260922T032817Z-dc867067,2026-09-22 03:28:17+00:00,morning,2026-09-26 11:00:00+00:00,4,65.61842468459233,19.42,-46.198424684592325,-62.98292123570213,2.635503448890198
2,20260922T032817Z-dc867067,2026-09-22 03:28:17+00:00,morning,2026-09-26 12:00:00+00:00,4,66.97293536043749,13.29,-53.68293536043749,-62.94146390974553,4.03147145069196
2,20260922T032817Z-dc867067,2026-09-22 03:28:17+00:00,morning,2026-09-26 13:00:00+00:00,4,72.93543462928794,22.59,-50.345434629287936,-70.31182624617486,2.62360838311308
2,20260922T032817Z-dc867067,2026-09-22 03:28:17+00:00,morning,2026-09-26 14:00:00+00:00,4,81.91870018551515,24.99,-56.928700185515154,-78.01958333471731,3.8991168507978387
2,20260922T032817Z-dc867067,2026-09-22 03:28:17+00:00,morning,2026-09-26 15:00:00+00:00,4,99.09975567927884,28.93,-70.16975567927884,-90.32346185699558,8.776293822283264
2,20260922T032817Z-dc867067,2026-09-22 03:28:17+00:00,morning,2026-09-26 16:00:00+00:00,4,107.04329453344546,39.97,-67.07329453344546,-84.49763671558291,22.545657817862548
2,20260922T032817Z-dc867067,2026-09-22 03:28:17+00:00,morning,2026-09-26 17:00:00+00:00,4,97.58952225637908,38.03,-59.55952225637908,-81.96832602830911,15.621196228069977
2,20260922T032817Z-dc867067,2026-09-22 03:28:17+00:00,morning,2026-09-26 18:00:00+00:00,4,82.75310184497677,34.42,-48.33310184497677,-73.64155850390522,9.111543341071553
2,20260922T032817Z-dc867067,2026-09-22 03:28:17+00:00,morning,2026-09-26 19:00:00+00:00,4,76.09179353630877,21.72,-54.37179353630877,-58.46785266090596,17.62394087540281
2,20260922T032817Z-dc867067,2026-09-22 03:28:17+00:00,morning,2026-09-26 20:00:00+00:00,4,58.4394936242237,19.49,-38.949493624223706,-38.28701083637536,20.152482787848342
2,20260922T032817Z-dc867067,2026-09-22 03:28:17+00:00,morning,2026-09-26 21:00:00+00:00,5,45.89575042462052,15.83,-30.065750424620525,-24.37074759577039,21.525002828850134
2,20260922T032817Z-dc867067,2026-09-22 03:28:17+00:00,morning,2026-09-26 22:00:00+00:00,5,52.04051380052125,13.08,-38.960513800521255,-34.427394616816386,17.613119183704868
2,20260922T032817Z-dc867067,2026-09-22 03:28:17+00:00,morning,2026-09-26 23:00:00+00:00,5,48.22998782434875,17.76,-30.469987824348745,-31.803415422902315,16.426572401446432
2,20260922T032817Z-dc867067,2026-09-22 03:28:17+00:00,morning,2026-09-27 00:00:00+00:00,5,46.60484803228839,14.3,-32.30484803228839,-27.98475686369522,18.620091168593166
2,20260922T032817Z-dc867067,2026-09-22 03:28:17+00:00,morning,2026-09-27 01:00:00+00:00,5,48.92025591905086,12.81,-36.11025591905086,-33.23699358877299,15.68326233027787
2,20260922T032817Z-dc867067,2026-09-22 03:28:17+00:00,morning,2026-09-27 02:00:00+00:00,5,49.81503285964552,10.74,-39.07503285964552,-36.12798646722639,13.687046392419127
2,20260922T032817Z-dc867067,2026-09-22 03:28:17+00:00,morning,2026-09-27 03:00:00+00:00,5,59.1175123884584,9.99,-49.1275123884584,-48.90292068654219,10.214591701916213
2,20260922T032817Z-dc867067,2026-09-22 03:28:17+00:00,morning,2026-09-27 04:00:00+00:00,5,77.71978496408177,9.7,-68.01978496408177,-75.14643424479767,2.573350719284093
2,20260922T032817Z-dc867067,2026-09-22 03:28:17+00:00,morning,2026-09-27 05:00:00+00:00,5,92.7543362394535,10.0,-82.7543362394535,-88.6425028680565,4.1118333713969974
2,20260922T032817Z-dc867067,2026-09-22 03:28:17+00:00,morning,2026-09-27 06:00:00+00:00,5,97.36041509650302,9.99,-87.37041509650302,-89.91168861158333,7.448726484919689
2,20260922T032817Z-dc867067,2026-09-22 03:28:17+00:00,morning,2026-09-27 07:00:00+00:00,5,92.75395822533736,39.62,-53.13395822533736,-91.72286091171836,1.031097313619
2,20260922T032817Z-dc867067,2026-09-22 03:28:17+00:00,morning,2026-09-27 08:00:00+00:00,5,83.1522840622131,29.81,-53.342284062213096,-86.43794933655474,-3.285665274341639
2,20260922T032817Z-dc867067,2026-09-22 03:28:17+00:00,morning,2026-09-27 09:00:00+00:00,5,73.03303532179417,19.49,-53.54303532179418,-72.55899377162844,0.4740415501657367
2,20260922T032817Z-dc867067,2026-09-22 03:28:17+00:00,morning,2026-09-27 10:00:00+00:00,5,69.0406573625314,19.49,-49.55065736253141,-70.29568955155032,-1.2550321890189196
2,20260922T032817Z-dc867067,2026-09-22 03:28:17+00:00,morning,2026-09-27 11:00:00+00:00,5,65.80467526971775,19.9,-45.90467526971775,-65.77322064448181,0.03145462523593778
2,20260922T032817Z-dc867067,2026-09-22 03:28:17+00:00,morning,2026-09-27 12:00:00+00:00,5,66.59145158841181,16.35,-50.24145158841181,-65.76260003360957,0.8288515548022417
2,20260922T032817Z-dc867067,2026-09-22 03:28:17+00:00,morning,2026-09-27 13:00:00+00:00,5,72.2418535571815,19.99,-52.251853557181505,-71.39013172919897,0.85172182798253
2,20260922T032817Z-dc867067,2026-09-22 03:28:17+00:00,morning,2026-09-27 14:00:00+00:00,5,81.83499940194353,21.99,-59.84499940194354,-82.08807286390491,-0.25307346196137814
2,20260922T032817Z-dc867067,2026-09-22 03:28:17+00:00,morning,2026-09-27 15:00:00+00:00,5,98.2032875463946,38.73,-59.47328754639461,-91.82079819605963,6.382489350334978
2,20260922T032817Z-dc867067,2026-09-22 03:28:17+00:00,morning,2026-09-27 16:00:00+00:00,5,104.92240267683812,47.2,-57.722402676838115,-84.38493486802157,20.537467808816544
2,20260922T032817Z-dc867067,2026-09-22 03:28:17+00:00,morning,2026-09-27 17:00:00+00:00,5,94.47831807532354,43.76,-50.718318075323545,-82.95790090856268,11.520417166760865
2,20260922T032817Z-dc867067,2026-09-22 03:28:17+00:00,morning,2026-09-27 18:00:00+00:00,5,79.40353692835457,37.3,-42.10353692835457,-72.51907657416199,6.8844603541925835
2,20260922T032817Z-dc867067,2026-09-22 03:28:17+00:00,morning,2026-09-27 19:00:00+00:00,5,75.4895178191198,33.57,-41.9195178191198,-52.558361660025554,22.931156159094243
2,20260922T032817Z-dc867067,2026-09-22 03:28:17+00:00,morning,2026-09-27 20:00:00+00:00,5,58.76719765578198,32.18,-26.587197655781978,-39.7318992881107,19.03529836767128
2,20260922T032817Z-dc867067,2026-09-22 03:28:17+00:00,morning,2026-09-27 21:00:00+00:00,6,47.43160010960229,19.54,-27.891600109602294,8.70658559175282,56.13818570135511
2,20260922T032817Z-dc867067,2026-09-22 03:28:17+00:00,morning,2026-09-27 22:00:00+00:00,6,53.50102536746454,21.96,-31.54102536746454,-4.652701066057659,48.84832430140688
2,20260922T032817Z-dc867067,2026-09-22 03:28:17+00:00,morning,2026-09-27 23:00:00+00:00,6,48.03336437275346,9.64,-38.39336437275346,3.395380120599046,51.428744493352504
2,20260922T032817Z-dc867067,2026-09-22 03:28:17+00:00,morning,2026-09-28 00:00:00+00:00,6,45.37624878312979,6.88,-38.496248783129786,1.4160511837364564,46.792299966866246
2,20260922T032817Z-dc867067,2026-09-22 03:28:17+00:00,morning,2026-09-28 01:00:00+00:00,6,46.73321217180429,5.03,-41.70321217180429,1.1944453559287547,47.92765752773305
2,20260922T032817Z-dc867067,2026-09-22 03:28:17+00:00,morning,2026-09-28 02:00:00+00:00,6,47.46022271635447,4.09,-43.370222716354476,7.2463738457575975,54.70659656211207
2,20260922T032817Z-dc867067,2026-09-22 03:28:17+00:00,morning,2026-09-28 03:00:00+00:00,6,55.61966110956662,4.78,-50.83966110956662,16.718963416421335,72.33862452598795
2,20260922T032817Z-dc867067,2026-09-22 03:28:17+00:00,morning,2026-09-28 04:00:00+00:00,6,72.28653612441668,6.33,-65.95653612441669,6.7887127405292205,79.0752488649459
2,20260922T032817Z-dc867067,2026-09-22 03:28:17+00:00,morning,2026-09-28 05:00:00+00:00,6,85.41596314865349,12.95,-72.46596314865349,-0.49258402314106425,84.92337912551243
2,20260922T032817Z-dc867067,2026-09-22 03:28:17+00:00,morning,2026-09-28 06:00:00+00:00,6,88.473018596103,15.02,-73.453018596103,-23.57908645911443,64.89393213698858
2,20260922T032817Z-dc867067,2026-09-22 03:28:17+00:00,morning,2026-09-28 07:00:00+00:00,6,83.84913830442835,13.23,-70.61913830442835,-4.372668138232697,79.47647016619565
2,20260922T032817Z-dc867067,2026-09-22 03:28:17+00:00,morning,2026-09-28 08:00:00+00:00,6,73.64041444256004,6.55,-67.09041444256005,12.528954035826366,86.16936847838642
2,20260922T032817Z-dc867067,2026-09-22 03:28:17+00:00,morning,2026-09-28 09:00:00+00:00,6,64.21971167061294,5.4,-58.81971167061294,18.16517411432545,82.38488578493839
2,20260922T032817Z-dc867067,2026-09-22 03:28:17+00:00,morning,2026-09-28 10:00:00+00:00,6,60.6122758718342,3.67,-56.9422758718342,19.4648705315532,80.0771464033874
2,20260922T032817Z-dc867067,2026-09-22 03:28:17+00:00,morning,2026-09-28 11:00:00+00:00,6,57.68919800706213,3.56,-54.12919800706213,18.91192538263955,76.60112338970168
2,20260922T032817Z-dc867067,2026-09-22 03:28:17+00:00,morning,2026-09-28 12:00:00+00:00,6,57.88885151504104,3.76,-54.12885151504104,15.235326538324344,73.12417805336538
2,20260922T032817Z-dc867067,2026-09-22 03:28:17+00:00,morning,2026-09-28 13:00:00+00:00,6,62.44202036296133,3.87,-58.57202036296133,7.624504371522546,70.06652473448388
2,20260922T032817Z-dc867067,2026-09-22 03:28:17+00:00,morning,2026-09-28 14:00:00+00:00,6,70.9732019500717,5.0,-65.9732019500717,3.8855308553465515,74.85873280541824
2,20260922T032817Z-dc867067,2026-09-22 03:28:17+00:00,morning,2026-09-28 15:00:00+00:00,6,86.05980595585261,8.3,-77.75980595585261,-22.382881166613053,63.67692478923956
2,20260922T032817Z-dc867067,2026-09-22 03:28:17+00:00,morning,2026-09-28 16:00:00+00:00,6,94.62198850328724,8.33,-86.29198850328724,-19.422269943274717,75.19971856001253
2,20260922T032817Z-dc867067,2026-09-22 03:28:17+00:00,morning,2026-09-28 17:00:00+00:00,6,87.08207700858432,8.56,-78.52207700858432,-19.201977368184224,67.88009964040009
2,20260922T032817Z-dc867067,2026-09-22 03:28:17+00:00,morning,2026-09-28 18:00:00+00:00,6,72.5651031828239,6.43,-66.13510318282391,-2.0557343089021978,70.5093688739217
2,20260922T032817Z-dc867067,2026-09-22 03:28:17+00:00,morning,2026-09-28 19:00:00+00:00,6,66.91890766390696,5.7,-61.21890766390696,0.5219941508471079,67.44090181475407
2,20260922T032817Z-dc867067,2026-09-22 03:28:17+00:00,morning,2026-09-28 20:00:00+00:00,6,50.40406359833705,9.04,-41.364063598337054,9.986618769552473,60.390682367889525
2,20260922T032817Z-dc867067,2026-09-22 03:28:17+00:00,morning,2026-09-28 21:00:00+00:00,7,39.98216684222722,5.29,-34.69216684222722,-7.1438668559949265,32.83829998623229
2,20260922T032817Z-dc867067,2026-09-22 03:28:17+00:00,morning,2026-09-28 22:00:00+00:00,7,45.83166957711473,5.0,-40.83166957711473,14.92332052351606,60.75499010063079
2,20260922T032817Z-dc867067,2026-09-22 03:28:17+00:00,morning,2026-09-28 23:00:00+00:00,7,41.763292185842914,4.0,-37.763292185842914,18.86405017407236,60.627342359915275
2,20260922T032817Z-dc867067,2026-09-22 03:28:17+00:00,morning,2026-09-29 00:00:00+00:00,7,40.38337446268319,5.02,-35.3633744626832,18.988336358832328,59.37171082151552
2,20260922T032817Z-dc867067,2026-09-22 03:28:17+00:00,morning,2026-09-29 01:00:00+00:00,7,42.64741033875927,7.38,-35.26741033875927,20.55099685881926,63.19840719757853
2,20260922T032817Z-dc867067,2026-09-22 03:28:17+00:00,morning,2026-09-29 02:00:00+00:00,7,42.31854303310168,9.03,-33.28854303310168,19.69036739871662,62.00891043181831
2,20260922T032817Z-dc867067,2026-09-22 03:28:17+00:00,morning,2026-09-29 03:00:00+00:00,7,51.11213526104903,21.79,-29.322135261049034,27.96906387718978,79.08119913823882
2,20260922T032817Z-dc867067,2026-09-22 03:28:17+00:00,morning,2026-09-29 04:00:00+00:00,7,67.19142067393523,22.06,-45.131420673935224,18.51503690457127,85.7064575785065
2,20260922T032817Z-dc867067,2026-09-22 03:28:17+00:00,morning,2026-09-29 05:00:00+00:00,7,81.11869298985596,39.91,-41.20869298985596,-1.8155369122354228,79.30315607762054
2,20260922T032817Z-dc867067,2026-09-22 03:28:17+00:00,morning,2026-09-29 06:00:00+00:00,7,84.99929552327292,89.88,4.880704476727075,-6.415481061682664,78.58381446159025
2,20260922T032817Z-dc867067,2026-09-22 03:28:17+00:00,morning,2026-09-29 07:00:00+00:00,7,81.82455116247671,93.85,12.025448837523285,-1.7091806590935972,80.11537050338312
2,20260922T032817Z-dc867067,2026-09-22 03:28:17+00:00,morning,2026-09-29 08:00:00+00:00,7,73.61392867495593,114.2,40.586071325044074,27.967960290530243,101.58188896548617
2,20260922T032817Z-dc867067,2026-09-22 03:28:17+00:00,morning,2026-09-29 09:00:00+00:00,7,66.13210745704362,110.26,44.12789254295639,13.623459389176231,79.75556684621985
2,20260922T032817Z-dc867067,2026-09-22 03:28:17+00:00,morning,2026-09-29 10:00:00+00:00,7,62.86618723105845,105.26,42.39381276894156,-1.872459007632081,60.993728223426366
2,20260922T032817Z-dc867067,2026-09-22 03:28:17+00:00,morning,2026-09-29 11:00:00+00:00,7,60.54131401365583,98.44,37.89868598634417,-14.506296884786309,46.03501712886952
2,20260922T032817Z-dc867067,2026-09-22 03:28:17+00:00,morning,2026-09-29 12:00:00+00:00,7,60.901394344000416,98.33,37.42860565599958,-18.635271819390418,42.26612252461
2,20260922T032817Z-dc867067,2026-09-22 03:28:17+00:00,morning,2026-09-29 13:00:00+00:00,7,65.02613285219311,103.95,38.92386714780689,-24.189532413082127,40.83660043911099
2,20260922T032817Z-dc867067,2026-09-22 03:28:17+00:00,morning,2026-09-29 14:00:00+00:00,7,72.76015531449185,108.8,36.03984468550814,-29.56002789662935,43.200127417862504
2,20260922T032817Z-dc867067,2026-09-22 03:28:17+00:00,morning,2026-09-29 15:00:00+00:00,7,86.87702247927423,124.08,37.20297752072577,-52.95432237919156,33.92270010008267
2,20260922T032817Z-dc867067,2026-09-22 03:28:17+00:00,morning,2026-09-29 16:00:00+00:00,7,94.13376238793629,115.85,21.716237612063708,-55.9938408835946,38.139921504341686
2,20260922T032817Z-dc867067,2026-09-22 03:28:17+00:00,morning,2026-09-29 17:00:00+00:00,7,87.64045833436674,57.39,-30.25045833436674,-51.378966099945835,36.261492234420906
2,20260922T032817Z-dc867067,2026-09-22 03:28:17+00:00,morning,2026-09-29 18:00:00+00:00,7,74.5475309396098,56.25,-18.2975309396098,-38.01778106076714,36.52974987884266
2,20260922T032817Z-dc867067,2026-09-22 03:28:17+00:00,morning,2026-09-29 19:00:00+00:00,7,69.17095515705073,28.49,-40.68095515705073,-28.955329361999215,40.21562579505151
2,20260922T032817Z-dc867067,2026-09-22 03:28:17+00:00,morning,2026-09-29 20:00:00+00:00,7,54.64865280149596,39.0,-15.648652801495963,-21.00655154803836,33.642101253457604
2,20260922T032817Z-dc867067,2026-09-22 03:28:17+00:00,morning,2026-09-29 21:00:00+00:00,8,43.99140587773094,38.75,-5.241405877730941,-31.656099483695414,12.335306394035527
2,20260922T032817Z-dc867067,2026-09-22 03:28:17+00:00,morning,2026-09-29 22:00:00+00:00,8,49.51083381807111,40.56,-8.95083381807111,-35.02759968623733,14.483234131833782
2,20260922T032817Z-dc867067,2026-09-22 03:28:17+00:00,morning,2026-09-29 23:00:00+00:00,8,46.58677310087921,43.18,-3.4067731008792137,-26.396157980826974,20.19061512005224
2,20260922T032817Z-dc867067,2026-09-22 03:28:17+00:00,morning,2026-09-30 00:00:00+00:00,8,44.67834705266611,52.32,7.641652947333888,-25.716109204969012,18.9622378476971
2,20260922T032817Z-dc867067,2026-09-22 03:28:17+00:00,morning,2026-09-30 01:00:00+00:00,8,46.59788451336168,61.7,15.102115486638326,-27.05402090690636,19.543863606455318
2,20260922T032817Z-dc867067,2026-09-22 03:28:17+00:00,morning,2026-09-30 02:00:00+00:00,8,47.1769704902465,82.08,34.9030295097535,-26.529741632081954,20.647228858164542
2,20260922T032817Z-dc867067,2026-09-22 03:28:17+00:00,morning,2026-09-30 03:00:00+00:00,8,55.53691080001183,107.3,51.763089199988165,-35.85085105676444,19.68605974324739
2,20260922T032817Z-dc867067,2026-09-22 03:28:17+00:00,morning,2026-09-30 04:00:00+00:00,8,71.31952866299683,154.8,83.48047133700318,-45.89825260082233,25.4212760621745
2,20260922T032817Z-dc867067,2026-09-22 03:28:17+00:00,morning,2026-09-30 05:00:00+00:00,8,82.68367726788252,197.27,114.5863227321175,-59.09355396058105,23.590123307301468
2,20260922T032817Z-dc867067,2026-09-22 03:28:17+00:00,morning,2026-09-30 06:00:00+00:00,8,85.60626382753222,210.56,124.95373617246779,-64.20606353643639,21.400200291095828
2,20260922T032817Z-dc867067,2026-09-22 03:28:17+00:00,morning,2026-09-30 07:00:00+00:00,8,81.20889188745728,240.26,159.0511081125427,-61.449970178038434,19.75892170941885
2,20260922T032817Z-dc867067,2026-09-22 03:28:17+00:00,morning,2026-09-30 08:00:00+00:00,8,71.3251475309336,149.94,78.61485246906639,-38.0861679701921,33.238979560741505
2,20260922T032817Z-dc867067,2026-09-22 03:28:17+00:00,morning,2026-09-30 09:00:00+00:00,8,62.35792054282975,116.87,54.51207945717025,-35.51416302963723,26.84375751319252
2,20260922T032817Z-dc867067,2026-09-22 03:28:17+00:00,morning,2026-09-30 10:00:00+00:00,8,58.44624921946623,113.71,55.26375078053376,-38.36166788944034,20.08458133002589
2,20260922T032817Z-dc867067,2026-09-22 03:28:17+00:00,morning,2026-09-30 11:00:00+00:00,8,55.5391381278759,108.27,52.730861872124095,-40.62074334157257,14.918394786303331
2,20260922T032817Z-dc867067,2026-09-22 03:28:17+00:00,morning,2026-09-30 12:00:00+00:00,8,55.43558268705014,105.94,50.504417312949855,-44.12811981033254,11.3074628767176
2,20260922T032817Z-dc867067,2026-09-22 03:28:17+00:00,morning,2026-09-30 13:00:00+00:00,8,59.04917143463243,99.94,40.89082856536757,-52.18578493929208,6.86338649534035
2,20260922T032817Z-dc867067,2026-09-22 03:28:17+00:00,morning,2026-09-30 14:00:00+00:00,8,66.5279493086712,150.0,83.4720506913288,-54.35225968934773,12.175689619323464
2,20260922T032817Z-dc867067,2026-09-22 03:28:17+00:00,morning,2026-09-30 15:00:00+00:00,8,80.50274125741312,244.81,164.3072587425869,-82.07002812772996,-1.5672868703168348
2,20260922T032817Z-dc867067,2026-09-22 03:28:17+00:00,morning,2026-09-30 16:00:00+00:00,8,87.22912197952334,213.28,126.05087802047666,-72.56547671285325,14.663645266670088
2,20260922T032817Z-dc867067,2026-09-22 03:28:17+00:00,morning,2026-09-30 17:00:00+00:00,8,79.20610448859857,229.71,150.50389551140142,-67.89014060173962,11.315963886858952
2,20260922T032817Z-dc867067,2026-09-22 03:28:17+00:00,morning,2026-09-30 18:00:00+00:00,8,65.44236763084257,245.84,180.39763236915744,-50.287663719373086,15.154703911469483
2,20260922T032817Z-dc867067,2026-09-22 03:28:17+00:00,morning,2026-09-30 19:00:00+00:00,8,59.63357158256454,186.88,127.24642841743545,-40.94432748265541,18.689244099909132
2,20260922T032817Z-dc867067,2026-09-22 03:28:17+00:00,morning,2026-09-30 20:00:00+00:00,8,45.68317771877649,102.71,57.0268222812235,-34.203246607713005,11.479931111063486
2,20260922T032817Z-dc867067,2026-09-22 03:28:17+00:00,morning,2026-09-30 21:00:00+00:00,9,34.954550763135884,51.09,16.13544923686412,-19.72445514468866,15.230095618447226
2,20260922T133016Z-d477012a,2026-09-22 13:30:16+00:00,afternoon,2026-09-23 21:00:00+00:00,2,97.9324063223856,35.5,-62.4324063223856,-95.04263544921476,2.8897708731708462
2,20260922T133016Z-d477012a,2026-09-22 13:30:16+00:00,afternoon,2026-09-23 22:00:00+00:00,2,108.98107588760298,101.35,-7.631075887602989,-103.89052459774403,5.090551289858951
2,20260922T133016Z-d477012a,2026-09-22 13:30:16+00:00,afternoon,2026-09-23 23:00:00+00:00,2,105.00554980064643,103.88,-1.1255498006464393,-102.43108077067573,2.5744690299707003
2,20260922T133016Z-d477012a,2026-09-22 13:30:16+00:00,afternoon,2026-09-24 00:00:00+00:00,2,103.25689762673342,110.9,7.643102373266586,-101.03295900917065,2.223938617562766
2,20260922T133016Z-d477012a,2026-09-22 13:30:16+00:00,afternoon,2026-09-24 01:00:00+00:00,2,105.52319762673342,100.73,-4.793197626733416,-102.10474402672115,3.4184536000122705
2,20260922T133016Z-d477012a,2026-09-22 13:30:16+00:00,afternoon,2026-09-24 02:00:00+00:00,2,108.20311067021169,97.77,-10.43311067021169,-102.93467388103842,5.268436789173265
2,20260922T133016Z-d477012a,2026-09-22 13:30:16+00:00,afternoon,2026-09-24 03:00:00+00:00,2,121.74094545282038,106.85,-14.89094545282039,-102.40984997436155,19.331095478458835
2,20260922T133016Z-d477012a,2026-09-22 13:30:16+00:00,afternoon,2026-09-24 04:00:00+00:00,2,142.6817415143118,119.34,-23.341741514311792,-116.05641407405304,26.625327440258758
2,20260922T133016Z-d477012a,2026-09-22 13:30:16+00:00,afternoon,2026-09-24 05:00:00+00:00,2,157.50993281865962,173.34,15.830067181340382,-113.95328292331723,43.55664989534239
2,20260922T133016Z-d477012a,2026-09-22 13:30:16+00:00,afternoon,2026-09-24 06:00:00+00:00,2,161.7482610795292,227.37,65.62173892047082,-113.42592065212969,48.322340427399496
2,20260922T133016Z-d477012a,2026-09-22 13:30:16+00:00,afternoon,2026-09-24 07:00:00+00:00,2,157.16335020996397,202.47,45.30664979003603,-113.51878264203751,43.64456756792646
2,20260922T133016Z-d477012a,2026-09-22 13:30:16+00:00,afternoon,2026-09-24 08:00:00+00:00,2,145.90275020996398,173.02,27.117249790036027,-103.71454569888552,42.18820451107847
2,20260922T133016Z-d477012a,2026-09-22 13:30:16+00:00,afternoon,2026-09-24 09:00:00+00:00,2,134.94033499257267,170.98,36.03966500742732,-94.08169476252473,40.85864023004794
2,20260922T133016Z-d477012a,2026-09-22 13:30:16+00:00,afternoon,2026-09-24 10:00:00+00:00,2,130.36357412300745,137.68,7.316425876992554,-102.16898384552361,28.19459027748384
2,20260922T133016Z-d477012a,2026-09-22 13:30:16+00:00,afternoon,2026-09-24 11:00:00+00:00,2,125.99347847083354,145.76,19.766521529166454,-107.23490879754678,18.758569673286758
2,20260922T133016Z-d477012a,2026-09-22 13:30:16+00:00,afternoon,2026-09-24 12:00:00+00:00,2,124.72538934039876,140.03,15.304610659601238,-111.33550608399938,13.389883256399386
2,20260922T133016Z-d477012a,2026-09-22 13:30:16+00:00,afternoon,2026-09-24 13:00:00+00:00,2,128.14317847083353,137.74,9.596821529166476,-115.2004868076894,12.942691663144132
2,20260922T133016Z-d477012a,2026-09-22 13:30:16+00:00,afternoon,2026-09-24 14:00:00+00:00,2,137.15001325344227,127.6,-9.550013253442273,-127.48269925978246,9.667313993659803
2,20260922T133016Z-d477012a,2026-09-22 13:30:16+00:00,afternoon,2026-09-24 15:00:00+00:00,2,151.38026760126834,140.0,-11.380267601268343,-135.03680351157107,16.343464089697278
2,20260922T133016Z-d477012a,2026-09-22 13:30:16+00:00,afternoon,2026-09-24 16:00:00+00:00,2,159.2150610795292,157.48,-1.7350610795292027,-130.48783135815296,28.727229721376233
2,20260922T133016Z-d477012a,2026-09-22 13:30:16+00:00,afternoon,2026-09-24 17:00:00+00:00,2,149.87905238387705,176.21,26.330947616122955,-129.9839290405186,19.89512334335845
2,20260922T133016Z-d477012a,2026-09-22 13:30:16+00:00,afternoon,2026-09-24 18:00:00+00:00,2,131.3223110795292,161.52,30.197688920470824,-122.82958136923989,8.492729710289296
2,20260922T133016Z-d477012a,2026-09-22 13:30:16+00:00,afternoon,2026-09-24 19:00:00+00:00,2,122.23405020996398,130.03,7.795949790036019,-116.45080637246271,5.783243837501274
2,20260922T133016Z-d477012a,2026-09-22 13:30:16+00:00,afternoon,2026-09-24 20:00:00+00:00,2,102.82276977518136,93.8,-9.02276977518136,-97.41936653017207,5.403403245009287
2,20260922T133016Z-d477012a,2026-09-22 13:30:16+00:00,afternoon,2026-09-24 21:00:00+00:00,3,89.09493499257268,49.03,-40.064934992572674,-90.06201623939452,-0.9670812468218486
2,20260922T133016Z-d477012a,2026-09-22 13:30:16+00:00,afternoon,2026-09-24 22:00:00+00:00,3,98.24910455779003,34.99,-63.25910455779003,-94.3736903721962,3.87541418559384
2,20260922T133016Z-d477012a,2026-09-22 13:30:16+00:00,afternoon,2026-09-24 23:00:00+00:00,3,92.50417847083352,33.0,-59.50417847083352,-91.15610607240767,1.348072398425856
2,20260922T133016Z-d477012a,2026-09-22 13:30:16+00:00,afternoon,2026-09-25 00:00:00+00:00,3,90.70902629692048,34.14,-56.569026296920484,-93.43082546451846,-2.721799167597979
2,20260922T133016Z-d477012a,2026-09-22 13:30:16+00:00,afternoon,2026-09-25 01:00:00+00:00,3,93.1889262969205,35.0,-58.1889262969205,-91.81011597544266,1.378810321477843
2,20260922T133016Z-d477012a,2026-09-22 13:30:16+00:00,afternoon,2026-09-25 02:00:00+00:00,3,96.53288934039875,29.99,-66.54288934039876,-96.48341916644816,0.04947017395059561
2,20260922T133016Z-d477012a,2026-09-22 13:30:16+00:00,afternoon,2026-09-25 03:00:00+00:00,3,111.18342412300746,32.15,-79.03342412300745,-95.97739138625572,15.206032736751737
2,20260922T133016Z-d477012a,2026-09-22 13:30:16+00:00,afternoon,2026-09-25 04:00:00+00:00,3,133.90254151431182,30.09,-103.81254151431182,-120.63854044534041,13.26400106897141
2,20260922T133016Z-d477012a,2026-09-22 13:30:16+00:00,afternoon,2026-09-25 05:00:00+00:00,3,150.6325828186596,41.51,-109.12258281865962,-122.81063619883055,27.821946619829063
2,20260922T133016Z-d477012a,2026-09-22 13:30:16+00:00,afternoon,2026-09-25 06:00:00+00:00,3,155.6701110795292,50.0,-105.67011107952919,-120.59889349023118,35.071217589298016
2,20260922T133016Z-d477012a,2026-09-22 13:30:16+00:00,afternoon,2026-09-25 07:00:00+00:00,3,150.978100209964,69.41,-81.568100209964,-120.21221022556166,30.765889984402335
2,20260922T133016Z-d477012a,2026-09-22 13:30:16+00:00,afternoon,2026-09-25 08:00:00+00:00,3,139.115700209964,115.48,-23.635700209963986,-111.36631153934978,27.74938867061421
2,20260922T133016Z-d477012a,2026-09-22 13:30:16+00:00,afternoon,2026-09-25 09:00:00+00:00,3,127.92693499257268,138.0,10.073065007427317,-100.9747160889517,26.952218903620988
2,20260922T133016Z-d477012a,2026-09-22 13:30:16+00:00,afternoon,2026-09-25 10:00:00+00:00,3,123.31867412300744,117.7,-5.6186741230074375,-99.74666067920704,23.5720134438004
2,20260922T133016Z-d477012a,2026-09-22 13:30:16+00:00,afternoon,2026-09-25 11:00:00+00:00,3,119.72032847083354,102.12,-17.60032847083353,-103.63261876758303,16.08770970325051
2,20260922T133016Z-d477012a,2026-09-22 13:30:16+00:00,afternoon,2026-09-25 12:00:00+00:00,3,119.90783934039877,74.67,-45.237839340398764,-105.03834449957095,14.869494840827812
2,20260922T133016Z-d477012a,2026-09-22 13:30:16+00:00,afternoon,2026-09-25 13:00:00+00:00,3,125.23167847083351,72.56,-52.67167847083351,-115.19120174135055,10.040476729482961
2,20260922T133016Z-d477012a,2026-09-22 13:30:16+00:00,afternoon,2026-09-25 14:00:00+00:00,3,146.4574102768369,96.66,-49.7974102768369,-121.09446503623256,25.362945240604333
2,20260922T133016Z-d477012a,2026-09-22 13:30:16+00:00,afternoon,2026-09-25 15:00:00+00:00,3,163.36618421462555,92.14,-71.22618421462555,-133.2992024204593,30.066981794166253
2,20260922T133016Z-d477012a,2026-09-22 13:30:16+00:00,afternoon,2026-09-25 16:00:00+00:00,3,172.77655329945992,69.02,-103.75655329945992,-132.35439932956575,40.42215396989417
2,20260922T133016Z-d477012a,2026-09-22 13:30:16+00:00,afternoon,2026-09-25 17:00:00+00:00,3,165.86370145506658,66.57,-99.29370145506658,-131.70888763097227,34.154813824094305
2,20260922T133016Z-d477012a,2026-09-22 13:30:16+00:00,afternoon,2026-09-25 18:00:00+00:00,3,150.97134685045717,49.47,-101.50134685045717,-123.42698801739719,27.544358833059974
2,20260922T133016Z-d477012a,2026-09-22 13:30:16+00:00,afternoon,2026-09-25 19:00:00+00:00,3,144.18553092186923,35.84,-108.34553092186923,-116.96411400287137,27.22141691899786
2,20260922T133016Z-d477012a,2026-09-22 13:30:16+00:00,afternoon,2026-09-25 20:00:00+00:00,3,127.13395027552365,37.18,-89.95395027552365,-101.4381475062909,25.695802769232742
2,20260922T133016Z-d477012a,2026-09-22 13:30:16+00:00,afternoon,2026-09-25 21:00:00+00:00,4,113.3509832253344,34.32,-79.03098322533441,-102.6106727863987,10.740310438935708
2,20260922T133016Z-d477012a,2026-09-22 13:30:16+00:00,afternoon,2026-09-25 22:00:00+00:00,4,123.2743092105725,25.0,-98.2743092105725,-110.71871171394018,12.555597496632316
2,20260922T133016Z-d477012a,2026-09-22 13:30:16+00:00,afternoon,2026-09-25 23:00:00+00:00,4,118.55147797438352,25.88,-92.67147797438352,-111.04805630870746,7.503421665676058
2,20260922T133016Z-d477012a,2026-09-22 13:30:16+00:00,afternoon,2026-09-26 00:00:00+00:00,4,116.67822854946176,28.82,-87.85822854946176,-108.21360676680074,8.464621782661027
2,20260922T133016Z-d477012a,2026-09-22 13:30:16+00:00,afternoon,2026-09-26 01:00:00+00:00,4,117.93319599823116,29.24,-88.69319599823116,-111.3196964778094,6.613499520421755
2,20260922T133016Z-d477012a,2026-09-22 13:30:16+00:00,afternoon,2026-09-26 02:00:00+00:00,4,118.94201993798296,29.1,-89.84201993798297,-112.71657841909885,6.225441518884111
2,20260922T133016Z-d477012a,2026-09-22 13:30:16+00:00,afternoon,2026-09-26 03:00:00+00:00,4,129.40994686377704,30.15,-99.25994686377703,-118.89572596467066,10.514220899106377
2,20260922T133016Z-d477012a,2026-09-22 13:30:16+00:00,afternoon,2026-09-26 04:00:00+00:00,4,147.77507395741125,32.29,-115.48507395741126,-136.30594408276775,11.4691298746435
2,20260922T133016Z-d477012a,2026-09-22 13:30:16+00:00,afternoon,2026-09-26 05:00:00+00:00,4,161.48239946249586,30.89,-130.59239946249585,-143.86315189819186,17.619247564304004
2,20260922T133016Z-d477012a,2026-09-22 13:30:16+00:00,afternoon,2026-09-26 06:00:00+00:00,4,164.52095466521007,32.97,-131.55095466521007,-143.91968978269924,20.601264882510833
2,20260922T133016Z-d477012a,2026-09-22 13:30:16+00:00,afternoon,2026-09-26 07:00:00+00:00,4,158.57290928721474,34.57,-124.00290928721475,-135.88764791390355,22.685261373311192
2,20260922T133016Z-d477012a,2026-09-22 13:30:16+00:00,afternoon,2026-09-26 08:00:00+00:00,4,146.21821879926983,42.99,-103.22821879926983,-131.6602910687756,14.557927730494242
2,20260922T133016Z-d477012a,2026-09-22 13:30:16+00:00,afternoon,2026-09-26 09:00:00+00:00,4,135.2062737825933,43.03,-92.17627378259331,-119.35018118404894,15.856092598544379
2,20260922T133016Z-d477012a,2026-09-22 13:30:16+00:00,afternoon,2026-09-26 10:00:00+00:00,4,131.1380978003196,29.23,-101.9080978003196,-117.9814197733895,13.156678026930095
2,20260922T133016Z-d477012a,2026-09-22 13:30:16+00:00,afternoon,2026-09-26 11:00:00+00:00,4,127.70938280668192,19.42,-108.28938280668191,-118.1023491997389,9.60703360694302
2,20260922T133016Z-d477012a,2026-09-22 13:30:16+00:00,afternoon,2026-09-26 12:00:00+00:00,4,128.01761171052885,13.29,-114.72761171052886,-118.18026011580807,9.837351594720786
2,20260922T133016Z-d477012a,2026-09-22 13:30:16+00:00,afternoon,2026-09-26 13:00:00+00:00,4,133.54183463973914,22.59,-110.95183463973913,-126.56063291898298,6.981201720756161
2,20260922T133016Z-d477012a,2026-09-22 13:30:16+00:00,afternoon,2026-09-26 14:00:00+00:00,4,144.45715095017826,24.99,-119.46715095017827,-131.55778217178113,12.899368778397132
2,20260922T133016Z-d477012a,2026-09-22 13:30:16+00:00,afternoon,2026-09-26 15:00:00+00:00,4,161.36593634310466,28.93,-132.43593634310466,-142.4764717214199,18.889464621684766
2,20260922T133016Z-d477012a,2026-09-22 13:30:16+00:00,afternoon,2026-09-26 16:00:00+00:00,4,170.77648363002723,39.97,-130.80648363002723,-141.9132166580693,28.863266971957927
2,20260922T133016Z-d477012a,2026-09-22 13:30:16+00:00,afternoon,2026-09-26 17:00:00+00:00,4,163.86374045606976,38.03,-125.83374045606976,-141.75452536394093,22.109215092128835
2,20260922T133016Z-d477012a,2026-09-22 13:30:16+00:00,afternoon,2026-09-26 18:00:00+00:00,4,148.97117194926528,34.42,-114.55117194926528,-134.59041947956396,14.38075246970132
2,20260922T133016Z-d477012a,2026-09-22 13:30:16+00:00,afternoon,2026-09-26 19:00:00+00:00,4,142.18543903121386,21.72,-120.46543903121386,-130.829293875217,11.35614515599687
2,20260922T133016Z-d477012a,2026-09-22 13:30:16+00:00,afternoon,2026-09-26 20:00:00+00:00,4,125.13384368553253,19.49,-105.64384368553253,-110.88196056091553,14.251883124616995
2,20260922T133016Z-d477012a,2026-09-22 13:30:16+00:00,afternoon,2026-09-26 21:00:00+00:00,5,110.99855175008506,15.83,-95.16855175008506,-106.20629953240483,4.792252217680229
2,20260922T133016Z-d477012a,2026-09-22 13:30:16+00:00,afternoon,2026-09-26 22:00:00+00:00,5,120.52510275096712,13.08,-107.44510275096712,-110.50348994246129,10.021612808505836
2,20260922T133016Z-d477012a,2026-09-22 13:30:16+00:00,afternoon,2026-09-26 23:00:00+00:00,5,115.9913355491702,17.76,-98.2313355491702,-110.27794083007869,5.713394719091511
2,20260922T133016Z-d477012a,2026-09-22 13:30:16+00:00,afternoon,2026-09-27 00:00:00+00:00,5,114.19320299462233,14.3,-99.89320299462233,-108.03725406053758,6.155948934084748
2,20260922T133016Z-d477012a,2026-09-22 13:30:16+00:00,afternoon,2026-09-27 01:00:00+00:00,5,115.3980513244002,12.81,-102.5880513244002,-110.30603804190712,5.092013282493085
2,20260922T133016Z-d477012a,2026-09-22 13:30:16+00:00,afternoon,2026-09-27 02:00:00+00:00,5,116.3666864933204,10.74,-105.6266864933204,-110.49517318126512,5.871513312055285
2,20260922T133016Z-d477012a,2026-09-22 13:30:16+00:00,afternoon,2026-09-27 03:00:00+00:00,5,126.416014770762,9.99,-116.42601477076201,-118.42753838861604,7.9884763821459615
2,20260922T133016Z-d477012a,2026-09-22 13:30:16+00:00,afternoon,2026-09-27 04:00:00+00:00,5,144.04668672006707,9.7,-134.34668672006708,-137.580603022261,6.466083697806084
2,20260922T133016Z-d477012a,2026-09-22 13:30:16+00:00,afternoon,2026-09-27 05:00:00+00:00,5,157.205792497155,10.0,-147.205792497155,-144.5948723410004,12.610920156154577
2,20260922T133016Z-d477012a,2026-09-22 13:30:16+00:00,afternoon,2026-09-27 06:00:00+00:00,5,160.1227690393536,9.99,-150.1327690393536,-144.6495917916456,15.473177247708009
2,20260922T133016Z-d477012a,2026-09-22 13:30:16+00:00,afternoon,2026-09-27 07:00:00+00:00,5,154.41256580390177,39.62,-114.79256580390177,-137.754562231045,16.658003572856757
2,20260922T133016Z-d477012a,2026-09-22 13:30:16+00:00,afternoon,2026-09-27 08:00:00+00:00,5,142.55192213999555,29.81,-112.74192213999555,-137.38113409626467,5.17078804373088
2,20260922T133016Z-d477012a,2026-09-22 13:30:16+00:00,afternoon,2026-09-27 09:00:00+00:00,5,131.9803935923682,19.49,-112.49039359236819,-128.84703186847696,3.133361723891227
2,20260922T133016Z-d477012a,2026-09-22 13:30:16+00:00,afternoon,2026-09-27 10:00:00+00:00,5,128.07489416385434,19.49,-108.58489416385434,-120.72161421882133,7.353279945033009
2,20260922T133016Z-d477012a,2026-09-22 13:30:16+00:00,afternoon,2026-09-27 11:00:00+00:00,5,124.78334148710704,19.9,-104.88334148710703,-117.70948357436954,7.073857912737495
2,20260922T133016Z-d477012a,2026-09-22 13:30:16+00:00,afternoon,2026-09-27 12:00:00+00:00,5,125.0792547425828,16.35,-108.72925474258281,-118.74524276936688,6.334011973215922
2,20260922T133016Z-d477012a,2026-09-22 13:30:16+00:00,afternoon,2026-09-27 13:00:00+00:00,5,130.38257157245582,19.99,-110.39257157245582,-129.4676102583838,0.9149613140720305
2,20260922T133016Z-d477012a,2026-09-22 13:30:16+00:00,afternoon,2026-09-27 14:00:00+00:00,5,140.86137094984844,21.99,-118.87137094984844,-136.3675216965256,4.493849253322821
2,20260922T133016Z-d477012a,2026-09-22 13:30:16+00:00,afternoon,2026-09-27 15:00:00+00:00,5,157.09381599787582,38.73,-118.36381599787583,-138.69533272710186,18.398483270773966
2,20260922T133016Z-d477012a,2026-09-22 13:30:16+00:00,afternoon,2026-09-27 16:00:00+00:00,5,166.1278219081278,47.2,-118.9278219081278,-138.30831375059992,27.819508157527878
2,20260922T133016Z-d477012a,2026-09-22 13:30:16+00:00,afternoon,2026-09-27 17:00:00+00:00,5,159.4914388289008,43.76,-115.73143882890082,-143.26784424144208,16.223594587458734
2,20260922T133016Z-d477012a,2026-09-22 13:30:16+00:00,afternoon,2026-09-27 18:00:00+00:00,5,145.19435471161293,37.3,-107.89435471161293,-136.89211253707322,8.302242174539714
2,20260922T133016Z-d477012a,2026-09-22 13:30:16+00:00,afternoon,2026-09-27 19:00:00+00:00,5,138.679861406512,33.57,-105.10986140651201,-136.9976503223922,1.682211084119814
2,20260922T133016Z-d477012a,2026-09-22 13:30:16+00:00,afternoon,2026-09-27 20:00:00+00:00,5,122.31030174439384,32.18,-90.13030174439385,-112.47013801080776,9.840163733586081
2,20260922T133016Z-d477012a,2026-09-22 13:30:16+00:00,afternoon,2026-09-27 21:00:00+00:00,6,110.48640632677206,19.54,-90.94640632677206,-66.61630167748564,43.87010464928642
2,20260922T133016Z-d477012a,2026-09-22 13:30:16+00:00,afternoon,2026-09-27 22:00:00+00:00,6,119.61587358300388,21.96,-97.65587358300388,-66.58903173276624,53.02684185023763
2,20260922T133016Z-d477012a,2026-09-22 13:30:16+00:00,afternoon,2026-09-27 23:00:00+00:00,6,115.27076620171258,9.64,-105.63076620171258,-67.6275252262835,47.64324097542908
2,20260922T133016Z-d477012a,2026-09-22 13:30:16+00:00,afternoon,2026-09-28 00:00:00+00:00,6,113.547367161451,6.88,-106.66736716145101,-68.53721374782089,45.01015341363012
2,20260922T133016Z-d477012a,2026-09-22 13:30:16+00:00,afternoon,2026-09-28 01:00:00+00:00,6,114.70184067925352,5.03,-109.67184067925352,-69.29355849982602,45.4082821794275
2,20260922T133016Z-d477012a,2026-09-22 13:30:16+00:00,afternoon,2026-09-28 02:00:00+00:00,6,115.63002246410709,4.09,-111.54002246410708,-69.4143829649533,46.21563949915378
2,20260922T133016Z-d477012a,2026-09-22 13:30:16+00:00,afternoon,2026-09-28 03:00:00+00:00,6,125.26049508153712,4.78,-120.48049508153711,-58.32571476251611,66.934780319021
2,20260922T133016Z-d477012a,2026-09-22 13:30:16+00:00,afternoon,2026-09-28 04:00:00+00:00,6,142.15650912780777,6.33,-135.82650912780775,-81.76829432025077,60.38821480755699
2,20260922T133016Z-d477012a,2026-09-22 13:30:16+00:00,afternoon,2026-09-28 05:00:00+00:00,6,154.7672809234774,12.95,-141.8172809234774,-93.10150471378012,61.66577620969727
2,20260922T133016Z-d477012a,2026-09-22 13:30:16+00:00,afternoon,2026-09-28 06:00:00+00:00,6,157.5625654403705,15.02,-142.54256544037048,-97.88930840749946,59.673257032871035
2,20260922T133016Z-d477012a,2026-09-22 13:30:16+00:00,afternoon,2026-09-28 07:00:00+00:00,6,152.09017180893753,13.23,-138.86017180893754,-97.15037212076044,54.93979968817709
2,20260922T133016Z-d477012a,2026-09-22 13:30:16+00:00,afternoon,2026-09-28 08:00:00+00:00,6,140.72370441781965,6.55,-134.17370441781964,-90.14753574958678,50.57616866823287
2,20260922T133016Z-d477012a,2026-09-22 13:30:16+00:00,afternoon,2026-09-28 09:00:00+00:00,6,130.5926811581613,5.4,-125.19268115816129,-78.39617334079861,52.196507817362686
2,20260922T133016Z-d477012a,2026-09-22 13:30:16+00:00,afternoon,2026-09-28 10:00:00+00:00,6,126.8499018263159,3.67,-123.1799018263159,-78.12035285974946,48.72954896656644
2,20260922T133016Z-d477012a,2026-09-22 13:30:16+00:00,afternoon,2026-09-28 11:00:00+00:00,6,123.6955529949716,3.56,-120.1355529949716,-58.306535217594224,65.38901777737738
2,20260922T133016Z-d477012a,2026-09-22 13:30:16+00:00,afternoon,2026-09-28 12:00:00+00:00,6,123.97911409933134,3.76,-120.21911409933134,-58.71850729734221,65.26060680198913
2,20260922T133016Z-d477012a,2026-09-22 13:30:16+00:00,afternoon,2026-09-28 13:00:00+00:00,6,129.06137953945847,3.87,-125.19137953945847,-83.96567315597152,45.095706383486956
2,20260922T133016Z-d477012a,2026-09-22 13:30:16+00:00,afternoon,2026-09-28 14:00:00+00:00,6,139.10345102631544,5.0,-134.10345102631544,-93.19986700268251,45.90358402363293
2,20260922T133016Z-d477012a,2026-09-22 13:30:16+00:00,afternoon,2026-09-28 15:00:00+00:00,6,154.6593557251357,8.3,-146.35935572513569,-100.87335787682201,53.785997848313684
2,20260922T133016Z-d477012a,2026-09-22 13:30:16+00:00,afternoon,2026-09-28 16:00:00+00:00,6,163.31691974942387,8.33,-154.98691974942386,-100.30865141311443,63.00826833630944
2,20260922T133016Z-d477012a,2026-09-22 13:30:16+00:00,afternoon,2026-09-28 17:00:00+00:00,6,156.95708355524962,8.56,-148.39708355524962,-100.14996011898606,56.807123436263566
2,20260922T133016Z-d477012a,2026-09-22 13:30:16+00:00,afternoon,2026-09-28 18:00:00+00:00,6,143.255857259545,6.43,-136.825857259545,-92.94211763433202,50.313739625212975
2,20260922T133016Z-d477012a,2026-09-22 13:30:16+00:00,afternoon,2026-09-28 19:00:00+00:00,6,137.0129708885495,5.7,-131.3129708885495,-88.93020326836668,48.08276762018281
2,20260922T133016Z-d477012a,2026-09-22 13:30:16+00:00,afternoon,2026-09-28 20:00:00+00:00,6,121.3256018096344,9.04,-112.28560180963441,-55.36715210192134,65.95844970771307
2,20260922T133016Z-d477012a,2026-09-22 13:30:16+00:00,afternoon,2026-09-28 21:00:00+00:00,7,108.05314139856117,5.29,-102.76314139856116,-66.46778122139123,41.58536017716993
2,20260922T133016Z-d477012a,2026-09-22 13:30:16+00:00,afternoon,2026-09-28 22:00:00+00:00,7,116.78557247443236,5.0,-111.78557247443236,-55.55610392702588,61.229468547406476
2,20260922T133016Z-d477012a,2026-09-22 13:30:16+00:00,afternoon,2026-09-28 23:00:00+00:00,7,112.62956605768042,4.0,-108.62956605768042,-45.04955340720046,67.58001265047996
2,20260922T133016Z-d477012a,2026-09-22 13:30:16+00:00,afternoon,2026-09-29 00:00:00+00:00,7,110.98118700932784,5.02,-105.96118700932784,-43.7115327697548,67.26965423957304
2,20260922T133016Z-d477012a,2026-09-22 13:30:16+00:00,afternoon,2026-09-29 01:00:00+00:00,7,112.08562430370344,7.38,-104.70562430370344,-45.07765061902889,67.00797368467455
2,20260922T133016Z-d477012a,2026-09-22 13:30:16+00:00,afternoon,2026-09-29 02:00:00+00:00,7,112.97343064333764,9.03,-103.94343064333763,-46.8721212831249,66.10130936021274
2,20260922T133016Z-d477012a,2026-09-22 13:30:16+00:00,afternoon,2026-09-29 03:00:00+00:00,7,122.18524900662192,21.79,-100.39524900662192,-37.47110069809159,84.71414830853033
2,20260922T133016Z-d477012a,2026-09-22 13:30:16+00:00,afternoon,2026-09-29 04:00:00+00:00,7,138.34657764481298,22.06,-116.28657764481298,-72.24090117913796,66.10567646567502
2,20260922T133016Z-d477012a,2026-09-22 13:30:16+00:00,afternoon,2026-09-29 05:00:00+00:00,7,150.4090708117337,39.91,-110.4990708117337,-83.18082771592769,67.22824309580601
2,20260922T133016Z-d477012a,2026-09-22 13:30:16+00:00,afternoon,2026-09-29 06:00:00+00:00,7,153.0830228568231,89.88,-63.20302285682311,-87.96863140964702,65.11439144717609
2,20260922T133016Z-d477012a,2026-09-22 13:30:16+00:00,afternoon,2026-09-29 07:00:00+00:00,7,147.8485638204707,93.85,-53.99856382047071,-87.96863140964702,59.879932410823685
2,20260922T133016Z-d477012a,2026-09-22 13:30:16+00:00,afternoon,2026-09-29 08:00:00+00:00,7,136.97638576744615,114.2,-22.776385767446143,-80.9608529480269,56.01553281941925
2,20260922T133016Z-d477012a,2026-09-22 13:30:16+00:00,afternoon,2026-09-29 09:00:00+00:00,7,127.28594213638344,110.26,-17.025942136383435,-78.46642977184281,48.81951236454063
2,20260922T133016Z-d477012a,2026-09-22 13:30:16+00:00,afternoon,2026-09-29 10:00:00+00:00,7,123.7060109459718,105.26,-18.446010945971793,-80.00492187067323,43.70108907529857
2,20260922T133016Z-d477012a,2026-09-22 13:30:16+00:00,afternoon,2026-09-29 11:00:00+00:00,7,120.68876873151092,98.44,-22.24876873151092,-83.36917234636425,37.31959638514667
2,20260922T133016Z-d477012a,2026-09-22 13:30:16+00:00,afternoon,2026-09-29 12:00:00+00:00,7,120.96005876054952,98.33,-22.630058760549517,-83.78114442611225,37.178914334437266
2,20260922T133016Z-d477012a,2026-09-22 13:30:16+00:00,afternoon,2026-09-29 13:00:00+00:00,7,125.82123546317878,103.95,-21.871235463178778,-84.3564140169418,41.46482144623698
2,20260922T133016Z-d477012a,2026-09-22 13:30:16+00:00,afternoon,2026-09-29 14:00:00+00:00,7,135.42685795899058,108.8,-26.626857958990584,-99.83904538200615,35.58781257698443
2,20260922T133016Z-d477012a,2026-09-22 13:30:16+00:00,afternoon,2026-09-29 15:00:00+00:00,7,150.30657140721618,124.08,-26.226571407216184,-105.71990930117126,44.586662106044926
2,20260922T133016Z-d477012a,2026-09-22 13:30:16+00:00,afternoon,2026-09-29 16:00:00+00:00,7,158.58781144122608,115.85,-42.737811441226086,-105.14208495168351,53.445726489542565
2,20260922T133016Z-d477012a,2026-09-22 13:30:16+00:00,afternoon,2026-09-29 17:00:00+00:00,7,152.50459133295894,57.39,-95.11459133295894,-104.7834551008197,47.721136232139244
2,20260922T133016Z-d477012a,2026-09-22 13:30:16+00:00,afternoon,2026-09-29 18:00:00+00:00,7,139.39920348826527,56.25,-83.14920348826527,-97.91677653725746,41.48242695100781
2,20260922T133016Z-d477012a,2026-09-22 13:30:16+00:00,afternoon,2026-09-29 19:00:00+00:00,7,133.42772863483455,28.49,-104.93772863483456,-96.72279739397125,36.7049312408633
2,20260922T133016Z-d477012a,2026-09-22 13:30:16+00:00,afternoon,2026-09-29 20:00:00+00:00,7,118.42243768014976,39.0,-79.42243768014976,-74.3592858904651,44.06315178968465
2,20260922T133016Z-d477012a,2026-09-22 13:30:16+00:00,afternoon,2026-09-29 21:00:00+00:00,8,105.62136860128336,38.75,-66.87136860128336,-100.54247632064707,5.078892280636296
2,20260922T133016Z-d477012a,2026-09-22 13:30:16+00:00,afternoon,2026-09-29 22:00:00+00:00,8,113.9571029601842,40.56,-73.3971029601842,-108.10434299536091,5.852759964823292
2,20260922T133016Z-d477012a,2026-09-22 13:30:16+00:00,afternoon,2026-09-29 23:00:00+00:00,8,109.98995238082992,43.18,-66.80995238082991,-103.80673005541871,6.183222325411208
2,20260922T133016Z-d477012a,2026-09-22 13:30:16+00:00,afternoon,2026-09-30 00:00:00+00:00,8,108.41651861321348,52.32,-56.09651861321348,-101.98120058641956,6.435318026793922
2,20260922T133016Z-d477012a,2026-09-22 13:30:16+00:00,afternoon,2026-09-30 01:00:00+00:00,8,109.47078380591503,61.7,-47.77078380591503,-103.3591896367899,6.1115941691251265
2,20260922T133016Z-d477012a,2026-09-22 13:30:16+00:00,afternoon,2026-09-30 02:00:00+00:00,8,110.31818642868603,82.08,-28.238186428686035,-104.34590827302921,5.972278155656824
2,20260922T133016Z-d477012a,2026-09-22 13:30:16+00:00,afternoon,2026-09-30 03:00:00+00:00,8,119.11122846358528,107.3,-11.81122846358528,-119.4647551304915,-0.3535266669062196
2,20260922T133016Z-d477012a,2026-09-22 13:30:16+00:00,afternoon,2026-09-30 04:00:00+00:00,8,134.53796729430908,154.8,20.262032705690928,-133.60276425150735,0.9352030428017315
2,20260922T133016Z-d477012a,2026-09-22 13:30:16+00:00,afternoon,2026-09-30 05:00:00+00:00,8,146.05215758042658,197.27,51.21784241957343,-139.0790181392739,6.973139441152682
2,20260922T133016Z-d477012a,2026-09-22 13:30:16+00:00,afternoon,2026-09-30 06:00:00+00:00,8,148.60449899556733,210.56,61.955501004432676,-138.86195616975715,9.742542825810176
2,20260922T133016Z-d477012a,2026-09-22 13:30:16+00:00,afternoon,2026-09-30 07:00:00+00:00,8,143.60804229269792,240.26,96.65195770730207,-138.86195616975715,4.746086122940767
2,20260922T133016Z-d477012a,2026-09-22 13:30:16+00:00,afternoon,2026-09-30 08:00:00+00:00,8,133.22989409495025,149.94,16.710105905049744,-129.1200882123899,4.109805882560352
2,20260922T133016Z-d477012a,2026-09-22 13:30:16+00:00,afternoon,2026-09-30 09:00:00+00:00,8,123.97979849030612,116.87,-7.109798490306119,-113.324512208953,10.655286281353128
2,20260922T133016Z-d477012a,2026-09-22 13:30:16+00:00,afternoon,2026-09-30 10:00:00+00:00,8,120.56250538188486,113.71,-6.852505381884868,-116.96660475860688,3.595900623277984
2,20260922T133016Z-d477012a,2026-09-22 13:30:16+00:00,afternoon,2026-09-30 11:00:00+00:00,8,117.6823671218942,108.27,-9.412367121894206,-120.31585963475398,-2.6334925128597746
2,20260922T133016Z-d477012a,2026-09-22 13:30:16+00:00,afternoon,2026-09-30 12:00:00+00:00,8,117.94124646973806,105.94,-12.001246469738064,-121.19508107161421,-3.25383460187615
2,20260922T133016Z-d477012a,2026-09-22 13:30:16+00:00,afternoon,2026-09-30 13:00:00+00:00,8,122.58146518419564,99.94,-22.64146518419564,-121.27783705023589,1.303628133959748
2,20260922T133016Z-d477012a,2026-09-22 13:30:16+00:00,afternoon,2026-09-30 14:00:00+00:00,8,131.7502547598159,150.0,18.249745240184097,-130.3708198814293,1.3794348783866042
2,20260922T133016Z-d477012a,2026-09-22 13:30:16+00:00,afternoon,2026-09-30 15:00:00+00:00,8,145.95349287228888,244.81,98.85650712771113,-142.10415123306427,3.8493416392246047
2,20260922T133016Z-d477012a,2026-09-22 13:30:16+00:00,afternoon,2026-09-30 16:00:00+00:00,8,153.85809386492113,213.28,59.42190613507887,-140.7683565336564,13.089737331264729
2,20260922T133016Z-d477012a,2026-09-22 13:30:16+00:00,afternoon,2026-09-30 17:00:00+00:00,8,148.05132492095382,229.71,81.65867507904619,-140.446518442765,7.604806478188806
2,20260922T133016Z-d477012a,2026-09-22 13:30:16+00:00,afternoon,2026-09-30 18:00:00+00:00,8,135.5415361457502,245.84,110.2984638542498,-133.77162813864896,1.769908007101236
2,20260922T133016Z-d477012a,2026-09-22 13:30:16+00:00,afternoon,2026-09-30 19:00:00+00:00,8,129.84135432018476,186.88,57.03864567981523,-123.35784206768405,6.4835122525007165
2,20260922T133016Z-d477012a,2026-09-22 13:30:16+00:00,afternoon,2026-09-30 20:00:00+00:00,8,115.51794328260776,102.71,-12.807943282607766,-106.52870742535836,8.989235857249398
2,20260922T133016Z-d477012a,2026-09-22 13:30:16+00:00,afternoon,2026-09-30 21:00:00+00:00,9,103.18799638120196,51.09,-52.09799638120195,-92.72368197032232,10.464314410879638
2,20260923T032807Z-b9bb61c5,2026-09-23 03:28:07+00:00,morning,2026-09-23 21:00:00+00:00,1,17.49624161241002,35.5,18.00375838758998,8.472542085769797,25.96878369817982
2,20260923T032807Z-b9bb61c5,2026-09-23 03:28:07+00:00,morning,2026-09-23 22:00:00+00:00,1,27.83616117762741,101.35,73.51383882237258,-1.6512972604320832,26.184863917195326
2,20260923T032807Z-b9bb61c5,2026-09-23 03:28:07+00:00,morning,2026-09-23 23:00:00+00:00,1,23.610885090670884,103.88,80.26911490932912,2.6778646128432477,26.28874970351413
2,20260923T032807Z-b9bb61c5,2026-09-23 03:28:07+00:00,morning,2026-09-24 00:00:00+00:00,1,22.04658291675784,110.9,88.85341708324216,2.709328825296284,24.755911742054124
2,20260923T032807Z-b9bb61c5,2026-09-23 03:28:07+00:00,morning,2026-09-24 01:00:00+00:00,1,23.86438291675784,100.73,76.86561708324217,2.040943032468411,25.905325949226253
2,20260923T032807Z-b9bb61c5,2026-09-23 03:28:07+00:00,morning,2026-09-24 02:00:00+00:00,1,26.7892459602361,97.77,70.9807540397639,-0.3544967133084024,26.434749246927698
2,20260923T032807Z-b9bb61c5,2026-09-23 03:28:07+00:00,morning,2026-09-24 03:00:00+00:00,1,41.09350714180613,106.85,65.75649285819387,-20.666487996938326,20.427019144867803
2,20260923T032807Z-b9bb61c5,2026-09-23 03:28:07+00:00,morning,2026-09-24 04:00:00+00:00,1,62.34007541676203,119.34,56.99992458323797,-22.778375010980994,39.56170040578104
2,20260923T032807Z-b9bb61c5,2026-09-23 03:28:07+00:00,morning,2026-09-24 05:00:00+00:00,1,79.07896672110984,173.34,94.26103327889017,-28.521442657069887,50.55752406403995
2,20260923T032807Z-b9bb61c5,2026-09-23 03:28:07+00:00,morning,2026-09-24 06:00:00+00:00,1,84.54144498197941,227.37,142.8285550180206,-38.25606299482954,46.28538198714987
2,20260923T032807Z-b9bb61c5,2026-09-23 03:28:07+00:00,morning,2026-09-24 07:00:00+00:00,1,80.73243411241418,202.47,121.73756588758582,-23.68238775337846,57.05004635903572
2,20260923T032807Z-b9bb61c5,2026-09-23 03:28:07+00:00,morning,2026-09-24 08:00:00+00:00,1,70.6281841124142,173.02,102.3918158875858,9.304448587146624,79.93263269956083
2,20260923T032807Z-b9bb61c5,2026-09-23 03:28:07+00:00,morning,2026-09-24 09:00:00+00:00,1,60.92786889502291,170.98,110.05213110497708,9.520424633740943,70.44829352876386
2,20260923T032807Z-b9bb61c5,2026-09-23 03:28:07+00:00,morning,2026-09-24 10:00:00+00:00,1,57.17585802545767,137.68,80.50414197454234,-1.9246644576577552,55.251193567799916
2,20260923T032807Z-b9bb61c5,2026-09-23 03:28:07+00:00,morning,2026-09-24 11:00:00+00:00,1,53.49891237328376,145.76,92.26108762671623,-10.298824964874798,43.20008740840896
2,20260923T032807Z-b9bb61c5,2026-09-23 03:28:07+00:00,morning,2026-09-24 12:00:00+00:00,1,53.618423242849,140.03,86.41157675715101,-15.373722317375828,38.24470092547317
2,20260923T032807Z-b9bb61c5,2026-09-23 03:28:07+00:00,morning,2026-09-24 13:00:00+00:00,1,58.06891237328375,137.74,79.67108762671626,-19.116851547380932,38.95206082590282
2,20260923T032807Z-b9bb61c5,2026-09-23 03:28:07+00:00,morning,2026-09-24 14:00:00+00:00,1,68.37409715589247,127.6,59.22590284410752,-25.917561041018416,42.456536114874055
2,20260923T032807Z-b9bb61c5,2026-09-23 03:28:07+00:00,morning,2026-09-24 15:00:00+00:00,1,82.63915150371855,140.0,57.36084849628145,-61.5684872646175,21.07066423910105
2,20260923T032807Z-b9bb61c5,2026-09-23 03:28:07+00:00,morning,2026-09-24 16:00:00+00:00,1,88.82844723466569,157.48,68.6515527653343,-58.92909367562453,29.89935355904116
2,20260923T032807Z-b9bb61c5,2026-09-23 03:28:07+00:00,morning,2026-09-24 17:00:00+00:00,1,79.54695776872936,176.21,96.66304223127065,-62.35141502307033,17.195542745659026
2,20260923T032807Z-b9bb61c5,2026-09-23 03:28:07+00:00,morning,2026-09-24 18:00:00+00:00,1,59.91729204644178,161.52,101.60270795355822,-23.510622659358926,36.40666938708286
2,20260923T032807Z-b9bb61c5,2026-09-23 03:28:07+00:00,morning,2026-09-24 19:00:00+00:00,1,50.42760682980133,130.03,79.60239317019867,-21.04518229059247,29.382424539208856
2,20260923T032807Z-b9bb61c5,2026-09-23 03:28:07+00:00,morning,2026-09-24 20:00:00+00:00,1,31.00657639501871,93.8,62.793423604981285,-7.213514963899953,23.793061431118755
2,20260923T032807Z-b9bb61c5,2026-09-23 03:28:07+00:00,morning,2026-09-24 21:00:00+00:00,2,16.713541612410015,49.03,32.31645838758999,6.712462467954831,23.426004080364848
2,20260923T032807Z-b9bb61c5,2026-09-23 03:28:07+00:00,morning,2026-09-24 22:00:00+00:00,2,24.398911177627404,34.99,10.591088822372598,-3.253311492492478,21.145599685134925
2,20260923T032807Z-b9bb61c5,2026-09-23 03:28:07+00:00,morning,2026-09-24 23:00:00+00:00,2,17.714235090670883,33.0,15.285764909329117,6.191392579473178,23.90562767014406
2,20260923T032807Z-b9bb61c5,2026-09-23 03:28:07+00:00,morning,2026-09-25 00:00:00+00:00,2,14.76243291675784,34.14,19.377567083242162,5.896198463467834,20.658631380225675
2,20260923T032807Z-b9bb61c5,2026-09-23 03:28:07+00:00,morning,2026-09-25 01:00:00+00:00,2,15.853932916757836,35.0,19.146067083242166,6.195550519229637,22.049483435987472
2,20260923T032807Z-b9bb61c5,2026-09-23 03:28:07+00:00,morning,2026-09-25 02:00:00+00:00,2,17.875495960236105,29.99,12.114504039763894,2.9454190539851863,20.820915014221292
2,20260923T032807Z-b9bb61c5,2026-09-23 03:28:07+00:00,morning,2026-09-25 03:00:00+00:00,2,31.4148307428448,32.15,0.7351692571551993,-14.131482032231325,17.283348710613474
2,20260923T032807Z-b9bb61c5,2026-09-23 03:28:07+00:00,morning,2026-09-25 04:00:00+00:00,2,52.89395866434007,30.09,-22.80395866434007,-24.83211226360609,28.06184640073398
2,20260923T032807Z-b9bb61c5,2026-09-23 03:28:07+00:00,morning,2026-09-25 05:00:00+00:00,2,75.74346672110984,41.51,-34.23346672110984,-36.6271526854615,39.11631403564834
2,20260923T032807Z-b9bb61c5,2026-09-23 03:28:07+00:00,morning,2026-09-25 06:00:00+00:00,2,79.80569498197941,50.0,-29.805694981979414,-43.69575489042706,36.10994009155235
2,20260923T032807Z-b9bb61c5,2026-09-23 03:28:07+00:00,morning,2026-09-25 07:00:00+00:00,2,74.25418411241421,69.41,-4.8441841124142115,-15.799047573886591,58.45513653852762
2,20260923T032807Z-b9bb61c5,2026-09-23 03:28:07+00:00,morning,2026-09-25 08:00:00+00:00,2,63.9699341124142,115.48,51.5100658875858,8.875836219555765,72.84577033196996
2,20260923T032807Z-b9bb61c5,2026-09-23 03:28:07+00:00,morning,2026-09-25 09:00:00+00:00,2,52.2673688950229,138.0,85.7326311049771,9.051027739290726,61.31839663431362
2,20260923T032807Z-b9bb61c5,2026-09-23 03:28:07+00:00,morning,2026-09-25 10:00:00+00:00,2,48.47310802545767,117.7,69.22689197454233,-3.1119123981149968,45.361195627342674
2,20260923T032807Z-b9bb61c5,2026-09-23 03:28:07+00:00,morning,2026-09-25 11:00:00+00:00,2,42.59116237328376,102.12,59.528837626716246,-11.023985417007195,31.567176956276562
2,20260923T032807Z-b9bb61c5,2026-09-23 03:28:07+00:00,morning,2026-09-25 12:00:00+00:00,2,43.04067324284899,74.67,31.629326757151013,-15.121864085810143,27.918809157038844
2,20260923T032807Z-b9bb61c5,2026-09-23 03:28:07+00:00,morning,2026-09-25 13:00:00+00:00,2,48.40766237328376,72.56,24.15233762671624,-19.92854228780341,28.479120085480353
2,20260923T032807Z-b9bb61c5,2026-09-23 03:28:07+00:00,morning,2026-09-25 14:00:00+00:00,2,59.53134715589248,96.66,37.12865284410751,-26.06274280654049,33.46860434935199
2,20260923T032807Z-b9bb61c5,2026-09-23 03:28:07+00:00,morning,2026-09-25 15:00:00+00:00,2,76.17265150371854,92.14,15.96734849628146,-58.03899372129211,18.133657782426432
2,20260923T032807Z-b9bb61c5,2026-09-23 03:28:07+00:00,morning,2026-09-25 16:00:00+00:00,2,84.93136393868676,69.02,-15.911363938686762,-56.839828459511516,28.091535479175242
2,20260923T032807Z-b9bb61c5,2026-09-23 03:28:07+00:00,morning,2026-09-25 17:00:00+00:00,2,77.28519831777949,66.57,-10.715198317779496,-50.805207303754145,26.479991014025344
2,20260923T032807Z-b9bb61c5,2026-09-23 03:28:07+00:00,morning,2026-09-25 18:00:00+00:00,2,58.176094098327866,49.47,-8.706094098327867,-19.390656067442684,38.78543803088518
2,20260923T032807Z-b9bb61c5,2026-09-23 03:28:07+00:00,morning,2026-09-25 19:00:00+00:00,2,49.86645682980132,35.84,-14.026456829801319,-19.375296764356378,30.491160065444944
2,20260923T032807Z-b9bb61c5,2026-09-23 03:28:07+00:00,morning,2026-09-25 20:00:00+00:00,2,31.462126395018718,37.18,5.717873604981282,-5.241975592337177,26.22015080268154
2,20260923T032807Z-b9bb61c5,2026-09-23 03:28:07+00:00,morning,2026-09-25 21:00:00+00:00,3,16.79689161241002,34.32,17.523108387589982,0.7241235625501466,17.521015174960166
2,20260923T032807Z-b9bb61c5,2026-09-23 03:28:07+00:00,morning,2026-09-25 22:00:00+00:00,3,26.216411177627407,25.0,-1.216411177627407,-7.659521549777459,18.556889627849948
2,20260923T032807Z-b9bb61c5,2026-09-23 03:28:07+00:00,morning,2026-09-25 23:00:00+00:00,3,20.88968509067088,25.88,4.990314909329118,-7.161291092907416,13.728393997763465
2,20260923T032807Z-b9bb61c5,2026-09-23 03:28:07+00:00,morning,2026-09-26 00:00:00+00:00,3,18.33388291675784,28.82,10.48611708324216,-6.687931110329765,11.645951806428076
2,20260923T032807Z-b9bb61c5,2026-09-23 03:28:07+00:00,morning,2026-09-26 01:00:00+00:00,3,19.39478291675784,29.24,9.845217083242158,-9.307816312167423,10.086966604590417
2,20260923T032807Z-b9bb61c5,2026-09-23 03:28:07+00:00,morning,2026-09-26 02:00:00+00:00,3,20.990045960236102,29.1,8.109954039763899,-11.802193717978293,9.18785224225781
2,20260923T032807Z-b9bb61c5,2026-09-23 03:28:07+00:00,morning,2026-09-26 03:00:00+00:00,3,31.9676807428448,30.15,-1.8176807428448,-28.907431790590348,3.060248952254451
2,20260923T032807Z-b9bb61c5,2026-09-23 03:28:07+00:00,morning,2026-09-26 04:00:00+00:00,3,50.57449696976087,32.29,-18.284496969760873,-41.976494222805,8.59800274695587
2,20260923T032807Z-b9bb61c5,2026-09-23 03:28:07+00:00,morning,2026-09-26 05:00:00+00:00,3,64.28651374011909,30.89,-33.39651374011909,-54.853999079600285,9.432514660518805
2,20260923T032807Z-b9bb61c5,2026-09-23 03:28:07+00:00,morning,2026-09-26 06:00:00+00:00,3,67.22229754216404,32.97,-34.252297542164044,-57.59342588984159,9.628871652322452
2,20260923T032807Z-b9bb61c5,2026-09-23 03:28:07+00:00,morning,2026-09-26 07:00:00+00:00,3,62.387875778414056,34.57,-27.817875778414056,-50.55054383492914,11.83733194348492
2,20260923T032807Z-b9bb61c5,2026-09-23 03:28:07+00:00,morning,2026-09-26 08:00:00+00:00,3,51.49835176301608,42.99,-8.50835176301608,-39.11030779179155,12.388043971224533
2,20260923T032807Z-b9bb61c5,2026-09-23 03:28:07+00:00,morning,2026-09-26 09:00:00+00:00,3,41.46540006463656,43.03,1.5645999353634394,-33.30113504631634,8.164265018320222
2,20260923T032807Z-b9bb61c5,2026-09-23 03:28:07+00:00,morning,2026-09-26 10:00:00+00:00,3,37.40713180477417,29.23,-8.177131804774167,-30.659032274367444,6.748099530406723
2,20260923T032807Z-b9bb61c5,2026-09-23 03:28:07+00:00,morning,2026-09-26 11:00:00+00:00,3,34.233257007813705,19.42,-14.813257007813704,-26.501983713268014,7.731273294545691
2,20260923T032807Z-b9bb61c5,2026-09-23 03:28:07+00:00,morning,2026-09-26 12:00:00+00:00,3,33.997131564831506,13.29,-20.707131564831506,-26.45837940909386,7.538752155737644
2,20260923T032807Z-b9bb61c5,2026-09-23 03:28:07+00:00,morning,2026-09-26 13:00:00+00:00,3,40.29476181347724,22.59,-17.704761813477237,-33.569839811641444,6.724922001835793
2,20260923T032807Z-b9bb61c5,2026-09-23 03:28:07+00:00,morning,2026-09-26 14:00:00+00:00,3,51.31920987484926,24.99,-26.32920987484926,-42.85457239566233,8.464637479186926
2,20260923T032807Z-b9bb61c5,2026-09-23 03:28:07+00:00,morning,2026-09-26 15:00:00+00:00,3,69.17325768125761,28.93,-40.24325768125761,-62.56627775140655,6.606979929851057
2,20260923T032807Z-b9bb61c5,2026-09-23 03:28:07+00:00,morning,2026-09-26 16:00:00+00:00,3,76.99194037061243,39.97,-37.02194037061243,-60.91610538374715,16.075834986865274
2,20260923T032807Z-b9bb61c5,2026-09-23 03:28:07+00:00,morning,2026-09-26 17:00:00+00:00,3,68.55306779620797,38.03,-30.523067796207968,-58.819918168453455,9.733149627754514
2,20260923T032807Z-b9bb61c5,2026-09-23 03:28:07+00:00,morning,2026-09-26 18:00:00+00:00,3,51.99844526031745,34.42,-17.57844526031745,-34.70238352749733,17.29606173282012
2,20260923T032807Z-b9bb61c5,2026-09-23 03:28:07+00:00,morning,2026-09-26 19:00:00+00:00,3,44.36972397682069,21.72,-22.649723976820688,-30.42502642979183,13.944697547028856
2,20260923T032807Z-b9bb61c5,2026-09-23 03:28:07+00:00,morning,2026-09-26 20:00:00+00:00,3,26.565223003663533,19.49,-7.075223003663535,-10.529000223526072,16.03622278013746
2,20260923T032807Z-b9bb61c5,2026-09-23 03:28:07+00:00,morning,2026-09-26 21:00:00+00:00,4,15.112396750205992,15.83,0.7176032497940081,-0.3134996352181636,14.798897114987827
2,20260923T032807Z-b9bb61c5,2026-09-23 03:28:07+00:00,morning,2026-09-26 22:00:00+00:00,4,25.21186691403616,13.08,-12.131866914036161,-16.38773868363476,8.824128230401403
2,20260923T032807Z-b9bb61c5,2026-09-23 03:28:07+00:00,morning,2026-09-26 23:00:00+00:00,4,21.20881788240465,17.76,-3.448817882404647,-14.936811814219558,6.272006068185091
2,20260923T032807Z-b9bb61c5,2026-09-23 03:28:07+00:00,morning,2026-09-27 00:00:00+00:00,4,19.425051955785094,14.3,-5.125051955785093,-13.811680047292699,5.613371908492395
2,20260923T032807Z-b9bb61c5,2026-09-23 03:28:07+00:00,morning,2026-09-27 01:00:00+00:00,4,21.17852089169813,12.81,-8.36852089169813,-14.392432623307263,6.786088268390868
2,20260923T032807Z-b9bb61c5,2026-09-23 03:28:07+00:00,morning,2026-09-27 02:00:00+00:00,4,22.71245472406196,10.74,-11.97245472406196,-15.653735823156188,7.058718900905772
2,20260923T032807Z-b9bb61c5,2026-09-23 03:28:07+00:00,morning,2026-09-27 03:00:00+00:00,4,34.28186845185321,9.99,-24.291868451853205,-30.471574064351906,3.810294387501301
2,20260923T032807Z-b9bb61c5,2026-09-23 03:28:07+00:00,morning,2026-09-27 04:00:00+00:00,4,54.14616933702183,9.7,-44.44616933702183,-49.60047107977372,4.545698257248112
2,20260923T032807Z-b9bb61c5,2026-09-23 03:28:07+00:00,morning,2026-09-27 05:00:00+00:00,4,68.14433734296098,10.0,-58.14433734296098,-55.58951955758531,12.554817785375668
2,20260923T032807Z-b9bb61c5,2026-09-23 03:28:07+00:00,morning,2026-09-27 06:00:00+00:00,4,71.90031617360829,9.99,-61.91031617360829,-63.02386985633084,8.876446317277448
2,20260923T032807Z-b9bb61c5,2026-09-23 03:28:07+00:00,morning,2026-09-27 07:00:00+00:00,4,67.54481227694427,39.62,-27.924812276944273,-53.35287503180334,14.191937245140927
2,20260923T032807Z-b9bb61c5,2026-09-23 03:28:07+00:00,morning,2026-09-27 08:00:00+00:00,4,57.42552923141676,29.81,-27.61552923141676,-39.75980072669581,17.665728504720953
2,20260923T032807Z-b9bb61c5,2026-09-23 03:28:07+00:00,morning,2026-09-27 09:00:00+00:00,4,47.09278676885801,19.49,-27.602786768858014,-34.28605962693663,12.806727141921385
2,20260923T032807Z-b9bb61c5,2026-09-23 03:28:07+00:00,morning,2026-09-27 10:00:00+00:00,4,44.19520735415392,19.49,-24.705207354153924,-36.855826233435984,7.339381120717938
2,20260923T032807Z-b9bb61c5,2026-09-23 03:28:07+00:00,morning,2026-09-27 11:00:00+00:00,4,40.8401161182991,19.9,-20.940116118299102,-35.819639150535814,5.020476967763287
2,20260923T032807Z-b9bb61c5,2026-09-23 03:28:07+00:00,morning,2026-09-27 12:00:00+00:00,4,41.1982367609511,16.35,-24.848236760951096,-35.51106122237736,5.68717553857374
2,20260923T032807Z-b9bb61c5,2026-09-23 03:28:07+00:00,morning,2026-09-27 13:00:00+00:00,4,46.701478908339794,19.99,-26.711478908339796,-34.76686017004878,11.934618738291014
2,20260923T032807Z-b9bb61c5,2026-09-23 03:28:07+00:00,morning,2026-09-27 14:00:00+00:00,4,57.3679971159456,21.99,-35.377997115945604,-44.145499391528766,13.222497724416833
2,20260923T032807Z-b9bb61c5,2026-09-23 03:28:07+00:00,morning,2026-09-27 15:00:00+00:00,4,74.20478150153275,38.73,-35.47478150153275,-61.452447374854266,12.752334126678484
2,20260923T032807Z-b9bb61c5,2026-09-23 03:28:07+00:00,morning,2026-09-27 16:00:00+00:00,4,84.00602221356333,47.2,-36.806022213563324,-66.01244406773633,17.993578145827
2,20260923T032807Z-b9bb61c5,2026-09-23 03:28:07+00:00,morning,2026-09-27 17:00:00+00:00,4,75.16093785434447,43.76,-31.40093785434447,-67.26279064054276,7.898147213801707
2,20260923T032807Z-b9bb61c5,2026-09-23 03:28:07+00:00,morning,2026-09-27 18:00:00+00:00,4,57.0164712026204,37.3,-19.716471202620404,-41.027803856690035,15.988667345930367
2,20260923T032807Z-b9bb61c5,2026-09-23 03:28:07+00:00,morning,2026-09-27 19:00:00+00:00,4,48.38321746819581,33.57,-14.813217468195809,-34.585149694446365,13.798067773749445
2,20260923T032807Z-b9bb61c5,2026-09-23 03:28:07+00:00,morning,2026-09-27 20:00:00+00:00,4,30.849980414714267,32.18,1.3300195852857328,-9.48307251519618,21.366907899518086
2,20260923T032807Z-b9bb61c5,2026-09-23 03:28:07+00:00,morning,2026-09-27 21:00:00+00:00,5,25.012772180764216,19.54,-5.472772180764217,1.8050584924551318,26.817830673219348
2,20260923T032807Z-b9bb61c5,2026-09-23 03:28:07+00:00,morning,2026-09-27 22:00:00+00:00,5,33.186381873740146,21.96,-11.226381873740145,-0.23596082781155994,32.950421045928586
2,20260923T032807Z-b9bb61c5,2026-09-23 03:28:07+00:00,morning,2026-09-27 23:00:00+00:00,5,27.992171030977072,9.64,-18.352171030977072,4.124122797413583,32.11629382839065
2,20260923T032807Z-b9bb61c5,2026-09-23 03:28:07+00:00,morning,2026-09-28 00:00:00+00:00,5,25.86314109757184,6.88,-18.983141097571842,7.342229697332029,33.20537079490387
2,20260923T032807Z-b9bb61c5,2026-09-23 03:28:07+00:00,morning,2026-09-28 01:00:00+00:00,5,26.845089981446808,5.03,-21.815089981446807,6.586217757033293,33.4313077384801
2,20260923T032807Z-b9bb61c5,2026-09-23 03:28:07+00:00,morning,2026-09-28 02:00:00+00:00,5,27.836854227164537,4.09,-23.746854227164537,13.11067576659771,40.947529993762245
2,20260923T032807Z-b9bb61c5,2026-09-23 03:28:07+00:00,morning,2026-09-28 03:00:00+00:00,5,37.63094795339406,4.78,-32.85094795339406,0.4968289992455118,38.12777695263957
2,20260923T032807Z-b9bb61c5,2026-09-23 03:28:07+00:00,morning,2026-09-28 04:00:00+00:00,5,55.35705213141806,6.33,-49.02705213141806,8.868513214031532,64.2255653454496
2,20260923T032807Z-b9bb61c5,2026-09-23 03:28:07+00:00,morning,2026-09-28 05:00:00+00:00,5,67.7681419143596,12.95,-54.8181419143596,23.581627940522893,91.3497698548825
2,20260923T032807Z-b9bb61c5,2026-09-23 03:28:07+00:00,morning,2026-09-28 06:00:00+00:00,5,71.25598161942504,15.02,-56.23598161942505,26.55260509512088,97.80858671454592
2,20260923T032807Z-b9bb61c5,2026-09-23 03:28:07+00:00,morning,2026-09-28 07:00:00+00:00,5,66.41560939067294,13.23,-53.18560939067294,29.601665828948008,96.01727521962096
2,20260923T032807Z-b9bb61c5,2026-09-23 03:28:07+00:00,morning,2026-09-28 08:00:00+00:00,5,58.20952515911926,6.55,-51.65952515911926,37.70145500562049,95.91098016473975
2,20260923T032807Z-b9bb61c5,2026-09-23 03:28:07+00:00,morning,2026-09-28 09:00:00+00:00,5,48.83622536494575,5.4,-43.43622536494575,36.13332198980039,84.96954735474614
2,20260923T032807Z-b9bb61c5,2026-09-23 03:28:07+00:00,morning,2026-09-28 10:00:00+00:00,5,46.25702278690854,3.67,-42.58702278690854,34.83909721444332,81.09612000135186
2,20260923T032807Z-b9bb61c5,2026-09-23 03:28:07+00:00,morning,2026-09-28 11:00:00+00:00,5,41.2391639096775,3.56,-37.6791639096775,28.599544360122486,69.83870826979998
2,20260923T032807Z-b9bb61c5,2026-09-23 03:28:07+00:00,morning,2026-09-28 12:00:00+00:00,5,39.25409708875063,3.76,-35.494097088750635,16.366099607896157,55.62019669664679
2,20260923T032807Z-b9bb61c5,2026-09-23 03:28:07+00:00,morning,2026-09-28 13:00:00+00:00,5,45.16884805371959,3.87,-41.298848053719595,16.33615167019771,61.50499972391731
2,20260923T032807Z-b9bb61c5,2026-09-23 03:28:07+00:00,morning,2026-09-28 14:00:00+00:00,5,54.97746671575845,5.0,-49.97746671575845,20.61112876823674,75.58859548399519
2,20260923T032807Z-b9bb61c5,2026-09-23 03:28:07+00:00,morning,2026-09-28 15:00:00+00:00,5,69.4912356837876,8.3,-61.191235683787596,10.469370678260425,79.96060636204803
2,20260923T032807Z-b9bb61c5,2026-09-23 03:28:07+00:00,morning,2026-09-28 16:00:00+00:00,5,77.699043746367,8.33,-69.369043746367,1.1949354087467228,78.89397915511373
2,20260923T032807Z-b9bb61c5,2026-09-23 03:28:07+00:00,morning,2026-09-28 17:00:00+00:00,5,69.07213594884662,8.56,-60.51213594884662,-0.6087948374858864,68.46334111136073
2,20260923T032807Z-b9bb61c5,2026-09-23 03:28:07+00:00,morning,2026-09-28 18:00:00+00:00,5,52.41671731611188,6.43,-45.98671731611188,7.94086354824001,60.35758086435189
2,20260923T032807Z-b9bb61c5,2026-09-23 03:28:07+00:00,morning,2026-09-28 19:00:00+00:00,5,43.32255064501648,5.7,-37.622550645016474,6.113757967840877,49.43630861285735
2,20260923T032807Z-b9bb61c5,2026-09-23 03:28:07+00:00,morning,2026-09-28 20:00:00+00:00,5,23.41104622726082,9.04,-14.37104622726082,-9.843365670098263,13.567680557162555
2,20260923T032807Z-b9bb61c5,2026-09-23 03:28:07+00:00,morning,2026-09-28 21:00:00+00:00,6,12.54497360130523,5.29,-7.25497360130523,-5.69128218140175,6.85369141990348
2,20260923T032807Z-b9bb61c5,2026-09-23 03:28:07+00:00,morning,2026-09-28 22:00:00+00:00,6,21.01625444495457,5.0,-16.01625444495457,18.928889891330027,39.9451443362846
2,20260923T032807Z-b9bb61c5,2026-09-23 03:28:07+00:00,morning,2026-09-28 23:00:00+00:00,6,17.565267016997456,4.0,-13.565267016997456,24.62154721941607,42.186814236413525
2,20260923T032807Z-b9bb61c5,2026-09-23 03:28:07+00:00,morning,2026-09-29 00:00:00+00:00,6,15.59226038262523,5.02,-10.572260382625231,27.839354169188265,43.431614551813496
2,20260923T032807Z-b9bb61c5,2026-09-23 03:28:07+00:00,morning,2026-09-29 01:00:00+00:00,6,17.76571007524419,7.38,-10.38571007524419,24.962118580811723,42.72782865605591
2,20260923T032807Z-b9bb61c5,2026-09-23 03:28:07+00:00,morning,2026-09-29 02:00:00+00:00,6,19.368374218997666,9.03,-10.338374218997666,28.309089035712493,47.67746325471016
2,20260923T032807Z-b9bb61c5,2026-09-23 03:28:07+00:00,morning,2026-09-29 03:00:00+00:00,6,29.150254772123105,21.79,-7.360254772123106,37.986373002238686,67.13662777436178
2,20260923T032807Z-b9bb61c5,2026-09-23 03:28:07+00:00,morning,2026-09-29 04:00:00+00:00,6,47.59089960399004,22.06,-25.53089960399004,26.930512925681015,74.52141252967105
2,20260923T032807Z-b9bb61c5,2026-09-23 03:28:07+00:00,morning,2026-09-29 05:00:00+00:00,6,61.62492640383321,39.91,-21.71492640383321,14.969448851442714,76.59437525527592
2,20260923T032807Z-b9bb61c5,2026-09-23 03:28:07+00:00,morning,2026-09-29 06:00:00+00:00,6,65.28051423243444,89.88,24.599485767565554,16.07105580595029,81.35157003838474
2,20260923T032807Z-b9bb61c5,2026-09-23 03:28:07+00:00,morning,2026-09-29 07:00:00+00:00,6,60.8031418646347,93.85,33.04685813536529,25.08388221830118,85.88702408293588
2,20260923T032807Z-b9bb61c5,2026-09-23 03:28:07+00:00,morning,2026-09-29 08:00:00+00:00,6,50.22191667158637,114.2,63.97808332841363,39.21001993006108,89.43193660164745
2,20260923T032807Z-b9bb61c5,2026-09-23 03:28:07+00:00,morning,2026-09-29 09:00:00+00:00,6,41.798675545734085,110.26,68.46132445426592,26.89610322075416,68.69477876648824
2,20260923T032807Z-b9bb61c5,2026-09-23 03:28:07+00:00,morning,2026-09-29 10:00:00+00:00,6,39.64537288938785,105.26,65.61462711061216,5.324179594780617,44.96955248416847
2,20260923T032807Z-b9bb61c5,2026-09-23 03:28:07+00:00,morning,2026-09-29 11:00:00+00:00,6,37.09919845142422,98.44,61.340801548575776,-7.914962758963105,29.184235692461115
2,20260923T032807Z-b9bb61c5,2026-09-23 03:28:07+00:00,morning,2026-09-29 12:00:00+00:00,6,36.609877781521625,98.33,61.72012221847837,-13.364301894544223,23.245575886977402
2,20260923T032807Z-b9bb61c5,2026-09-23 03:28:07+00:00,morning,2026-09-29 13:00:00+00:00,6,41.61841903651671,103.95,62.33158096348329,-17.41472276103593,24.203696275480784
2,20260923T032807Z-b9bb61c5,2026-09-23 03:28:07+00:00,morning,2026-09-29 14:00:00+00:00,6,51.8026849936244,108.8,56.997315006375594,-17.785315689684296,34.01736930394011
2,20260923T032807Z-b9bb61c5,2026-09-23 03:28:07+00:00,morning,2026-09-29 15:00:00+00:00,6,67.28562989176717,124.08,56.794370108232826,-29.539880377065064,37.74574951470211
2,20260923T032807Z-b9bb61c5,2026-09-23 03:28:07+00:00,morning,2026-09-29 16:00:00+00:00,6,75.18592984709471,115.85,40.66407015290528,-34.174938064427195,41.01099178266752
2,20260923T032807Z-b9bb61c5,2026-09-23 03:28:07+00:00,morning,2026-09-29 17:00:00+00:00,6,66.23038583397089,57.39,-8.840385833970885,-31.993707602044243,34.236678231926646
2,20260923T032807Z-b9bb61c5,2026-09-23 03:28:07+00:00,morning,2026-09-29 18:00:00+00:00,6,51.75779444099131,56.25,4.4922055590086885,-28.2494210364615,23.508373404529813
2,20260923T032807Z-b9bb61c5,2026-09-23 03:28:07+00:00,morning,2026-09-29 19:00:00+00:00,6,46.8624983353758,28.49,-18.3724983353758,-25.714570711333938,21.14792762404186
2,20260923T032807Z-b9bb61c5,2026-09-23 03:28:07+00:00,morning,2026-09-29 20:00:00+00:00,6,30.93355496573452,39.0,8.066445034265481,-20.56272598130103,10.37082898443349
2,20260923T032807Z-b9bb61c5,2026-09-23 03:28:07+00:00,morning,2026-09-29 21:00:00+00:00,7,22.97269394235291,38.75,15.777306057647088,-16.820635524451614,6.152058417901298
2,20260923T032807Z-b9bb61c5,2026-09-23 03:28:07+00:00,morning,2026-09-29 22:00:00+00:00,7,32.34538008478991,40.56,8.214619915210093,-30.293204738204736,2.052175346585173
2,20260923T032807Z-b9bb61c5,2026-09-23 03:28:07+00:00,morning,2026-09-29 23:00:00+00:00,7,28.11423600208138,43.18,15.06576399791862,-23.544359097904977,4.569876904176404
2,20260923T032807Z-b9bb61c5,2026-09-23 03:28:07+00:00,morning,2026-09-30 00:00:00+00:00,7,26.18987857485412,52.32,26.13012142514588,-21.314956750499466,4.874921824354654
2,20260923T032807Z-b9bb61c5,2026-09-23 03:28:07+00:00,morning,2026-09-30 01:00:00+00:00,7,27.92787068750968,61.7,33.77212931249032,-23.849163721700666,4.078706965809015
2,20260923T032807Z-b9bb61c5,2026-09-23 03:28:07+00:00,morning,2026-09-30 02:00:00+00:00,7,30.009129156130196,82.08,52.0708708438698,-26.106927204289367,3.90220195184083
2,20260923T032807Z-b9bb61c5,2026-09-23 03:28:07+00:00,morning,2026-09-30 03:00:00+00:00,7,39.95659145799912,107.3,67.34340854200087,-38.33894866579911,1.6176427922000087
2,20260923T032807Z-b9bb61c5,2026-09-23 03:28:07+00:00,morning,2026-09-30 04:00:00+00:00,7,56.66357917979742,154.8,98.13642082020259,-45.94022809527846,10.723351084518967
2,20260923T032807Z-b9bb61c5,2026-09-23 03:28:07+00:00,morning,2026-09-30 05:00:00+00:00,7,69.38734231936148,197.27,127.88265768063853,-30.395735913555367,38.99160640580611
2,20260923T032807Z-b9bb61c5,2026-09-23 03:28:07+00:00,morning,2026-09-30 06:00:00+00:00,7,72.27158496546295,210.56,138.28841503453705,-27.036854367216563,45.23473059824639
2,20260923T032807Z-b9bb61c5,2026-09-23 03:28:07+00:00,morning,2026-09-30 07:00:00+00:00,7,67.03643683071864,240.26,173.22356316928136,-27.25925240028908,39.777184430429564
2,20260923T032807Z-b9bb61c5,2026-09-23 03:28:07+00:00,morning,2026-09-30 08:00:00+00:00,7,57.046336884318855,149.94,92.89366311568114,-18.317924216023307,38.72841266829555
2,20260923T032807Z-b9bb61c5,2026-09-23 03:28:07+00:00,morning,2026-09-30 09:00:00+00:00,7,47.63539936400659,116.87,69.23460063599342,-14.043488364069512,33.59191099993708
2,20260923T032807Z-b9bb61c5,2026-09-23 03:28:07+00:00,morning,2026-09-30 10:00:00+00:00,7,44.62966771929306,113.71,69.08033228070693,-17.686947888300544,26.942719830992516
2,20260923T032807Z-b9bb61c5,2026-09-23 03:28:07+00:00,morning,2026-09-30 11:00:00+00:00,7,42.04727464575063,108.27,66.22272535424936,-26.946144162089986,15.101130483660647
2,20260923T032807Z-b9bb61c5,2026-09-23 03:28:07+00:00,morning,2026-09-30 12:00:00+00:00,7,42.38341544894376,105.94,63.55658455105624,-33.490737062734944,8.892678386208814
2,20260923T032807Z-b9bb61c5,2026-09-23 03:28:07+00:00,morning,2026-09-30 13:00:00+00:00,7,46.784649843418414,99.94,53.155350156581584,-38.448928033682805,8.33572180973561
2,20260923T032807Z-b9bb61c5,2026-09-23 03:28:07+00:00,morning,2026-09-30 14:00:00+00:00,7,55.14795620375264,150.0,94.85204379624736,-45.07507673817714,10.072879465575504
2,20260923T032807Z-b9bb61c5,2026-09-23 03:28:07+00:00,morning,2026-09-30 15:00:00+00:00,7,67.94979099563075,244.81,176.86020900436927,-60.65073566031181,7.29905533531894
2,20260923T032807Z-b9bb61c5,2026-09-23 03:28:07+00:00,morning,2026-09-30 16:00:00+00:00,7,74.22270530457726,213.28,139.05729469542274,-46.43136473003427,27.791340574542993
2,20260923T032807Z-b9bb61c5,2026-09-23 03:28:07+00:00,morning,2026-09-30 17:00:00+00:00,7,65.61205448423658,229.71,164.09794551576343,-47.479385737113354,18.132668747123226
2,20260923T032807Z-b9bb61c5,2026-09-23 03:28:07+00:00,morning,2026-09-30 18:00:00+00:00,7,50.38132511192496,245.84,195.45867488807505,-39.351050524390416,11.030274587534542
2,20260923T032807Z-b9bb61c5,2026-09-23 03:28:07+00:00,morning,2026-09-30 19:00:00+00:00,7,42.711642894178986,186.88,144.168357105821,-36.7993148022411,5.912328091937887
2,20260923T032807Z-b9bb61c5,2026-09-23 03:28:07+00:00,morning,2026-09-30 20:00:00+00:00,7,27.163152638830773,102.71,75.54684736116923,-19.927490090019788,7.235662548810986
2,20260923T032807Z-b9bb61c5,2026-09-23 03:28:07+00:00,morning,2026-09-30 21:00:00+00:00,8,17.812816336796352,51.09,33.27718366320365,-13.549259494261648,4.263556842534705
2,20260923T132744Z-af5147f3,2026-09-23 13:27:44+00:00,afternoon,2026-09-24 21:00:00+00:00,2,101.63795396850112,49.03,-52.60795396850112,-96.14442779475786,5.493526173743263
2,20260923T132744Z-af5147f3,2026-09-23 13:27:44+00:00,afternoon,2026-09-24 22:00:00+00:00,2,112.09597480183446,34.99,-77.10597480183446,-99.94356955582134,12.152405246013117
2,20260923T132744Z-af5147f3,2026-09-23 13:27:44+00:00,afternoon,2026-09-24 23:00:00+00:00,2,105.1219956351678,33.0,-72.1219956351678,-95.03567485488176,10.086320780286044
2,20260923T132744Z-af5147f3,2026-09-23 13:27:44+00:00,afternoon,2026-09-25 00:00:00+00:00,2,101.99539563516778,34.14,-67.85539563516778,-94.74650416682348,7.248891468344297
2,20260923T132744Z-af5147f3,2026-09-23 13:27:44+00:00,afternoon,2026-09-25 01:00:00+00:00,2,101.96169980183444,35.0,-66.96169980183444,-95.60075311753323,6.3609466843012115
2,20260923T132744Z-af5147f3,2026-09-23 13:27:44+00:00,afternoon,2026-09-25 02:00:00+00:00,2,103.43280813516778,29.99,-73.44280813516778,-97.3094635278065,6.123344607361275
2,20260923T132744Z-af5147f3,2026-09-23 13:27:44+00:00,afternoon,2026-09-25 03:00:00+00:00,2,117.37764563516778,32.15,-85.22764563516779,-102.39367835057006,14.983967284597725
2,20260923T132744Z-af5147f3,2026-09-23 13:27:44+00:00,afternoon,2026-09-25 04:00:00+00:00,2,140.2150863561074,30.09,-110.1250863561074,-121.78633306061852,18.42875329548889
2,20260923T132744Z-af5147f3,2026-09-23 13:27:44+00:00,afternoon,2026-09-25 05:00:00+00:00,2,157.4767238561074,41.51,-115.96672385610742,-123.70447180673358,33.77225204937383
2,20260923T132744Z-af5147f3,2026-09-23 13:27:44+00:00,afternoon,2026-09-25 06:00:00+00:00,2,163.6528238561074,50.0,-113.6528238561074,-122.50779088752856,41.145032968578846
2,20260923T132744Z-af5147f3,2026-09-23 13:27:44+00:00,afternoon,2026-09-25 07:00:00+00:00,2,159.47639052277407,69.41,-90.06639052277407,-121.61287387117419,37.86351665159988
2,20260923T132744Z-af5147f3,2026-09-23 13:27:44+00:00,afternoon,2026-09-25 08:00:00+00:00,2,148.06991135610738,115.48,-32.58991135610738,-112.72460970250161,35.34530165360577
2,20260923T132744Z-af5147f3,2026-09-23 13:27:44+00:00,afternoon,2026-09-25 09:00:00+00:00,2,138.23910302277406,138.0,-0.23910302277406004,-108.21732986702361,30.021773155750452
2,20260923T132744Z-af5147f3,2026-09-23 13:27:44+00:00,afternoon,2026-09-25 10:00:00+00:00,2,133.61845302277405,117.7,-15.918453022774045,-114.57698092272408,19.041472100049972
2,20260923T132744Z-af5147f3,2026-09-23 13:27:44+00:00,afternoon,2026-09-25 11:00:00+00:00,2,130.86094468944074,102.12,-28.740944689440738,-108.76532192790911,22.09562276153163
2,20260923T132744Z-af5147f3,2026-09-23 13:27:44+00:00,afternoon,2026-09-25 12:00:00+00:00,2,130.61601552277403,74.67,-55.94601552277403,-107.93405038004879,22.681965142725247
2,20260923T132744Z-af5147f3,2026-09-23 13:27:44+00:00,afternoon,2026-09-25 13:00:00+00:00,2,135.67264052277406,72.56,-63.11264052277406,-120.5259286400077,15.146711882766354
2,20260923T132744Z-af5147f3,2026-09-23 13:27:44+00:00,afternoon,2026-09-25 14:00:00+00:00,2,145.7009530227741,96.66,-49.04095302277409,-123.19407830880411,22.506874713969978
2,20260923T132744Z-af5147f3,2026-09-23 13:27:44+00:00,afternoon,2026-09-25 15:00:00+00:00,2,161.21096968944073,92.14,-69.07096968944073,-128.3101849895672,32.900784699873526
2,20260923T132744Z-af5147f3,2026-09-23 13:27:44+00:00,afternoon,2026-09-25 16:00:00+00:00,2,169.25061135610738,69.02,-100.23061135610739,-128.11792646826243,41.13268488784496
2,20260923T132744Z-af5147f3,2026-09-23 13:27:44+00:00,afternoon,2026-09-25 17:00:00+00:00,2,159.78667802277408,66.57,-93.21667802277409,-128.3418285190346,31.444849503739476
2,20260923T132744Z-af5147f3,2026-09-23 13:27:44+00:00,afternoon,2026-09-25 18:00:00+00:00,2,141.22519052277406,49.47,-91.75519052277406,-118.4196105873252,22.80557993544886
2,20260923T132744Z-af5147f3,2026-09-23 13:27:44+00:00,afternoon,2026-09-25 19:00:00+00:00,2,131.85905302277408,35.84,-96.01905302277407,-113.87753712275855,17.981515900015523
2,20260923T132744Z-af5147f3,2026-09-23 13:27:44+00:00,afternoon,2026-09-25 20:00:00+00:00,2,113.55027802277408,37.18,-76.37027802277407,-98.60958816215859,14.940689860615493
2,20260923T132744Z-af5147f3,2026-09-23 13:27:44+00:00,afternoon,2026-09-25 21:00:00+00:00,3,98.92900302277404,34.32,-64.60900302277403,-97.00949691622579,1.9195061065482548
2,20260923T132744Z-af5147f3,2026-09-23 13:27:44+00:00,afternoon,2026-09-25 22:00:00+00:00,3,111.4225238561074,25.0,-86.4225238561074,-99.97779570774249,11.444728148364916
2,20260923T132744Z-af5147f3,2026-09-23 13:27:44+00:00,afternoon,2026-09-25 23:00:00+00:00,3,106.01964468944074,25.88,-80.13964468944074,-100.2518017753343,5.7678429141064385
2,20260923T132744Z-af5147f3,2026-09-23 13:27:44+00:00,afternoon,2026-09-26 00:00:00+00:00,3,104.02149468944071,28.82,-75.20149468944072,-100.52405054177302,3.497444147667693
2,20260923T132744Z-af5147f3,2026-09-23 13:27:44+00:00,afternoon,2026-09-26 01:00:00+00:00,3,104.55134885610738,29.24,-75.31134885610739,-100.70081350170823,3.850535354399156
2,20260923T132744Z-af5147f3,2026-09-23 13:27:44+00:00,afternoon,2026-09-26 02:00:00+00:00,3,105.71375718944071,29.1,-76.61375718944072,-101.3346018533867,4.379155336054012
2,20260923T132744Z-af5147f3,2026-09-23 13:27:44+00:00,afternoon,2026-09-26 03:00:00+00:00,3,116.71094468944072,30.15,-86.56094468944073,-108.40827676949651,8.302667919944213
2,20260923T132744Z-af5147f3,2026-09-23 13:27:44+00:00,afternoon,2026-09-26 04:00:00+00:00,3,136.0357363561074,32.29,-103.74573635610741,-129.8165750787296,6.219161277377793
2,20260923T132744Z-af5147f3,2026-09-23 13:27:44+00:00,afternoon,2026-09-26 05:00:00+00:00,3,151.0482738561074,30.89,-120.15827385610739,-135.57192788437055,15.476345971736833
2,20260923T132744Z-af5147f3,2026-09-23 13:27:44+00:00,afternoon,2026-09-26 06:00:00+00:00,3,155.00692385610742,32.97,-122.03692385610742,-136.14405462191974,18.862869234187684
2,20260923T132744Z-af5147f3,2026-09-23 13:27:44+00:00,afternoon,2026-09-26 07:00:00+00:00,3,148.86564052277407,34.57,-114.29564052277408,-135.16360795211466,13.702032570659412
2,20260923T132744Z-af5147f3,2026-09-23 13:27:44+00:00,afternoon,2026-09-26 08:00:00+00:00,3,135.3069613561074,42.99,-92.31696135610738,-126.55418900231913,8.75277235378826
2,20260923T132744Z-af5147f3,2026-09-23 13:27:44+00:00,afternoon,2026-09-26 09:00:00+00:00,3,124.32550302277404,43.03,-81.29550302277404,-115.75584080776758,8.56966221500646
2,20260923T132744Z-af5147f3,2026-09-23 13:27:44+00:00,afternoon,2026-09-26 10:00:00+00:00,3,119.37155302277404,29.23,-90.14155302277403,-114.06159971569194,5.309953307082097
2,20260923T132744Z-af5147f3,2026-09-23 13:27:44+00:00,afternoon,2026-09-26 11:00:00+00:00,3,116.42774468944071,19.42,-97.00774468944071,-103.50026240911114,12.92748228032957
2,20260923T132744Z-af5147f3,2026-09-23 13:27:44+00:00,afternoon,2026-09-26 12:00:00+00:00,3,116.18266552277404,13.29,-102.89266552277405,-102.62982013504588,13.55284538772817
2,20260923T132744Z-af5147f3,2026-09-23 13:27:44+00:00,afternoon,2026-09-26 13:00:00+00:00,3,122.20889052277406,22.59,-99.61889052277405,-112.82625135021686,9.382639172557191
2,20260923T132744Z-af5147f3,2026-09-23 13:27:44+00:00,afternoon,2026-09-26 14:00:00+00:00,3,150.43961897010777,24.99,-125.44961897010778,-130.9968931686189,19.442725801488876
2,20260923T132744Z-af5147f3,2026-09-23 13:27:44+00:00,afternoon,2026-09-26 15:00:00+00:00,3,167.29388148513257,28.93,-138.36388148513257,-138.53008546218533,28.763796022947247
2,20260923T132744Z-af5147f3,2026-09-23 13:27:44+00:00,afternoon,2026-09-26 16:00:00+00:00,3,176.88597567850368,39.97,-136.91597567850368,-137.37225948840177,39.51371619010192
2,20260923T132744Z-af5147f3,2026-09-23 13:27:44+00:00,afternoon,2026-09-26 17:00:00+00:00,3,170.64751335642708,38.03,-132.61751335642708,-136.67613084049978,33.9713825159273
2,20260923T132744Z-af5147f3,2026-09-23 13:27:44+00:00,afternoon,2026-09-26 18:00:00+00:00,3,155.4701783123831,34.42,-121.0501783123831,-129.76612123494135,25.704057077441746
2,20260923T132744Z-af5147f3,2026-09-23 13:27:44+00:00,afternoon,2026-09-26 19:00:00+00:00,3,146.6016288181072,21.72,-124.8816288181072,-127.14291454068578,19.45871427742142
2,20260923T132744Z-af5147f3,2026-09-23 13:27:44+00:00,afternoon,2026-09-26 20:00:00+00:00,3,128.67484112005224,19.49,-109.18484112005224,-108.92639842185298,19.748442698199256
2,20260923T132744Z-af5147f3,2026-09-23 13:27:44+00:00,afternoon,2026-09-26 21:00:00+00:00,4,116.5929923410654,15.83,-100.7629923410654,-107.12300416337101,9.46998817769439
2,20260923T132744Z-af5147f3,2026-09-23 13:27:44+00:00,afternoon,2026-09-26 22:00:00+00:00,4,129.37983050653412,13.08,-116.29983050653412,-115.98129944930558,13.398531057228539
2,20260923T132744Z-af5147f3,2026-09-23 13:27:44+00:00,afternoon,2026-09-26 23:00:00+00:00,4,124.36791715885111,17.76,-106.60791715885111,-111.01228906535626,13.355628093494857
2,20260923T132744Z-af5147f3,2026-09-23 13:27:44+00:00,afternoon,2026-09-27 00:00:00+00:00,4,122.7592447923313,14.3,-108.4592447923313,-111.01228906535626,11.746955726975045
2,20260923T132744Z-af5147f3,2026-09-23 13:27:44+00:00,afternoon,2026-09-27 01:00:00+00:00,4,123.59820909515388,12.81,-110.78820909515387,-111.04038627718468,12.557822817969196
2,20260923T132744Z-af5147f3,2026-09-23 13:27:44+00:00,afternoon,2026-09-27 02:00:00+00:00,4,124.56225562897806,10.74,-113.82225562897807,-111.21775007257655,13.344505556401515
2,20260923T132744Z-af5147f3,2026-09-23 13:27:44+00:00,afternoon,2026-09-27 03:00:00+00:00,4,135.25583681378197,9.99,-125.26583681378197,-118.54637650444134,16.709460309340628
2,20260923T132744Z-af5147f3,2026-09-23 13:27:44+00:00,afternoon,2026-09-27 04:00:00+00:00,4,154.4156929241244,9.7,-144.7156929241244,-133.44840032998184,20.96729259414255
2,20260923T132744Z-af5147f3,2026-09-23 13:27:44+00:00,afternoon,2026-09-27 05:00:00+00:00,4,168.9454139632267,10.0,-158.9454139632267,-140.49720725372998,28.44820670949673
2,20260923T132744Z-af5147f3,2026-09-23 13:27:44+00:00,afternoon,2026-09-27 06:00:00+00:00,4,172.65427162858347,9.99,-162.66427162858346,-141.14580709431934,31.508464534264135
2,20260923T132744Z-af5147f3,2026-09-23 13:27:44+00:00,afternoon,2026-09-27 07:00:00+00:00,4,166.07481174008828,39.62,-126.45481174008827,-140.8126742485244,25.26213749156389
2,20260923T132744Z-af5147f3,2026-09-23 13:27:44+00:00,afternoon,2026-09-27 08:00:00+00:00,4,152.74920053274278,29.81,-122.93920053274277,-133.9227962996758,18.826404233066967
2,20260923T132744Z-af5147f3,2026-09-23 13:27:44+00:00,afternoon,2026-09-27 09:00:00+00:00,4,142.28158934483463,19.49,-122.79158934483463,-130.09827488661497,12.183314458219655
2,20260923T132744Z-af5147f3,2026-09-23 13:27:44+00:00,afternoon,2026-09-27 10:00:00+00:00,4,137.7428588694792,19.49,-118.2528588694792,-127.28520281454236,10.457656054936834
2,20260923T132744Z-af5147f3,2026-09-23 13:27:44+00:00,afternoon,2026-09-27 11:00:00+00:00,4,134.9264134890416,19.9,-115.0264134890416,-127.16014334687894,7.766270142162668
2,20260923T132744Z-af5147f3,2026-09-23 13:27:44+00:00,afternoon,2026-09-27 12:00:00+00:00,4,135.19569399682337,16.35,-118.84569399682337,-127.02222312525606,8.173470871567304
2,20260923T132744Z-af5147f3,2026-09-23 13:27:44+00:00,afternoon,2026-09-27 13:00:00+00:00,4,140.39256567051672,19.99,-120.40256567051672,-126.77454302237817,13.618022648138549
2,20260923T132744Z-af5147f3,2026-09-23 13:27:44+00:00,afternoon,2026-09-27 14:00:00+00:00,4,150.4403767646618,21.99,-128.4503767646618,-132.19115909317873,18.24921767148308
2,20260923T132744Z-af5147f3,2026-09-23 13:27:44+00:00,afternoon,2026-09-27 15:00:00+00:00,4,167.29454477973326,38.73,-128.56454477973327,-133.39111718090456,33.9034275988287
2,20260923T132744Z-af5147f3,2026-09-23 13:27:44+00:00,afternoon,2026-09-27 16:00:00+00:00,4,176.88682825232033,47.2,-129.6868282523203,-132.23964344285037,44.64718480946996
2,20260923T132744Z-af5147f3,2026-09-23 13:27:44+00:00,afternoon,2026-09-27 17:00:00+00:00,4,170.6484616029334,43.76,-126.8884616029334,-132.080952148722,38.567509454211404
2,20260923T132744Z-af5147f3,2026-09-23 13:27:44+00:00,afternoon,2026-09-27 18:00:00+00:00,4,155.47116739431547,37.3,-118.17116739431548,-132.23879696415642,23.23237043015905
2,20260923T132744Z-af5147f3,2026-09-23 13:27:44+00:00,afternoon,2026-09-27 19:00:00+00:00,4,146.60267997553922,33.57,-113.03267997553922,-125.522843329627,21.079836645912224
2,20260923T132744Z-af5147f3,2026-09-23 13:27:44+00:00,afternoon,2026-09-27 20:00:00+00:00,4,128.6757677334799,32.18,-96.49576773347988,-109.12637262842375,19.549395105056135
2,20260923T132744Z-af5147f3,2026-09-23 13:27:44+00:00,afternoon,2026-09-27 21:00:00+00:00,5,116.16260338233036,19.54,-96.62260338233037,-52.98816812066001,63.17443526167035
2,20260923T132744Z-af5147f3,2026-09-23 13:27:44+00:00,afternoon,2026-09-27 22:00:00+00:00,5,128.43788107773318,21.96,-106.47788107773317,-70.81899638183405,57.618884695899126
2,20260923T132744Z-af5147f3,2026-09-23 13:27:44+00:00,afternoon,2026-09-27 23:00:00+00:00,5,123.6262680581311,9.64,-113.9862680581311,-67.69323204411596,55.933036014015144
2,20260923T132744Z-af5147f3,2026-09-23 13:27:44+00:00,afternoon,2026-09-28 00:00:00+00:00,5,122.08173191911246,6.88,-115.20173191911246,-65.11019215611834,56.97153976299411
2,20260923T132744Z-af5147f3,2026-09-23 13:27:44+00:00,afternoon,2026-09-28 01:00:00+00:00,5,122.8869249393628,5.03,-117.8569249393628,-62.853335798970214,60.033589140392586
2,20260923T132744Z-af5147f3,2026-09-23 13:27:44+00:00,afternoon,2026-09-28 02:00:00+00:00,5,123.81209412192064,4.09,-119.72209412192063,-61.591443231842824,62.22065089007781
2,20260923T132744Z-af5147f3,2026-09-23 13:27:44+00:00,afternoon,2026-09-28 03:00:00+00:00,5,134.0776618622779,4.78,-129.2976618622779,-55.58611573170706,78.49154613057084
2,20260923T132744Z-af5147f3,2026-09-23 13:27:44+00:00,afternoon,2026-09-28 04:00:00+00:00,5,152.4709623525525,6.33,-146.1409623525525,-72.39144814394956,80.07951420860294
2,20260923T132744Z-af5147f3,2026-09-23 13:27:44+00:00,afternoon,2026-09-28 05:00:00+00:00,5,166.4195160287091,12.95,-153.4695160287091,-83.50293778487479,82.91657824383431
2,20260923T132744Z-af5147f3,2026-09-23 13:27:44+00:00,afternoon,2026-09-28 06:00:00+00:00,5,169.97985627693075,15.02,-154.95985627693074,-88.31447784266568,81.66537843426507
2,20260923T132744Z-af5147f3,2026-09-23 13:27:44+00:00,afternoon,2026-09-28 07:00:00+00:00,5,163.6636203836074,13.23,-150.4336203836074,-87.14379113806385,76.51982924554355
2,20260923T132744Z-af5147f3,2026-09-23 13:27:44+00:00,afternoon,2026-09-28 08:00:00+00:00,5,150.871372393913,6.55,-144.32137239391298,-79.36959630911684,71.50177608479615
2,20260923T132744Z-af5147f3,2026-09-23 13:27:44+00:00,afternoon,2026-09-28 09:00:00+00:00,5,140.8225369389058,5.4,-135.4225369389058,-70.06494056666384,70.75759637224198
2,20260923T132744Z-af5147f3,2026-09-23 13:27:44+00:00,afternoon,2026-09-28 10:00:00+00:00,5,136.46525708362046,3.67,-132.79525708362047,-68.8058587925814,67.65939829103905
2,20260923T132744Z-af5147f3,2026-09-23 13:27:44+00:00,afternoon,2026-09-28 11:00:00+00:00,5,133.76123898022465,3.56,-130.20123898022464,-71.82973616099486,61.93150281922979
2,20260923T132744Z-af5147f3,2026-09-23 13:27:44+00:00,afternoon,2026-09-28 12:00:00+00:00,5,134.01963171264714,3.76,-130.25963171264715,-71.99509143575968,62.024540276887464
2,20260923T132744Z-af5147f3,2026-09-23 13:27:44+00:00,afternoon,2026-09-28 13:00:00+00:00,5,139.00864840538753,3.87,-135.13864840538753,-74.92369809581368,64.08495030957386
2,20260923T132744Z-af5147f3,2026-09-23 13:27:44+00:00,afternoon,2026-09-28 14:00:00+00:00,5,148.65459476635257,5.0,-143.65459476635257,-81.80344319060264,66.85115157574994
2,20260923T132744Z-af5147f3,2026-09-23 13:27:44+00:00,afternoon,2026-09-28 15:00:00+00:00,5,164.83448614362487,8.3,-156.53448614362486,-89.35279886520354,75.48168727842133
2,20260923T132744Z-af5147f3,2026-09-23 13:27:44+00:00,afternoon,2026-09-28 16:00:00+00:00,5,174.04290563191518,8.33,-165.71290563191516,-84.69936757819426,89.34353805372092
2,20260923T132744Z-af5147f3,2026-09-23 13:27:44+00:00,afternoon,2026-09-28 17:00:00+00:00,5,168.05382648499017,8.56,-159.49382648499017,-86.17861234577995,81.87521413921021
2,20260923T132744Z-af5147f3,2026-09-23 13:27:44+00:00,afternoon,2026-09-28 18:00:00+00:00,5,153.48352449608996,6.43,-147.05352449608995,-78.64875212702415,74.8347723690658
2,20260923T132744Z-af5147f3,2026-09-23 13:27:44+00:00,afternoon,2026-09-28 19:00:00+00:00,5,144.96972073546195,5.7,-139.26972073546196,-78.35575398800728,66.61396674745467
2,20260923T132744Z-af5147f3,2026-09-23 13:27:44+00:00,afternoon,2026-09-28 20:00:00+00:00,5,127.75982898438812,9.04,-118.71982898438813,-53.52558950115809,74.23423948323003
2,20260923T132744Z-af5147f3,2026-09-23 13:27:44+00:00,afternoon,2026-09-28 21:00:00+00:00,6,113.73005349826826,5.29,-108.44005349826826,-65.6188530770804,48.11120042118786
2,20260923T132744Z-af5147f3,2026-09-23 13:27:44+00:00,afternoon,2026-09-28 22:00:00+00:00,6,125.49388747407906,5.0,-120.49388747407906,-46.62670529028632,78.86718218379275
2,20260923T132744Z-af5147f3,2026-09-23 13:27:44+00:00,afternoon,2026-09-28 23:00:00+00:00,6,120.8829532996466,4.0,-116.8829532996466,-36.34516127388349,84.53779202576311
2,20260923T132744Z-af5147f3,2026-09-23 13:27:44+00:00,afternoon,2026-09-29 00:00:00+00:00,6,119.4030024687385,5.02,-114.38300246873851,-35.82741657032916,83.57558589840934
2,20260923T132744Z-af5147f3,2026-09-23 13:27:44+00:00,afternoon,2026-09-29 01:00:00+00:00,6,120.17474897344825,7.38,-112.79474897344825,-36.373258485711915,83.80149048773633
2,20260923T132744Z-af5147f3,2026-09-23 13:27:44+00:00,afternoon,2026-09-29 02:00:00+00:00,6,121.06153805040276,9.03,-112.03153805040276,-38.167729149807926,82.89380890059483
2,20260923T132744Z-af5147f3,2026-09-23 13:27:44+00:00,afternoon,2026-09-29 03:00:00+00:00,6,130.89947607476353,21.79,-109.10947607476353,-46.0380463442152,84.86142973054832
2,20260923T132744Z-af5147f3,2026-09-23 13:27:44+00:00,afternoon,2026-09-29 04:00:00+00:00,6,148.52650819598267,22.06,-126.46650819598267,-61.50406082988228,87.0224473661004
2,20260923T132744Z-af5147f3,2026-09-23 13:27:44+00:00,afternoon,2026-09-29 05:00:00+00:00,6,161.89379440414694,39.91,-121.98379440414695,-72.67132249150194,89.222471912645
2,20260923T132744Z-af5147f3,2026-09-23 13:27:44+00:00,afternoon,2026-09-29 06:00:00+00:00,6,165.3058653242285,89.88,-75.42586532422851,-77.45912618522127,87.84673913900724
2,20260923T132744Z-af5147f3,2026-09-23 13:27:44+00:00,afternoon,2026-09-29 07:00:00+00:00,6,159.25279034339684,93.85,-65.40279034339684,-78.11371728663124,81.1390730567656
2,20260923T132744Z-af5147f3,2026-09-23 13:27:44+00:00,afternoon,2026-09-29 08:00:00+00:00,6,146.993219008717,114.2,-32.793219008717,-70.46102104183353,76.53219796688347
2,20260923T132744Z-af5147f3,2026-09-23 13:27:44+00:00,afternoon,2026-09-29 09:00:00+00:00,6,137.36303534260168,110.26,-27.10303534260167,-78.07044053693355,59.29259480566813
2,20260923T132744Z-af5147f3,2026-09-23 13:27:44+00:00,afternoon,2026-09-29 10:00:00+00:00,6,133.1874571273184,105.26,-27.92745712731839,-83.14354536968133,50.04391175763706
2,20260923T132744Z-af5147f3,2026-09-23 13:27:44+00:00,afternoon,2026-09-29 11:00:00+00:00,6,130.5963455987515,98.44,-32.1563455987515,-88.22903932869897,42.367306270052524
2,20260923T132744Z-af5147f3,2026-09-23 13:27:44+00:00,afternoon,2026-09-29 12:00:00+00:00,6,130.8441293493808,98.33,-32.51412934938081,-87.21417445623548,43.629954893145324
2,20260923T132744Z-af5147f3,2026-09-23 13:27:44+00:00,afternoon,2026-09-29 13:00:00+00:00,6,135.62524431361487,103.95,-31.67524431361487,-90.72674006673047,44.8985042468844
2,20260923T132744Z-af5147f3,2026-09-23 13:27:44+00:00,afternoon,2026-09-29 14:00:00+00:00,6,144.86928153273976,108.8,-36.069281532739765,-95.03233688682164,49.83694464591812
2,20260923T132744Z-af5147f3,2026-09-23 13:27:44+00:00,afternoon,2026-09-29 15:00:00+00:00,6,160.3750948231812,124.08,-36.2950948231812,-101.28977729481196,59.085317528369245
2,20260923T132744Z-af5147f3,2026-09-23 13:27:44+00:00,afternoon,2026-09-29 16:00:00+00:00,6,169.20000376548643,115.85,-53.350003765486434,-101.8657085922867,67.33429517319973
2,20260923T132744Z-af5147f3,2026-09-23 13:27:44+00:00,afternoon,2026-09-29 17:00:00+00:00,6,163.4607010894116,57.39,-106.0707010894116,-102.34413338282963,61.116567706581975
2,20260923T132744Z-af5147f3,2026-09-23 13:27:44+00:00,afternoon,2026-09-29 18:00:00+00:00,6,149.4976799046841,56.25,-93.2476799046841,-102.68990833761652,46.80777156706759
2,20260923T132744Z-af5147f3,2026-09-23 13:27:44+00:00,afternoon,2026-09-29 19:00:00+00:00,6,141.33872452401442,28.49,-112.84872452401443,-96.1556568199691,45.18306770404533
2,20260923T132744Z-af5147f3,2026-09-23 13:27:44+00:00,afternoon,2026-09-29 20:00:00+00:00,6,124.8460581303875,39.0,-85.8460581303875,-75.15456355698127,49.69149457340623
2,20260923T132744Z-af5147f3,2026-09-23 13:27:44+00:00,afternoon,2026-09-29 21:00:00+00:00,7,111.2995815038948,38.75,-72.5495815038948,-99.08121545360504,12.21836605028976
2,20260923T132744Z-af5147f3,2026-09-23 13:27:44+00:00,afternoon,2026-09-29 22:00:00+00:00,7,122.551930598637,40.56,-81.991930598637,-104.0627588874089,18.489171711228096
2,20260923T132744Z-af5147f3,2026-09-23 13:27:44+00:00,afternoon,2026-09-29 23:00:00+00:00,7,118.14136049842348,43.18,-74.96136049842349,-103.77959129585228,14.361769202571196
2,20260923T132744Z-af5147f3,2026-09-23 13:27:44+00:00,afternoon,2026-09-30 00:00:00+00:00,7,116.72555870276597,52.32,-64.40555870276597,-103.55747093605733,13.168087766708638
2,20260923T132744Z-af5147f3,2026-09-23 13:27:44+00:00,afternoon,2026-09-30 01:00:00+00:00,7,117.46368893850924,61.7,-55.76368893850923,-104.64206940367406,12.821619534835179
2,20260923T132744Z-af5147f3,2026-09-23 13:27:44+00:00,afternoon,2026-09-30 02:00:00+00:00,7,118.31196092924662,82.08,-36.231960929246625,-105.18827822034699,13.123682708899636
2,20260923T132744Z-af5147f3,2026-09-23 13:27:44+00:00,afternoon,2026-09-30 03:00:00+00:00,7,127.7221045044488,107.3,-20.422104504448797,-121.42209108705421,6.300013417394581
2,20260923T132744Z-af5147f3,2026-09-23 13:27:44+00:00,afternoon,2026-09-30 04:00:00+00:00,7,144.58271690722697,154.8,10.217283092773044,-129.4951003328671,15.087616574359856
2,20260923T132744Z-af5147f3,2026-09-23 13:27:44+00:00,afternoon,2026-09-30 05:00:00+00:00,7,157.3688557271083,197.27,39.90114427289171,-133.97575368298754,23.393102044120752
2,20260923T132744Z-af5147f3,2026-09-23 13:27:44+00:00,afternoon,2026-09-30 06:00:00+00:00,7,160.63255278330348,210.56,49.92744721669652,-133.7586917134708,26.873861069832685
2,20260923T132744Z-af5147f3,2026-09-23 13:27:44+00:00,afternoon,2026-09-30 07:00:00+00:00,7,154.84259696515113,240.26,85.41740303484886,-133.7586917134708,21.083905251680335
2,20260923T132744Z-af5147f3,2026-09-23 13:27:44+00:00,afternoon,2026-09-30 08:00:00+00:00,7,143.11601078582223,149.94,6.823989214177772,-125.04613627567862,18.069874510143606
2,20260923T132744Z-af5147f3,2026-09-23 13:27:44+00:00,afternoon,2026-09-30 09:00:00+00:00,7,133.90450584548284,116.87,-17.03450584548284,-119.03156230688833,14.872943538594512
2,20260923T132744Z-af5147f3,2026-09-23 13:27:44+00:00,afternoon,2026-09-30 10:00:00+00:00,7,129.91050091693725,113.71,-16.20050091693726,-118.22868804931542,11.68181286762183
2,20260923T132744Z-af5147f3,2026-09-23 13:27:44+00:00,afternoon,2026-09-30 11:00:00+00:00,7,127.43205611490588,108.27,-19.16205611490588,-119.75362687270761,7.678429242198263
2,20260923T132744Z-af5147f3,2026-09-23 13:27:44+00:00,afternoon,2026-09-30 12:00:00+00:00,7,127.66902900768952,105.94,-21.72902900768952,-123.03354329968357,4.635485708005945
2,20260923T132744Z-af5147f3,2026-09-23 13:27:44+00:00,afternoon,2026-09-30 13:00:00+00:00,7,132.24222181076695,99.94,-32.30222181076695,-124.91540799346335,7.326813817303602
2,20260923T132744Z-af5147f3,2026-09-23 13:27:44+00:00,afternoon,2026-09-30 14:00:00+00:00,7,141.08420069805086,150.0,8.915799301949136,-131.44052990999435,9.643670788056511
2,20260923T132744Z-af5147f3,2026-09-23 13:27:44+00:00,afternoon,2026-09-30 15:00:00+00:00,7,155.91570922579783,244.81,88.89429077420218,-138.59607666703465,17.319632558763175
2,20260923T132744Z-af5147f3,2026-09-23 13:27:44+00:00,afternoon,2026-09-30 16:00:00+00:00,7,164.3567484948577,213.28,48.923251505142304,-136.49582720607452,27.860921288783175
2,20260923T132744Z-af5147f3,2026-09-23 13:27:44+00:00,afternoon,2026-09-30 17:00:00+00:00,7,158.86686181177305,229.71,70.84313818822696,-136.08967847567564,22.77718333609741
2,20260923T132744Z-af5147f3,2026-09-23 13:27:44+00:00,afternoon,2026-09-30 18:00:00+00:00,7,145.51075200671596,245.84,100.32924799328404,-135.35848156952406,10.152270437191902
2,20260923T132744Z-af5147f3,2026-09-23 13:27:44+00:00,afternoon,2026-09-30 19:00:00+00:00,7,137.70647056588754,186.88,49.17352943411245,-128.84077959128123,8.86569097460631
2,20260923T132744Z-af5147f3,2026-09-23 13:27:44+00:00,afternoon,2026-09-30 20:00:00+00:00,7,121.93081801952226,102.71,-19.22081801952227,-112.73201924966293,9.198798769859337
2,20260923T132744Z-af5147f3,2026-09-23 13:27:44+00:00,afternoon,2026-09-30 21:00:00+00:00,8,108.86759970334788,51.09,-57.777599703347875,-90.94323116457844,17.924368538769443
2,20260924T032805Z-91181604,2026-09-24 03:28:05+00:00,morning,2026-09-24 21:00:00+00:00,1,11.43993505064594,49.03,37.59006494935406,9.059351539365895,20.499286590011835
2,20260924T032805Z-91181604,2026-09-24 03:28:05+00:00,morning,2026-09-24 22:00:00+00:00,1,21.83330588397927,34.99,13.15669411602073,1.12795461849979,22.96126050247906
2,20260924T032805Z-91181604,2026-09-24 03:28:05+00:00,morning,2026-09-24 23:00:00+00:00,1,15.265676717312608,33.0,17.73432328268739,1.742126304780489,17.007803022093096
2,20260924T032805Z-91181604,2026-09-24 03:28:05+00:00,morning,2026-09-25 00:00:00+00:00,1,12.842126717312608,34.14,21.29787328268739,1.3493145740835684,14.191441291396176
2,20260924T032805Z-91181604,2026-09-24 03:28:05+00:00,morning,2026-09-25 01:00:00+00:00,1,13.932380883979274,35.0,21.067619116020726,0.6386561361512226,14.571037020130497
2,20260924T032805Z-91181604,2026-09-24 03:28:05+00:00,morning,2026-09-25 02:00:00+00:00,1,17.045839217312597,29.99,12.944160782687401,0.05363463118783306,17.09947384850043
2,20260924T032805Z-91181604,2026-09-24 03:28:05+00:00,morning,2026-09-25 03:00:00+00:00,1,31.2518267173126,32.15,0.8981732826873987,-8.429008796874443,22.822817920438155
2,20260924T032805Z-91181604,2026-09-24 03:28:05+00:00,morning,2026-09-25 04:00:00+00:00,1,53.66811587903971,30.09,-23.57811587903971,-22.32049575291183,31.34762012612788
2,20260924T032805Z-91181604,2026-09-24 03:28:05+00:00,morning,2026-09-25 05:00:00+00:00,1,70.7361033790397,41.51,-29.226103379039706,-21.57603750781653,49.160065871223175
2,20260924T032805Z-91181604,2026-09-24 03:28:05+00:00,morning,2026-09-25 06:00:00+00:00,1,77.72355337903973,50.0,-27.72355337903973,-40.141037782674864,37.582515596364864
2,20260924T032805Z-91181604,2026-09-24 03:28:05+00:00,morning,2026-09-25 07:00:00+00:00,1,74.82370548792711,69.41,-5.413705487927118,-4.576480978879555,70.24722450904756
2,20260924T032805Z-91181604,2026-09-24 03:28:05+00:00,morning,2026-09-25 08:00:00+00:00,1,63.85872632126041,115.48,51.62127367873959,8.968703573189648,72.82742989445006
2,20260924T032805Z-91181604,2026-09-24 03:28:05+00:00,morning,2026-09-25 09:00:00+00:00,1,54.16001798792707,138.0,83.83998201207294,7.172152583860056,61.332170571787124
2,20260924T032805Z-91181604,2026-09-24 03:28:05+00:00,morning,2026-09-25 10:00:00+00:00,1,47.43826798792709,117.7,70.26173201207291,-2.2372838384780036,45.200984149449084
2,20260924T032805Z-91181604,2026-09-24 03:28:05+00:00,morning,2026-09-25 11:00:00+00:00,1,42.09155965459376,102.12,60.028440345406246,-8.155099540091898,33.93646011450186
2,20260924T032805Z-91181604,2026-09-24 03:28:05+00:00,morning,2026-09-25 12:00:00+00:00,1,40.58364504570637,74.67,34.08635495429363,-14.236795721267843,26.346849324438526
2,20260924T032805Z-91181604,2026-09-24 03:28:05+00:00,morning,2026-09-25 13:00:00+00:00,1,45.42832004570638,72.56,27.131679954293624,-20.787904426102827,24.64041561960355
2,20260924T032805Z-91181604,2026-09-24 03:28:05+00:00,morning,2026-09-25 14:00:00+00:00,1,55.39543254570638,96.66,41.26456745429362,-28.41112244063668,26.984310105069696
2,20260924T032805Z-91181604,2026-09-24 03:28:05+00:00,morning,2026-09-25 15:00:00+00:00,1,70.92119921237305,92.14,21.218800787626947,-47.890190202515925,23.03100900985713
2,20260924T032805Z-91181604,2026-09-24 03:28:05+00:00,morning,2026-09-25 16:00:00+00:00,1,79.76589087903972,69.02,-10.74589087903972,-62.37418916773983,17.391701711299888
2,20260924T032805Z-91181604,2026-09-24 03:28:05+00:00,morning,2026-09-25 17:00:00+00:00,1,72.68851975048891,66.57,-6.118519750488915,-46.54245933311003,26.146060417378877
2,20260924T032805Z-91181604,2026-09-24 03:28:05+00:00,morning,2026-09-25 18:00:00+00:00,1,56.10533336618141,49.47,-6.635333366181413,-15.866742053248487,40.238591312932925
2,20260924T032805Z-91181604,2026-09-24 03:28:05+00:00,morning,2026-09-25 19:00:00+00:00,1,47.05418505064595,35.84,-11.214185050645945,-11.637241332591746,35.4169437180542
2,20260924T032805Z-91181604,2026-09-24 03:28:05+00:00,morning,2026-09-25 20:00:00+00:00,1,28.639660050645936,37.18,8.540339949354063,1.9039551949630258,30.54361524560896
2,20260924T032805Z-91181604,2026-09-24 03:28:05+00:00,morning,2026-09-25 21:00:00+00:00,2,13.762185050645938,34.32,20.55781494935406,-0.8141082737030078,12.94807677694293
2,20260924T032805Z-91181604,2026-09-24 03:28:05+00:00,morning,2026-09-25 22:00:00+00:00,2,26.22990588397927,25.0,-1.2299058839792707,-6.996789874668094,19.233116009311175
2,20260924T032805Z-91181604,2026-09-24 03:28:05+00:00,morning,2026-09-25 23:00:00+00:00,2,21.12957671731261,25.88,4.75042328268739,-7.507732891212965,13.621843826099646
2,20260924T032805Z-91181604,2026-09-24 03:28:05+00:00,morning,2026-09-26 00:00:00+00:00,2,19.459026717312607,28.82,9.360973282687393,-8.249787310744148,11.209239406568459
2,20260924T032805Z-91181604,2026-09-24 03:28:05+00:00,morning,2026-09-26 01:00:00+00:00,2,20.24853088397927,29.24,8.991469116020728,-8.856701744993424,11.391829138985846
2,20260924T032805Z-91181604,2026-09-24 03:28:05+00:00,morning,2026-09-26 02:00:00+00:00,2,21.635639217312605,29.1,7.464360782687397,-12.294775924488688,9.340863292823917
2,20260924T032805Z-91181604,2026-09-24 03:28:05+00:00,morning,2026-09-26 03:00:00+00:00,2,32.5783767173126,30.15,-2.4283767173126023,-22.241396573567698,10.336980143744903
2,20260924T032805Z-91181604,2026-09-24 03:28:05+00:00,morning,2026-09-26 04:00:00+00:00,2,52.01896587903971,32.29,-19.728965879039713,-44.6536161695291,7.36534970951061
2,20260924T032805Z-91181604,2026-09-24 03:28:05+00:00,morning,2026-09-26 05:00:00+00:00,2,68.78275337903972,30.89,-37.89275337903972,-55.208304002359284,13.574449376680434
2,20260924T032805Z-91181604,2026-09-24 03:28:05+00:00,morning,2026-09-26 06:00:00+00:00,2,72.73030337903971,32.97,-39.76030337903971,-67.18595215111557,5.544351227924139
2,20260924T032805Z-91181604,2026-09-24 03:28:05+00:00,morning,2026-09-26 07:00:00+00:00,2,66.58707004570638,34.57,-32.01707004570638,-50.253076010646915,16.33399403505947
2,20260924T032805Z-91181604,2026-09-24 03:28:05+00:00,morning,2026-09-26 08:00:00+00:00,2,53.6115908790397,42.99,-10.621590879039701,-42.71407532831707,10.89751555072263
2,20260924T032805Z-91181604,2026-09-24 03:28:05+00:00,morning,2026-09-26 09:00:00+00:00,2,42.87898254570637,43.03,0.15101745429362978,-34.73342490629856,8.145557639407812
2,20260924T032805Z-91181604,2026-09-24 03:28:05+00:00,morning,2026-09-26 10:00:00+00:00,2,38.74973254570637,29.23,-9.519732545706372,-31.575285080694403,7.174447465011969
2,20260924T032805Z-91181604,2026-09-24 03:28:05+00:00,morning,2026-09-26 11:00:00+00:00,2,35.26052421237304,19.42,-15.84052421237304,-23.054704188666108,12.205820023706934
2,20260924T032805Z-91181604,2026-09-24 03:28:05+00:00,morning,2026-09-26 12:00:00+00:00,2,35.83579504570638,13.29,-22.545795045706377,-23.014298190567924,12.821496855138452
2,20260924T032805Z-91181604,2026-09-24 03:28:05+00:00,morning,2026-09-26 13:00:00+00:00,2,41.873270045706384,22.59,-19.283270045706384,-34.56709640275548,7.3061736429509025
2,20260924T032805Z-91181604,2026-09-24 03:28:05+00:00,morning,2026-09-26 14:00:00+00:00,2,53.05583254570637,24.99,-28.065832545706375,-41.49086989538961,11.564962650316765
2,20260924T032805Z-91181604,2026-09-24 03:28:05+00:00,morning,2026-09-26 15:00:00+00:00,2,70.53849921237304,28.93,-41.60849921237304,-54.44334774567639,16.09515146669665
2,20260924T032805Z-91181604,2026-09-24 03:28:05+00:00,morning,2026-09-26 16:00:00+00:00,2,80.5453614263417,39.97,-40.5753614263417,-72.41180817236976,8.13355325397194
2,20260924T032805Z-91181604,2026-09-24 03:28:05+00:00,morning,2026-09-26 17:00:00+00:00,2,74.32870082330184,38.03,-36.29870082330184,-59.529971824141086,14.798728999160758
2,20260924T032805Z-91181604,2026-09-24 03:28:05+00:00,morning,2026-09-26 18:00:00+00:00,2,57.87077255064594,34.42,-23.450772550645937,-35.303855068823296,22.566917481822642
2,20260924T032805Z-91181604,2026-09-24 03:28:05+00:00,morning,2026-09-26 19:00:00+00:00,2,48.93858505064594,21.72,-27.21858505064594,-28.539609448730733,20.398975601915208
2,20260924T032805Z-91181604,2026-09-24 03:28:05+00:00,morning,2026-09-26 20:00:00+00:00,2,30.81641005064593,19.49,-11.326410050645933,-10.144982479485536,20.671427571160393
2,20260924T032805Z-91181604,2026-09-24 03:28:05+00:00,morning,2026-09-26 21:00:00+00:00,3,18.032085050645936,15.83,-2.2020850506459357,-0.7547531741668198,17.277331876479117
2,20260924T032805Z-91181604,2026-09-24 03:28:05+00:00,morning,2026-09-26 22:00:00+00:00,3,29.895305883979272,13.08,-16.81530588397927,-14.063009495545062,15.83229638843421
2,20260924T032805Z-91181604,2026-09-24 03:28:05+00:00,morning,2026-09-26 23:00:00+00:00,3,23.8157767173126,17.76,-6.055776717312597,-11.766360436137765,12.049416281174834
2,20260924T032805Z-91181604,2026-09-24 03:28:05+00:00,morning,2026-09-27 00:00:00+00:00,3,21.601926717312605,14.3,-7.301926717312604,-12.752951672378199,8.848975044934406
2,20260924T032805Z-91181604,2026-09-24 03:28:05+00:00,morning,2026-09-27 01:00:00+00:00,3,22.49943088397926,12.81,-9.689430883979261,-13.280673076737926,9.218757807241335
2,20260924T032805Z-91181604,2026-09-24 03:28:05+00:00,morning,2026-09-27 02:00:00+00:00,3,23.7929392173126,10.74,-13.0529392173126,-13.162788798697521,10.630150418615079
2,20260924T032805Z-91181604,2026-09-24 03:28:05+00:00,morning,2026-09-27 03:00:00+00:00,3,34.7304267173126,9.99,-24.740426717312594,-21.041012421305393,13.689414296007204
2,20260924T032805Z-91181604,2026-09-24 03:28:05+00:00,morning,2026-09-27 04:00:00+00:00,3,53.09268014844712,9.7,-43.39268014844713,-42.4826381265883,10.610042021858824
2,20260924T032805Z-91181604,2026-09-24 03:28:05+00:00,morning,2026-09-27 05:00:00+00:00,3,67.8176566125388,10.0,-57.8176566125388,-63.14235400886935,4.675302603669451
2,20260924T032805Z-91181604,2026-09-24 03:28:05+00:00,morning,2026-09-27 06:00:00+00:00,3,72.89969547175576,9.99,-62.90969547175576,-68.28059308376773,4.619102387988036
2,20260924T032805Z-91181604,2026-09-24 03:28:05+00:00,morning,2026-09-27 07:00:00+00:00,3,68.17112622627609,39.62,-28.55112622627609,-50.93922553201369,17.2319006942624
2,20260924T032805Z-91181604,2026-09-24 03:28:05+00:00,morning,2026-09-27 08:00:00+00:00,3,57.06766145801937,29.81,-27.257661458019374,-43.46383373267998,13.603827725339393
2,20260924T032805Z-91181604,2026-09-24 03:28:05+00:00,morning,2026-09-27 09:00:00+00:00,3,48.58460256894382,19.49,-29.094602568943824,-39.89376310182981,8.69083946711401
2,20260924T032805Z-91181604,2026-09-24 03:28:05+00:00,morning,2026-09-27 10:00:00+00:00,3,46.18462628298135,19.49,-26.69462628298135,-40.47613394434155,5.7084923386398
2,20260924T032805Z-91181604,2026-09-24 03:28:05+00:00,morning,2026-09-27 11:00:00+00:00,3,45.47739392327178,19.9,-25.577393923271778,-34.206874478273754,11.270519444998023
2,20260924T032805Z-91181604,2026-09-24 03:28:05+00:00,morning,2026-09-27 12:00:00+00:00,3,47.51665794691448,16.35,-31.166657946914476,-40.90659881816571,6.610059128748766
2,20260924T032805Z-91181604,2026-09-24 03:28:05+00:00,morning,2026-09-27 13:00:00+00:00,3,54.38716946957839,19.99,-34.39716946957839,-48.53308087077412,5.8540885988042675
2,20260924T032805Z-91181604,2026-09-24 03:28:05+00:00,morning,2026-09-27 14:00:00+00:00,3,64.33798045592457,21.99,-42.34798045592457,-56.033422446111665,8.3045580098129
2,20260924T032805Z-91181604,2026-09-24 03:28:05+00:00,morning,2026-09-27 15:00:00+00:00,3,80.35260435782685,38.73,-41.62260435782685,-79.11004428172443,1.2425600761024214
2,20260924T032805Z-91181604,2026-09-24 03:28:05+00:00,morning,2026-09-27 16:00:00+00:00,3,88.04608186307567,47.2,-40.84608186307567,-75.2030847433793,12.842997119696363
2,20260924T032805Z-91181604,2026-09-24 03:28:05+00:00,morning,2026-09-27 17:00:00+00:00,3,76.62652101378436,43.76,-32.86652101378436,-61.77099624640642,14.855524767377936
2,20260924T032805Z-91181604,2026-09-24 03:28:05+00:00,morning,2026-09-27 18:00:00+00:00,3,57.87095137527981,37.3,-20.57095137527981,-30.375539496927004,27.495411878352805
2,20260924T032805Z-91181604,2026-09-24 03:28:05+00:00,morning,2026-09-27 19:00:00+00:00,3,48.18958210328641,33.57,-14.619582103286412,-27.87766850824721,20.3119135950392
2,20260924T032805Z-91181604,2026-09-24 03:28:05+00:00,morning,2026-09-27 20:00:00+00:00,3,29.806063270529982,32.18,2.3739367294700173,-7.004180620059239,22.801882650470745
2,20260924T032805Z-91181604,2026-09-24 03:28:05+00:00,morning,2026-09-27 21:00:00+00:00,4,21.15868873980865,19.54,-1.6186887398086505,25.01991562106424,46.17860436087289
2,20260924T032805Z-91181604,2026-09-24 03:28:05+00:00,morning,2026-09-27 22:00:00+00:00,4,32.38525582939725,21.96,-10.425255829397251,9.946414308603352,42.331670138000604
2,20260924T032805Z-91181604,2026-09-24 03:28:05+00:00,morning,2026-09-27 23:00:00+00:00,4,26.11488062368679,9.64,-16.47488062368679,17.46831938900168,43.58320001268847
2,20260924T032805Z-91181604,2026-09-24 03:28:05+00:00,morning,2026-09-28 00:00:00+00:00,4,23.138846140398197,6.88,-16.258846140398198,17.624936020959847,40.763782161358044
2,20260924T032805Z-91181604,2026-09-24 03:28:05+00:00,morning,2026-09-28 01:00:00+00:00,4,22.647068989073844,5.03,-17.617068989073843,17.43697409804282,40.08404308711667
2,20260924T032805Z-91181604,2026-09-24 03:28:05+00:00,morning,2026-09-28 02:00:00+00:00,4,22.610015441175427,4.09,-18.520015441175428,21.88872102654964,44.49873646772507
2,20260924T032805Z-91181604,2026-09-24 03:28:05+00:00,morning,2026-09-28 03:00:00+00:00,4,32.268120656005955,4.78,-27.488120656005954,17.28572026756633,49.55384092357228
2,20260924T032805Z-91181604,2026-09-24 03:28:05+00:00,morning,2026-09-28 04:00:00+00:00,4,50.46821805263854,6.33,-44.13821805263854,10.529639399854922,60.99785745249346
2,20260924T032805Z-91181604,2026-09-24 03:28:05+00:00,morning,2026-09-28 05:00:00+00:00,4,64.44587660037723,12.95,-51.49587660037723,6.397489938899289,70.84336653927652
2,20260924T032805Z-91181604,2026-09-24 03:28:05+00:00,morning,2026-09-28 06:00:00+00:00,4,69.11023810096628,15.02,-54.09023810096629,1.0343327999398446,70.14457090090613
2,20260924T032805Z-91181604,2026-09-24 03:28:05+00:00,morning,2026-09-28 07:00:00+00:00,4,65.56169469883791,13.23,-52.33169469883791,10.415718295210583,75.97741299404849
2,20260924T032805Z-91181604,2026-09-24 03:28:05+00:00,morning,2026-09-28 08:00:00+00:00,4,56.88761669328773,6.55,-50.337616693287735,41.284251005492656,98.17186769878039
2,20260924T032805Z-91181604,2026-09-24 03:28:05+00:00,morning,2026-09-28 09:00:00+00:00,4,50.022920570641055,5.4,-44.62292057064106,30.942032083616464,80.96495265425752
2,20260924T032805Z-91181604,2026-09-24 03:28:05+00:00,morning,2026-09-28 10:00:00+00:00,4,46.68353653915959,3.67,-43.01353653915959,29.088041454893684,75.77157799405327
2,20260924T032805Z-91181604,2026-09-24 03:28:05+00:00,morning,2026-09-28 11:00:00+00:00,4,43.43125283576225,3.56,-39.87125283576225,25.67643510929578,69.10768794505803
2,20260924T032805Z-91181604,2026-09-24 03:28:05+00:00,morning,2026-09-28 12:00:00+00:00,4,42.424339506214224,3.76,-38.664339506214226,24.240320425360096,66.66465993157432
2,20260924T032805Z-91181604,2026-09-24 03:28:05+00:00,morning,2026-09-28 13:00:00+00:00,4,45.892851418674624,3.87,-42.02285141867463,17.411652369912698,63.304503788587326
2,20260924T032805Z-91181604,2026-09-24 03:28:05+00:00,morning,2026-09-28 14:00:00+00:00,4,53.92150720971042,5.0,-48.92150720971042,10.780677230219531,64.70218443992995
2,20260924T032805Z-91181604,2026-09-24 03:28:05+00:00,morning,2026-09-28 15:00:00+00:00,4,69.17126974516944,8.3,-60.87126974516944,-5.451425621478952,63.719844123690486
2,20260924T032805Z-91181604,2026-09-24 03:28:05+00:00,morning,2026-09-28 16:00:00+00:00,4,75.49562891009256,8.33,-67.16562891009256,-6.769377138897411,68.72625177119515
2,20260924T032805Z-91181604,2026-09-24 03:28:05+00:00,morning,2026-09-28 17:00:00+00:00,4,63.939385683330414,8.56,-55.37938568333041,-6.362017778028115,57.577367905302296
2,20260924T032805Z-91181604,2026-09-24 03:28:05+00:00,morning,2026-09-28 18:00:00+00:00,4,44.76557558371604,6.43,-38.33557558371604,14.662566719889668,59.42814230360571
2,20260924T032805Z-91181604,2026-09-24 03:28:05+00:00,morning,2026-09-28 19:00:00+00:00,4,34.42748561106738,5.7,-28.727485611067383,6.882568557022049,41.31005416808943
2,20260924T032805Z-91181604,2026-09-24 03:28:05+00:00,morning,2026-09-28 20:00:00+00:00,4,15.832812509085922,9.04,-6.792812509085923,-4.986153668818713,10.84665884026721
2,20260924T032805Z-91181604,2026-09-24 03:28:05+00:00,morning,2026-09-28 21:00:00+00:00,5,6.04809742979695,5.29,-0.7580974297969503,4.0876271933816595,10.13572462317861
2,20260924T032805Z-91181604,2026-09-24 03:28:05+00:00,morning,2026-09-28 22:00:00+00:00,5,19.132261708292663,5.0,-14.132261708292663,16.0310563626469,35.16331807093957
2,20260924T032805Z-91181604,2026-09-24 03:28:05+00:00,morning,2026-09-28 23:00:00+00:00,5,14.980507099463292,4.0,-10.980507099463292,30.639990360848547,45.62049746031184
2,20260924T032805Z-91181604,2026-09-24 03:28:05+00:00,morning,2026-09-29 00:00:00+00:00,5,13.085083697941029,5.02,-8.065083697941029,30.57422464029177,43.6593083382328
2,20260924T032805Z-91181604,2026-09-24 03:28:05+00:00,morning,2026-09-29 01:00:00+00:00,5,14.405338471546184,7.38,-7.025338471546184,30.935686022225813,45.341024493772
2,20260924T032805Z-91181604,2026-09-24 03:28:05+00:00,morning,2026-09-29 02:00:00+00:00,5,17.722086019022655,9.03,-8.692086019022655,31.39496505053371,49.11705106955637
2,20260924T032805Z-91181604,2026-09-24 03:28:05+00:00,morning,2026-09-29 03:00:00+00:00,5,29.37230596306517,21.79,-7.582305963065171,45.3053960749917,74.67770203805686
2,20260924T032805Z-91181604,2026-09-24 03:28:05+00:00,morning,2026-09-29 04:00:00+00:00,5,48.074942688114,22.06,-26.014942688114,30.623097623400536,78.69804031151453
2,20260924T032805Z-91181604,2026-09-24 03:28:05+00:00,morning,2026-09-29 05:00:00+00:00,5,63.31809838426683,39.91,-23.408098384266836,20.410858753089656,83.72895713735649
2,20260924T032805Z-91181604,2026-09-24 03:28:05+00:00,morning,2026-09-29 06:00:00+00:00,5,68.62896700115041,89.88,21.25103299884958,22.06207679488295,90.69104379603337
2,20260924T032805Z-91181604,2026-09-24 03:28:05+00:00,morning,2026-09-29 07:00:00+00:00,5,64.2001440230741,93.85,29.649855976925892,26.417565582107247,90.61770960518135
2,20260924T032805Z-91181604,2026-09-24 03:28:05+00:00,morning,2026-09-29 08:00:00+00:00,5,55.04285394517588,114.2,59.157146054824125,33.34192999365281,88.38478393882869
2,20260924T032805Z-91181604,2026-09-24 03:28:05+00:00,morning,2026-09-29 09:00:00+00:00,5,46.58803502606088,110.26,63.671964973939126,32.0957592421173,78.68379426817819
2,20260924T032805Z-91181604,2026-09-24 03:28:05+00:00,morning,2026-09-29 10:00:00+00:00,5,45.095119067060764,105.26,60.16488093293924,12.388115398079998,57.48323446514076
2,20260924T032805Z-91181604,2026-09-24 03:28:05+00:00,morning,2026-09-29 11:00:00+00:00,5,43.87056672967231,98.44,54.569433270327686,-5.324788196811635,38.54577853286068
2,20260924T032805Z-91181604,2026-09-24 03:28:05+00:00,morning,2026-09-29 12:00:00+00:00,5,43.34593966597467,98.33,54.98406033402533,-10.04976498743432,33.296174678540346
2,20260924T032805Z-91181604,2026-09-24 03:28:05+00:00,morning,2026-09-29 13:00:00+00:00,5,52.143752510416775,103.95,51.80624748958323,-18.78352938876725,33.360223121649526
2,20260924T032805Z-91181604,2026-09-24 03:28:05+00:00,morning,2026-09-29 14:00:00+00:00,5,63.81028537835999,108.8,44.989714621640005,-25.40723844502343,38.40304693333656
2,20260924T032805Z-91181604,2026-09-24 03:28:05+00:00,morning,2026-09-29 15:00:00+00:00,5,81.47588628617362,124.08,42.60411371382638,-40.753665275426165,40.722221010747454
2,20260924T032805Z-91181604,2026-09-24 03:28:05+00:00,morning,2026-09-29 16:00:00+00:00,5,89.56588446883714,115.85,26.284115531162854,-47.276627415518504,42.289257053318636
2,20260924T032805Z-91181604,2026-09-24 03:28:05+00:00,morning,2026-09-29 17:00:00+00:00,5,78.30671613362554,57.39,-20.916716133625542,-46.73825302623355,31.56846310739199
2,20260924T032805Z-91181604,2026-09-24 03:28:05+00:00,morning,2026-09-29 18:00:00+00:00,5,60.8371653693016,56.25,-4.5871653693016015,-16.94118676025521,43.895978609046395
2,20260924T032805Z-91181604,2026-09-24 03:28:05+00:00,morning,2026-09-29 19:00:00+00:00,5,54.84037221892651,28.49,-26.350372218926513,-5.8959031475970605,48.94446907132945
2,20260924T032805Z-91181604,2026-09-24 03:28:05+00:00,morning,2026-09-29 20:00:00+00:00,5,36.93127183386773,39.0,2.068728166132267,5.511437593882469,42.4427094277502
2,20260924T032805Z-91181604,2026-09-24 03:28:05+00:00,morning,2026-09-29 21:00:00+00:00,6,26.019522069359013,38.75,12.730477930640987,6.138878668233671,32.158400737592686
2,20260924T032805Z-91181604,2026-09-24 03:28:05+00:00,morning,2026-09-29 22:00:00+00:00,6,37.65297343586442,40.56,2.9070265641355846,-7.938225859507225,29.714747576357194
2,20260924T032805Z-91181604,2026-09-24 03:28:05+00:00,morning,2026-09-29 23:00:00+00:00,6,33.13981613048142,43.18,10.040183869518579,-0.5826513078285109,32.55716482265291
2,20260924T032805Z-91181604,2026-09-24 03:28:05+00:00,morning,2026-09-30 00:00:00+00:00,6,31.34117699437704,52.32,20.97882300562296,-3.03872419781383,28.30245279656321
2,20260924T032805Z-91181604,2026-09-24 03:28:05+00:00,morning,2026-09-30 01:00:00+00:00,6,32.84834708295227,61.7,28.85165291704773,-0.8777937030965484,31.970553379855726
2,20260924T032805Z-91181604,2026-09-24 03:28:05+00:00,morning,2026-09-30 02:00:00+00:00,6,33.99203897054763,82.08,48.087961029452366,-1.0264080170467387,32.96563095350089
2,20260924T032805Z-91181604,2026-09-24 03:28:05+00:00,morning,2026-09-30 03:00:00+00:00,6,45.10038442016483,107.3,62.19961557983517,-3.3950838345990237,41.70530058556581
2,20260924T032805Z-91181604,2026-09-24 03:28:05+00:00,morning,2026-09-30 04:00:00+00:00,6,64.00653732059072,154.8,90.79346267940929,-21.20723339763682,42.799303922953904
2,20260924T032805Z-91181604,2026-09-24 03:28:05+00:00,morning,2026-09-30 05:00:00+00:00,6,77.90830209950244,197.27,119.36169790049757,-34.15544657862388,43.752855520878555
2,20260924T032805Z-91181604,2026-09-24 03:28:05+00:00,morning,2026-09-30 06:00:00+00:00,6,81.3030549358207,210.56,129.25694506417932,-44.828450451889694,36.474604483931
2,20260924T032805Z-91181604,2026-09-24 03:28:05+00:00,morning,2026-09-30 07:00:00+00:00,6,75.93166530063723,240.26,164.32833469936276,-35.427393595137346,40.50427170549989
2,20260924T032805Z-91181604,2026-09-24 03:28:05+00:00,morning,2026-09-30 08:00:00+00:00,6,66.35214837933552,149.94,83.58785162066448,-26.547859163888933,39.80428921544659
2,20260924T032805Z-91181604,2026-09-24 03:28:05+00:00,morning,2026-09-30 09:00:00+00:00,6,59.18528718371768,116.87,57.68471281628232,-22.48169039569957,36.70359678801812
2,20260924T032805Z-91181604,2026-09-24 03:28:05+00:00,morning,2026-09-30 10:00:00+00:00,6,56.75666880827279,113.71,56.9533311917272,-25.015975590590077,31.740693217682715
2,20260924T032805Z-91181604,2026-09-24 03:28:05+00:00,morning,2026-09-30 11:00:00+00:00,6,56.14157986282434,108.27,52.12842013717566,-32.445100509461774,23.696479353362562
2,20260924T032805Z-91181604,2026-09-24 03:28:05+00:00,morning,2026-09-30 12:00:00+00:00,6,57.53009851678349,105.94,48.40990148321651,-38.755857241581715,18.774241275201774
2,20260924T032805Z-91181604,2026-09-24 03:28:05+00:00,morning,2026-09-30 13:00:00+00:00,6,61.005299274707184,99.94,38.934700725292814,-47.67394966845148,13.331349606255706
2,20260924T032805Z-91181604,2026-09-24 03:28:05+00:00,morning,2026-09-30 14:00:00+00:00,6,68.88075036338114,150.0,81.11924963661886,-49.60429503780873,19.276455325572407
2,20260924T032805Z-91181604,2026-09-24 03:28:05+00:00,morning,2026-09-30 15:00:00+00:00,6,83.0736382389315,244.81,161.7363617610685,-71.72931611739348,11.344322121538013
2,20260924T032805Z-91181604,2026-09-24 03:28:05+00:00,morning,2026-09-30 16:00:00+00:00,6,88.83000740388243,213.28,124.44999259611757,-69.06593438356482,19.76407302031761
2,20260924T032805Z-91181604,2026-09-24 03:28:05+00:00,morning,2026-09-30 17:00:00+00:00,6,77.63298238622512,229.71,152.0770176137749,-57.466534565975216,20.166447820249907
2,20260924T032805Z-91181604,2026-09-24 03:28:05+00:00,morning,2026-09-30 18:00:00+00:00,6,60.711921628190126,245.84,185.12807837180986,-31.66453738907758,29.047384239112546
2,20260924T032805Z-91181604,2026-09-24 03:28:05+00:00,morning,2026-09-30 19:00:00+00:00,6,49.96511644735159,186.88,136.9148835526484,-34.788254798694844,15.176861648656747
2,20260924T032805Z-91181604,2026-09-24 03:28:05+00:00,morning,2026-09-30 20:00:00+00:00,6,31.59967261013013,102.71,71.11032738986987,-24.49232378522816,7.1073488249019725
2,20260924T032805Z-91181604,2026-09-24 03:28:05+00:00,morning,2026-09-30 21:00:00+00:00,7,20.553932558604544,51.09,30.53606744139546,-10.008659911755718,10.545272646848826
3,20260924T132800Z-82403d4d,2026-09-24 13:28:00+00:00,afternoon,2026-09-25 21:00:00+00:00,2,36.36763360761861,34.32,-2.0476336076186072,61.79728021240939,98.164913820028
3,20260924T132800Z-82403d4d,2026-09-24 13:28:00+00:00,afternoon,2026-09-25 22:00:00+00:00,2,48.381783607618594,25.0,-23.381783607618594,74.10283793187666,122.48462153949527
3,20260924T132800Z-82403d4d,2026-09-24 13:28:00+00:00,afternoon,2026-09-25 23:00:00+00:00,2,43.3216836076186,25.88,-17.441683607618604,77.9659563410614,121.28763994868001
3,20260924T132800Z-82403d4d,2026-09-24 13:28:00+00:00,afternoon,2026-09-26 00:00:00+00:00,2,41.9048836076186,28.82,-13.0848836076186,79.22999689571311,121.13488050333171
3,20260924T132800Z-82403d4d,2026-09-24 13:28:00+00:00,afternoon,2026-09-26 01:00:00+00:00,2,43.126533607618605,29.24,-13.886533607618606,77.58156004338855,120.70809365100715
3,20260924T132800Z-82403d4d,2026-09-24 13:28:00+00:00,afternoon,2026-09-26 02:00:00+00:00,2,45.0222836076186,29.1,-15.922283607618596,75.05479971529265,120.07708332291125
3,20260924T132800Z-82403d4d,2026-09-24 13:28:00+00:00,afternoon,2026-09-26 03:00:00+00:00,2,56.512783607618594,30.15,-26.362783607618596,74.92176405939408,131.43454766701268
3,20260924T132800Z-82403d4d,2026-09-24 13:28:00+00:00,afternoon,2026-09-26 04:00:00+00:00,2,76.50780654575031,32.29,-44.217806545750314,42.4349865199811,118.94279306573142
3,20260924T132800Z-82403d4d,2026-09-24 13:28:00+00:00,afternoon,2026-09-26 05:00:00+00:00,2,92.14480654575031,30.89,-61.25480654575031,42.353219064812286,134.4980256105626
3,20260924T132800Z-82403d4d,2026-09-24 13:28:00+00:00,afternoon,2026-09-26 06:00:00+00:00,2,97.3859065457503,32.97,-64.4159065457503,30.316534625263305,127.7024411710136
3,20260924T132800Z-82403d4d,2026-09-24 13:28:00+00:00,afternoon,2026-09-26 07:00:00+00:00,2,93.17325654575032,34.57,-58.60325654575032,43.36853189895945,136.54178844470977
3,20260924T132800Z-82403d4d,2026-09-24 13:28:00+00:00,afternoon,2026-09-26 08:00:00+00:00,2,81.2713065457503,42.99,-38.281306545750304,48.475150740690005,129.74645728644032
3,20260924T132800Z-82403d4d,2026-09-24 13:28:00+00:00,afternoon,2026-09-26 09:00:00+00:00,2,70.6343065457503,43.03,-27.604306545750305,79.57208199510869,150.206388540859
3,20260924T132800Z-82403d4d,2026-09-24 13:28:00+00:00,afternoon,2026-09-26 10:00:00+00:00,2,64.50390654575031,29.23,-35.27390654575031,95.76172630789263,160.26563285364296
3,20260924T132800Z-82403d4d,2026-09-24 13:28:00+00:00,afternoon,2026-09-26 11:00:00+00:00,2,61.19255654575032,19.42,-41.77255654575032,96.50424544164677,157.6968019873971
3,20260924T132800Z-82403d4d,2026-09-24 13:28:00+00:00,afternoon,2026-09-26 12:00:00+00:00,2,60.06245654575031,13.29,-46.77245654575031,97.03517883148386,157.09763537723416
3,20260924T132800Z-82403d4d,2026-09-24 13:28:00+00:00,afternoon,2026-09-26 13:00:00+00:00,2,66.10070654575031,22.59,-43.51070654575031,95.66813127940365,161.76883782515398
3,20260924T132800Z-82403d4d,2026-09-24 13:28:00+00:00,afternoon,2026-09-26 14:00:00+00:00,2,76.64730654575031,24.99,-51.657306545750316,56.21532768041727,132.8626342261676
3,20260924T132800Z-82403d4d,2026-09-24 13:28:00+00:00,afternoon,2026-09-26 15:00:00+00:00,2,93.24545654575032,28.93,-64.31545654575032,39.95315944276896,133.19861598851926
3,20260924T132800Z-82403d4d,2026-09-24 13:28:00+00:00,afternoon,2026-09-26 16:00:00+00:00,2,102.91385456465495,39.97,-62.943854564654956,27.527263578710674,130.44111814336563
3,20260924T132800Z-82403d4d,2026-09-24 13:28:00+00:00,afternoon,2026-09-26 17:00:00+00:00,2,97.1198808101554,38.03,-59.08988081015539,30.27456763070743,127.39444844086282
3,20260924T132800Z-82403d4d,2026-09-24 13:28:00+00:00,afternoon,2026-09-26 18:00:00+00:00,2,81.1586836076186,34.42,-46.7386836076186,57.93574155485275,139.09442516247134
3,20260924T132800Z-82403d4d,2026-09-24 13:28:00+00:00,afternoon,2026-09-26 19:00:00+00:00,2,72.86383360761859,21.72,-51.14383360761859,56.05487100998876,128.91870461760735
3,20260924T132800Z-82403d4d,2026-09-24 13:28:00+00:00,afternoon,2026-09-26 20:00:00+00:00,2,54.8374836076186,19.49,-35.3474836076186,61.69901301653796,116.53649662415657
3,20260924T132800Z-82403d4d,2026-09-24 13:28:00+00:00,afternoon,2026-09-26 21:00:00+00:00,3,41.75803360761861,15.83,-25.92803360761861,41.52638190491098,83.28441551252959
3,20260924T132800Z-82403d4d,2026-09-24 13:28:00+00:00,afternoon,2026-09-26 22:00:00+00:00,3,52.5631836076186,13.08,-39.4831836076186,39.88653071851955,92.44971432613815
3,20260924T132800Z-82403d4d,2026-09-24 13:28:00+00:00,afternoon,2026-09-26 23:00:00+00:00,3,46.2907836076186,17.76,-28.5307836076186,42.8088031158256,89.09958672344419
3,20260924T132800Z-82403d4d,2026-09-24 13:28:00+00:00,afternoon,2026-09-27 00:00:00+00:00,3,43.7336836076186,14.3,-29.4336836076186,45.13922502516148,88.87290863278008
3,20260924T132800Z-82403d4d,2026-09-24 13:28:00+00:00,afternoon,2026-09-27 01:00:00+00:00,3,43.90758360761859,12.81,-31.09758360761859,43.58215687976731,87.4897404873859
3,20260924T132800Z-82403d4d,2026-09-24 13:28:00+00:00,afternoon,2026-09-27 02:00:00+00:00,3,44.6532836076186,10.74,-33.913283607618595,40.00129269887003,84.65457630648862
3,20260924T132800Z-82403d4d,2026-09-24 13:28:00+00:00,afternoon,2026-09-27 03:00:00+00:00,3,55.6516336076186,9.99,-45.6616336076186,38.86756659167048,94.51920019928909
3,20260924T132800Z-82403d4d,2026-09-24 13:28:00+00:00,afternoon,2026-09-27 04:00:00+00:00,3,75.7304336076186,9.7,-66.03043360761859,45.47739625521075,121.20782986282934
3,20260924T132800Z-82403d4d,2026-09-24 13:28:00+00:00,afternoon,2026-09-27 05:00:00+00:00,3,91.9976565457503,10.0,-81.9976565457503,16.981030607778614,108.97868715352891
3,20260924T132800Z-82403d4d,2026-09-24 13:28:00+00:00,afternoon,2026-09-27 06:00:00+00:00,3,98.4851065457503,9.99,-88.4951065457503,24.786141867048,123.2712484127983
3,20260924T132800Z-82403d4d,2026-09-24 13:28:00+00:00,afternoon,2026-09-27 07:00:00+00:00,3,96.2969001372211,39.62,-56.676900137221104,18.660896440072452,114.95779657729355
3,20260924T132800Z-82403d4d,2026-09-24 13:28:00+00:00,afternoon,2026-09-27 08:00:00+00:00,3,87.0966501372211,29.81,-57.2866501372211,43.68005482294025,130.77670496016134
3,20260924T132800Z-82403d4d,2026-09-24 13:28:00+00:00,afternoon,2026-09-27 09:00:00+00:00,3,77.72325013722109,19.49,-58.23325013722109,51.611321212694385,129.33457134991548
3,20260924T132800Z-82403d4d,2026-09-24 13:28:00+00:00,afternoon,2026-09-27 10:00:00+00:00,3,72.2775501372211,19.49,-52.7875501372211,65.05356849550698,137.33111863272808
3,20260924T132800Z-82403d4d,2026-09-24 13:28:00+00:00,afternoon,2026-09-27 11:00:00+00:00,3,69.6931501372211,19.9,-49.7931501372211,72.65675050765506,142.34990064487616
3,20260924T132800Z-82403d4d,2026-09-24 13:28:00+00:00,afternoon,2026-09-27 12:00:00+00:00,3,69.8319001372211,16.35,-53.481900137221096,73.66851485011449,143.5004149873356
3,20260924T132800Z-82403d4d,2026-09-24 13:28:00+00:00,afternoon,2026-09-27 13:00:00+00:00,3,76.4685501372211,19.99,-56.478550137221106,54.831011568647035,131.29956170586814
3,20260924T132800Z-82403d4d,2026-09-24 13:28:00+00:00,afternoon,2026-09-27 14:00:00+00:00,3,86.9064991319686,21.99,-64.9164991319686,43.15148902055565,130.05798815252425
3,20260924T132800Z-82403d4d,2026-09-24 13:28:00+00:00,afternoon,2026-09-27 15:00:00+00:00,3,102.33288910011768,38.73,-63.602889100117686,20.985757602926338,123.31864670304402
3,20260924T132800Z-82403d4d,2026-09-24 13:28:00+00:00,afternoon,2026-09-27 16:00:00+00:00,3,109.077899286136,47.2,-61.877899286136,33.87444570996427,142.95234499610027
3,20260924T132800Z-82403d4d,2026-09-24 13:28:00+00:00,afternoon,2026-09-27 17:00:00+00:00,3,99.63595888647048,43.76,-55.87595888647048,36.922366951582006,136.5583258380525
3,20260924T132800Z-82403d4d,2026-09-24 13:28:00+00:00,afternoon,2026-09-27 18:00:00+00:00,3,83.22508867492292,37.3,-45.92508867492292,76.39718089916248,159.6222695740854
3,20260924T132800Z-82403d4d,2026-09-24 13:28:00+00:00,afternoon,2026-09-27 19:00:00+00:00,3,74.1253880252358,33.57,-40.55538802523579,77.14809661362895,151.27348463886474
3,20260924T132800Z-82403d4d,2026-09-24 13:28:00+00:00,afternoon,2026-09-27 20:00:00+00:00,3,56.68209997587404,32.18,-24.50209997587404,127.40631399509061,184.08841397096467
3,20260924T132800Z-82403d4d,2026-09-24 13:28:00+00:00,afternoon,2026-09-27 21:00:00+00:00,4,48.73460955152494,19.54,-29.19460955152494,66.71158692709942,115.44619647862436
3,20260924T132800Z-82403d4d,2026-09-24 13:28:00+00:00,afternoon,2026-09-27 22:00:00+00:00,4,59.6762270409044,21.96,-37.7162270409044,60.79118808464102,120.46741512554541
3,20260924T132800Z-82403d4d,2026-09-24 13:28:00+00:00,afternoon,2026-09-27 23:00:00+00:00,4,54.454807178985845,9.64,-44.814807178985845,63.2386270292362,117.69343420822204
3,20260924T132800Z-82403d4d,2026-09-24 13:28:00+00:00,afternoon,2026-09-28 00:00:00+00:00,4,51.41868920680397,6.88,-44.538689206803966,65.07830668856067,116.49699589536465
3,20260924T132800Z-82403d4d,2026-09-24 13:28:00+00:00,afternoon,2026-09-28 01:00:00+00:00,4,51.149723828315565,5.03,-46.119723828315564,52.83471526560807,103.98443909392364
3,20260924T132800Z-82403d4d,2026-09-24 13:28:00+00:00,afternoon,2026-09-28 02:00:00+00:00,4,50.493173672957454,4.09,-46.40317367295745,46.70908220150285,97.2022558744603
3,20260924T132800Z-82403d4d,2026-09-24 13:28:00+00:00,afternoon,2026-09-28 03:00:00+00:00,4,60.16519991469095,4.78,-55.38519991469095,58.216909146766646,118.3821090614576
3,20260924T132800Z-82403d4d,2026-09-24 13:28:00+00:00,afternoon,2026-09-28 04:00:00+00:00,4,78.56139861852324,6.33,-72.23139861852324,70.1272869414185,148.68868555994175
3,20260924T132800Z-82403d4d,2026-09-24 13:28:00+00:00,afternoon,2026-09-28 05:00:00+00:00,4,93.41913111863248,12.95,-80.46913111863248,60.64070777932578,154.05983889795826
3,20260924T132800Z-82403d4d,2026-09-24 13:28:00+00:00,afternoon,2026-09-28 06:00:00+00:00,4,98.06665275823958,15.02,-83.04665275823959,65.44834172207332,163.5149944803129
3,20260924T132800Z-82403d4d,2026-09-24 13:28:00+00:00,afternoon,2026-09-28 07:00:00+00:00,4,93.6953534379461,13.23,-80.46535343794609,65.42119757259856,159.11655101054464
3,20260924T132800Z-82403d4d,2026-09-24 13:28:00+00:00,afternoon,2026-09-28 08:00:00+00:00,4,84.24663664326107,6.55,-77.69663664326107,91.47255489545707,175.71919153871812
3,20260924T132800Z-82403d4d,2026-09-24 13:28:00+00:00,afternoon,2026-09-28 09:00:00+00:00,4,75.6209848167215,5.4,-70.2209848167215,76.88288996312764,152.50387477984913
3,20260924T132800Z-82403d4d,2026-09-24 13:28:00+00:00,afternoon,2026-09-28 10:00:00+00:00,4,70.14857810890123,3.67,-66.47857810890123,79.57961765523581,149.72819576413704
3,20260924T132800Z-82403d4d,2026-09-24 13:28:00+00:00,afternoon,2026-09-28 11:00:00+00:00,4,66.37659767448132,3.56,-62.816597674481315,94.53711818265688,160.9137158571382
3,20260924T132800Z-82403d4d,2026-09-24 13:28:00+00:00,afternoon,2026-09-28 12:00:00+00:00,4,66.13799041035615,3.76,-62.377990410356155,90.3418606048351,156.47985101519126
3,20260924T132800Z-82403d4d,2026-09-24 13:28:00+00:00,afternoon,2026-09-28 13:00:00+00:00,4,70.57272070483609,3.87,-66.70272070483608,74.68691217880433,145.25963288364042
3,20260924T132800Z-82403d4d,2026-09-24 13:28:00+00:00,afternoon,2026-09-28 14:00:00+00:00,4,79.93156095812894,5.0,-74.93156095812894,51.318151345099395,131.24971230322834
3,20260924T132800Z-82403d4d,2026-09-24 13:28:00+00:00,afternoon,2026-09-28 15:00:00+00:00,4,95.11299416470747,8.3,-86.81299416470748,25.52255479426979,120.63554895897727
3,20260924T132800Z-82403d4d,2026-09-24 13:28:00+00:00,afternoon,2026-09-28 16:00:00+00:00,4,101.11541040456058,8.33,-92.78541040456058,36.41062347081383,137.52603387537442
3,20260924T132800Z-82403d4d,2026-09-24 13:28:00+00:00,afternoon,2026-09-28 17:00:00+00:00,4,91.4887670744503,8.56,-82.92876707445029,37.59410722452787,129.08287429897817
3,20260924T132800Z-82403d4d,2026-09-24 13:28:00+00:00,afternoon,2026-09-28 18:00:00+00:00,4,72.43735432595294,6.43,-66.00735432595295,101.17122456385027,173.6085788898032
3,20260924T132800Z-82403d4d,2026-09-24 13:28:00+00:00,afternoon,2026-09-28 19:00:00+00:00,4,62.16482980438273,5.7,-56.464829804382724,121.95672049605301,184.12155030043573
3,20260924T132800Z-82403d4d,2026-09-24 13:28:00+00:00,afternoon,2026-09-28 20:00:00+00:00,4,43.81066619172212,9.04,-34.77066619172212,125.41891871293284,169.22958490465496
3,20260924T132800Z-82403d4d,2026-09-24 13:28:00+00:00,afternoon,2026-09-28 21:00:00+00:00,5,33.39593190483029,5.29,-28.105931904830292,51.01622079694195,84.41215270177224
3,20260924T132800Z-82403d4d,2026-09-24 13:28:00+00:00,afternoon,2026-09-28 22:00:00+00:00,5,44.30373696721109,5.0,-39.30373696721109,47.6873991630587,91.99113613026978
3,20260924T132800Z-82403d4d,2026-09-24 13:28:00+00:00,afternoon,2026-09-28 23:00:00+00:00,5,39.659690025802206,4.0,-35.659690025802206,48.03694820837187,87.69663823417407
3,20260924T132800Z-82403d4d,2026-09-24 13:28:00+00:00,afternoon,2026-09-29 00:00:00+00:00,5,38.1560080197715,5.02,-33.136008019771495,50.262567840118535,88.41857585989004
3,20260924T132800Z-82403d4d,2026-09-24 13:28:00+00:00,afternoon,2026-09-29 01:00:00+00:00,5,38.59326277135183,7.38,-31.213262771351832,49.94526475400183,88.53852752535366
3,20260924T132800Z-82403d4d,2026-09-24 13:28:00+00:00,afternoon,2026-09-29 02:00:00+00:00,5,40.37581714302871,9.03,-31.34581714302871,44.328032484636914,84.70384962766562
3,20260924T132800Z-82403d4d,2026-09-24 13:28:00+00:00,afternoon,2026-09-29 03:00:00+00:00,5,51.18906050033139,21.79,-29.399060500331387,46.96631100580654,98.15537150613793
3,20260924T132800Z-82403d4d,2026-09-24 13:28:00+00:00,afternoon,2026-09-29 04:00:00+00:00,5,68.86437099051363,22.06,-46.80437099051363,74.53466494656998,143.39903593708362
3,20260924T132800Z-82403d4d,2026-09-24 13:28:00+00:00,afternoon,2026-09-29 05:00:00+00:00,5,83.87363546566236,39.91,-43.963635465662364,42.38790087074532,126.26153633640769
3,20260924T132800Z-82403d4d,2026-09-24 13:28:00+00:00,afternoon,2026-09-29 06:00:00+00:00,5,88.32408161057202,89.88,1.5559183894279727,52.49885328483577,140.8229348954078
3,20260924T132800Z-82403d4d,2026-09-24 13:28:00+00:00,afternoon,2026-09-29 07:00:00+00:00,5,86.09530737771232,93.85,7.754692622287678,46.960771578309895,133.05607895602222
3,20260924T132800Z-82403d4d,2026-09-24 13:28:00+00:00,afternoon,2026-09-29 08:00:00+00:00,5,74.9503608952796,114.2,39.2496391047204,80.4930422329317,155.4434031282113
3,20260924T132800Z-82403d4d,2026-09-24 13:28:00+00:00,afternoon,2026-09-29 09:00:00+00:00,5,68.668480606629,110.26,41.591519393371,95.70593718860523,164.37441779523425
3,20260924T132800Z-82403d4d,2026-09-24 13:28:00+00:00,afternoon,2026-09-29 10:00:00+00:00,5,64.35588274054133,105.26,40.90411725945867,97.33801275414588,161.6938954946872
3,20260924T132800Z-82403d4d,2026-09-24 13:28:00+00:00,afternoon,2026-09-29 11:00:00+00:00,5,60.365256626694205,98.44,38.07474337330579,92.38878581850715,152.75404244520135
3,20260924T132800Z-82403d4d,2026-09-24 13:28:00+00:00,afternoon,2026-09-29 12:00:00+00:00,5,61.13973444933234,98.33,37.19026555066766,94.1848346333505,155.32456908268284
3,20260924T132800Z-82403d4d,2026-09-24 13:28:00+00:00,afternoon,2026-09-29 13:00:00+00:00,5,68.92370072705431,103.95,35.02629927294569,78.53767922908969,147.46137995614401
3,20260924T132800Z-82403d4d,2026-09-24 13:28:00+00:00,afternoon,2026-09-29 14:00:00+00:00,5,79.7207068722294,108.8,29.079293127770597,49.41047815896582,129.13118503119523
3,20260924T132800Z-82403d4d,2026-09-24 13:28:00+00:00,afternoon,2026-09-29 15:00:00+00:00,5,95.4440126436848,124.08,28.635987356315198,34.95083646906907,130.39484911275386
3,20260924T132800Z-82403d4d,2026-09-24 13:28:00+00:00,afternoon,2026-09-29 16:00:00+00:00,5,104.17764850173958,115.85,11.672351498260412,47.30965762330218,151.48730612504175
3,20260924T132800Z-82403d4d,2026-09-24 13:28:00+00:00,afternoon,2026-09-29 17:00:00+00:00,5,99.98218188461465,57.39,-42.59218188461465,51.35831827774824,151.3405001623629
3,20260924T132800Z-82403d4d,2026-09-24 13:28:00+00:00,afternoon,2026-09-29 18:00:00+00:00,5,85.1928734469089,56.25,-28.942873446908905,85.84288679568564,171.03576024259456
3,20260924T132800Z-82403d4d,2026-09-24 13:28:00+00:00,afternoon,2026-09-29 19:00:00+00:00,5,77.61741558668976,28.49,-49.127415586689764,85.10783383518161,162.72524942187135
3,20260924T132800Z-82403d4d,2026-09-24 13:28:00+00:00,afternoon,2026-09-29 20:00:00+00:00,5,62.1770819564837,39.0,-23.177081956483697,143.07910878298745,205.25619073947115
3,20260924T132800Z-82403d4d,2026-09-24 13:28:00+00:00,afternoon,2026-09-29 21:00:00+00:00,6,51.9124445612345,38.75,-13.162444561234501,75.36252177014528,127.27496633137977
3,20260924T132800Z-82403d4d,2026-09-24 13:28:00+00:00,afternoon,2026-09-29 22:00:00+00:00,6,64.14484219631953,40.56,-23.584842196319528,82.40926157374565,146.55410377006518
3,20260924T132800Z-82403d4d,2026-09-24 13:28:00+00:00,afternoon,2026-09-29 23:00:00+00:00,6,59.33209686041984,43.18,-16.15209686041984,82.89076566572732,142.22286252614714
3,20260924T132800Z-82403d4d,2026-09-24 13:28:00+00:00,afternoon,2026-09-30 00:00:00+00:00,6,58.05069900920783,52.32,-5.730699009207832,85.52485007373522,143.57554908294304
3,20260924T132800Z-82403d4d,2026-09-24 13:28:00+00:00,afternoon,2026-09-30 01:00:00+00:00,6,58.99633401581666,61.7,2.7036659841833455,84.31986039861926,143.31619441443593
3,20260924T132800Z-82403d4d,2026-09-24 13:28:00+00:00,afternoon,2026-09-30 02:00:00+00:00,6,60.727865094087086,82.08,21.352134905912912,82.8746522585565,143.6025173526436
3,20260924T132800Z-82403d4d,2026-09-24 13:28:00+00:00,afternoon,2026-09-30 03:00:00+00:00,6,70.67503850577614,107.3,36.624961494223854,76.34468507679877,147.0197235825749
3,20260924T132800Z-82403d4d,2026-09-24 13:28:00+00:00,afternoon,2026-09-30 04:00:00+00:00,6,88.84492123576581,154.8,65.9550787642342,38.76690537618221,127.61182661194802
3,20260924T132800Z-82403d4d,2026-09-24 13:28:00+00:00,afternoon,2026-09-30 05:00:00+00:00,6,103.02348732624216,197.27,94.24651267375785,48.22117443473405,151.24466176097621
3,20260924T132800Z-82403d4d,2026-09-24 13:28:00+00:00,afternoon,2026-09-30 06:00:00+00:00,6,107.4181577711444,210.56,103.14184222885561,63.25704811329361,170.67520588443801
3,20260924T132800Z-82403d4d,2026-09-24 13:28:00+00:00,afternoon,2026-09-30 07:00:00+00:00,6,100.93407976203387,240.26,139.3259202379661,57.170988991806965,158.10506875384084
3,20260924T132800Z-82403d4d,2026-09-24 13:28:00+00:00,afternoon,2026-09-30 08:00:00+00:00,6,91.81203658216086,149.94,58.12796341783914,53.962489272631345,145.77452585479222
3,20260924T132800Z-82403d4d,2026-09-24 13:28:00+00:00,afternoon,2026-09-30 09:00:00+00:00,6,83.59980277228554,116.87,33.27019722771446,62.77543667862889,146.37523945091442
3,20260924T132800Z-82403d4d,2026-09-24 13:28:00+00:00,afternoon,2026-09-30 10:00:00+00:00,6,80.00099538155037,113.71,33.709004618449626,52.57298965101057,132.57398503256093
3,20260924T132800Z-82403d4d,2026-09-24 13:28:00+00:00,afternoon,2026-09-30 11:00:00+00:00,6,77.77128725407438,108.27,30.498712745925616,55.87474581582559,133.64603306989997
3,20260924T132800Z-82403d4d,2026-09-24 13:28:00+00:00,afternoon,2026-09-30 12:00:00+00:00,6,78.30776687161455,105.94,27.63223312838545,54.687302483640636,132.99506935525517
3,20260924T132800Z-82403d4d,2026-09-24 13:28:00+00:00,afternoon,2026-09-30 13:00:00+00:00,6,82.50984488106559,99.94,17.430155118934408,48.331503811719216,130.8413486927848
3,20260924T132800Z-82403d4d,2026-09-24 13:28:00+00:00,afternoon,2026-09-30 14:00:00+00:00,6,90.43048658345069,150.0,59.56951341654931,24.008812621073865,114.43929920452456
3,20260924T132800Z-82403d4d,2026-09-24 13:28:00+00:00,afternoon,2026-09-30 15:00:00+00:00,6,104.4384821712932,244.81,140.3715178287068,38.65678336643698,143.0952655377302
3,20260924T132800Z-82403d4d,2026-09-24 13:28:00+00:00,afternoon,2026-09-30 16:00:00+00:00,6,111.34332723219303,213.28,101.93667276780697,57.57447758249357,168.9178048146866
3,20260924T132800Z-82403d4d,2026-09-24 13:28:00+00:00,afternoon,2026-09-30 17:00:00+00:00,6,103.01548626516364,229.71,126.69451373483636,53.62032020869005,156.6358064738537
3,20260924T132800Z-82403d4d,2026-09-24 13:28:00+00:00,afternoon,2026-09-30 18:00:00+00:00,6,85.79794031494696,245.84,160.04205968505306,56.81981881304229,142.61775912798925
3,20260924T132800Z-82403d4d,2026-09-24 13:28:00+00:00,afternoon,2026-09-30 19:00:00+00:00,6,76.96260958242888,186.88,109.91739041757111,59.70271141030652,136.66532099273542
3,20260924T132800Z-82403d4d,2026-09-24 13:28:00+00:00,afternoon,2026-09-30 20:00:00+00:00,6,58.28687840665784,102.71,44.42312159334215,67.20003302824318,125.48691143490103
3,20260924T132800Z-82403d4d,2026-09-24 13:28:00+00:00,afternoon,2026-09-30 21:00:00+00:00,7,46.862285230728965,51.09,4.227714769271039,74.23790400837659,121.10018923910556
3,20260925T032702Z-f3b85dc5,2026-09-25 03:27:02+00:00,morning,2026-09-25 21:00:00+00:00,1,14.956274252263864,34.32,19.363725747736137,59.133337771744955,74.08961202400882
3,20260925T032702Z-f3b85dc5,2026-09-25 03:27:02+00:00,morning,2026-09-25 22:00:00+00:00,1,27.54912425226387,25.0,-2.5491242522638693,71.00479172523283,98.5539159774967
3,20260925T032702Z-f3b85dc5,2026-09-25 03:27:02+00:00,morning,2026-09-25 23:00:00+00:00,1,23.619574252263877,25.88,2.2604257477361216,76.37080573790473,99.9903799901686
3,20260925T032702Z-f3b85dc5,2026-09-25 03:27:02+00:00,morning,2026-09-26 00:00:00+00:00,1,22.57042425226387,28.82,6.249575747736131,80.63320004028625,103.20362429255013
3,20260925T032702Z-f3b85dc5,2026-09-25 03:27:02+00:00,morning,2026-09-26 01:00:00+00:00,1,23.718124252263863,29.24,5.521875747736136,75.60429422194927,99.32241847421314
3,20260925T032702Z-f3b85dc5,2026-09-25 03:27:02+00:00,morning,2026-09-26 02:00:00+00:00,1,25.398924252263868,29.1,3.701075747736134,71.33694458336144,96.73586883562531
3,20260925T032702Z-f3b85dc5,2026-09-25 03:27:02+00:00,morning,2026-09-26 03:00:00+00:00,1,36.78847425226386,30.15,-6.638474252263862,72.07512435106842,108.86359860333229
3,20260925T032702Z-f3b85dc5,2026-09-25 03:27:02+00:00,morning,2026-09-26 04:00:00+00:00,1,56.1808849568548,32.29,-23.890884956854798,80.2687962530182,136.449681209873
3,20260925T032702Z-f3b85dc5,2026-09-25 03:27:02+00:00,morning,2026-09-26 05:00:00+00:00,1,70.96348495685481,30.89,-40.07348495685481,84.01902563072402,154.98251058757882
3,20260925T032702Z-f3b85dc5,2026-09-25 03:27:02+00:00,morning,2026-09-26 06:00:00+00:00,1,75.8769849568548,32.97,-42.9069849568548,67.66742376195437,143.54440871880917
3,20260925T032702Z-f3b85dc5,2026-09-25 03:27:02+00:00,morning,2026-09-26 07:00:00+00:00,1,71.5747849568548,34.57,-37.0047849568548,78.08524363221163,149.66002858906643
3,20260925T032702Z-f3b85dc5,2026-09-25 03:27:02+00:00,morning,2026-09-26 08:00:00+00:00,1,59.673884956854806,42.99,-16.683884956854804,104.96968238083069,164.6435673376855
3,20260925T032702Z-f3b85dc5,2026-09-25 03:27:02+00:00,morning,2026-09-26 09:00:00+00:00,1,48.3933849568548,43.03,-5.3633849568548015,106.92663175703426,155.32001671388906
3,20260925T032702Z-f3b85dc5,2026-09-25 03:27:02+00:00,morning,2026-09-26 10:00:00+00:00,1,42.36123495685481,29.23,-13.131234956854808,102.75350785937714,145.11474281623194
3,20260925T032702Z-f3b85dc5,2026-09-25 03:27:02+00:00,morning,2026-09-26 11:00:00+00:00,1,39.4580349568548,19.42,-20.0380349568548,102.80706576433077,142.26510072118558
3,20260925T032702Z-f3b85dc5,2026-09-25 03:27:02+00:00,morning,2026-09-26 12:00:00+00:00,1,39.58508495685481,13.29,-26.295084956854808,103.60147648460601,143.1865614414608
3,20260925T032702Z-f3b85dc5,2026-09-25 03:27:02+00:00,morning,2026-09-26 13:00:00+00:00,1,45.7673349568548,22.59,-23.177334956854803,102.11597627220522,147.88331122906
3,20260925T032702Z-f3b85dc5,2026-09-25 03:27:02+00:00,morning,2026-09-26 14:00:00+00:00,1,56.44994648485836,24.99,-31.45994648485836,106.5273560426668,162.97730252752515
3,20260925T032702Z-f3b85dc5,2026-09-25 03:27:02+00:00,morning,2026-09-26 15:00:00+00:00,1,74.42944648485835,28.93,-45.499446484858346,57.963966005348745,132.39341249020708
3,20260925T032702Z-f3b85dc5,2026-09-25 03:27:02+00:00,morning,2026-09-26 16:00:00+00:00,1,85.23638061548385,39.97,-45.266380615483854,48.85326970767131,134.08965032315515
3,20260925T032702Z-f3b85dc5,2026-09-25 03:27:02+00:00,morning,2026-09-26 17:00:00+00:00,1,78.89588820427123,38.03,-40.86588820427123,66.44115025164622,145.33703845591745
3,20260925T032702Z-f3b85dc5,2026-09-25 03:27:02+00:00,morning,2026-09-26 18:00:00+00:00,1,60.03797743502326,34.42,-25.617977435023256,104.8472204395119,164.88519787453515
3,20260925T032702Z-f3b85dc5,2026-09-25 03:27:02+00:00,morning,2026-09-26 19:00:00+00:00,1,50.80246754894503,21.72,-29.082467548945033,64.82030734210241,115.62277489104744
3,20260925T032702Z-f3b85dc5,2026-09-25 03:27:02+00:00,morning,2026-09-26 20:00:00+00:00,1,32.52462425226386,19.49,-13.034624252263864,60.18038450629829,92.70500875856214
3,20260925T032702Z-f3b85dc5,2026-09-25 03:27:02+00:00,morning,2026-09-26 21:00:00+00:00,2,19.152824252263876,15.83,-3.3228242522638762,38.68976238430808,57.84258663657196
3,20260925T032702Z-f3b85dc5,2026-09-25 03:27:02+00:00,morning,2026-09-26 22:00:00+00:00,2,29.608774252263864,13.08,-16.528774252263865,36.82897277588263,66.4377470281465
3,20260925T032702Z-f3b85dc5,2026-09-25 03:27:02+00:00,morning,2026-09-26 23:00:00+00:00,2,23.24067425226387,17.76,-5.480674252263867,38.07143294351914,61.312107195783014
3,20260925T032702Z-f3b85dc5,2026-09-25 03:27:02+00:00,morning,2026-09-27 00:00:00+00:00,2,20.56147425226387,14.3,-6.26147425226387,39.481664888089,60.04313914035287
3,20260925T032702Z-f3b85dc5,2026-09-25 03:27:02+00:00,morning,2026-09-27 01:00:00+00:00,2,21.04122425226387,12.81,-8.23122425226387,37.046622897374284,58.08784714963815
3,20260925T032702Z-f3b85dc5,2026-09-25 03:27:02+00:00,morning,2026-09-27 02:00:00+00:00,2,21.923424252263864,10.74,-11.183424252263864,34.95469948196601,56.878123734229874
3,20260925T032702Z-f3b85dc5,2026-09-25 03:27:02+00:00,morning,2026-09-27 03:00:00+00:00,2,32.927324252263865,9.99,-22.937324252263863,35.67971193218548,68.60703618444934
3,20260925T032702Z-f3b85dc5,2026-09-25 03:27:02+00:00,morning,2026-09-27 04:00:00+00:00,2,52.47602425226386,9.7,-42.776024252263866,71.60336143676741,124.07938568903128
3,20260925T032702Z-f3b85dc5,2026-09-25 03:27:02+00:00,morning,2026-09-27 05:00:00+00:00,2,69.5177849568548,10.0,-59.5177849568548,81.43342987843437,150.95121483528916
3,20260925T032702Z-f3b85dc5,2026-09-25 03:27:02+00:00,morning,2026-09-27 06:00:00+00:00,2,75.4439349568548,9.99,-65.45393495685481,65.7588685060867,141.20280346294152
3,20260925T032702Z-f3b85dc5,2026-09-25 03:27:02+00:00,morning,2026-09-27 07:00:00+00:00,2,71.76123495685479,39.62,-32.141234956854795,77.44104585238786,149.20228080924267
3,20260925T032702Z-f3b85dc5,2026-09-25 03:27:02+00:00,morning,2026-09-27 08:00:00+00:00,2,60.65998495685481,29.81,-30.849984956854808,101.12543111996561,161.7854160768204
3,20260925T032702Z-f3b85dc5,2026-09-25 03:27:02+00:00,morning,2026-09-27 09:00:00+00:00,2,50.13998495685481,19.49,-30.649984956854812,102.64549331412638,152.7854782709812
3,20260925T032702Z-f3b85dc5,2026-09-25 03:27:02+00:00,morning,2026-09-27 10:00:00+00:00,2,44.5401349568548,19.49,-25.0501349568548,99.11039200012874,143.65052695698353
3,20260925T032702Z-f3b85dc5,2026-09-25 03:27:02+00:00,morning,2026-09-27 11:00:00+00:00,2,41.63093495685481,19.9,-21.73093495685481,98.72846196458137,140.35939692143617
3,20260925T032702Z-f3b85dc5,2026-09-25 03:27:02+00:00,morning,2026-09-27 12:00:00+00:00,2,41.77994648485837,16.35,-25.42994648485837,99.02522332260928,140.80516980746765
3,20260925T032702Z-f3b85dc5,2026-09-25 03:27:02+00:00,morning,2026-09-27 13:00:00+00:00,2,49.38534648485837,19.99,-29.39534648485837,100.25914593471256,149.64449241957092
3,20260925T032702Z-f3b85dc5,2026-09-25 03:27:02+00:00,morning,2026-09-27 14:00:00+00:00,2,62.23494648485837,21.99,-40.244946484858374,102.669853316378,164.90479980123638
3,20260925T032702Z-f3b85dc5,2026-09-25 03:27:02+00:00,morning,2026-09-27 15:00:00+00:00,2,80.99494648485837,38.73,-42.26494648485838,54.87652061386505,135.87146709872343
3,20260925T032702Z-f3b85dc5,2026-09-25 03:27:02+00:00,morning,2026-09-27 16:00:00+00:00,2,88.51379888403223,47.2,-41.313798884032224,67.44306192379956,155.9568608078318
3,20260925T032702Z-f3b85dc5,2026-09-25 03:27:02+00:00,morning,2026-09-27 17:00:00+00:00,2,81.29997589607986,43.76,-37.53997589607986,72.4588178659434,153.75879376202326
3,20260925T032702Z-f3b85dc5,2026-09-25 03:27:02+00:00,morning,2026-09-27 18:00:00+00:00,2,63.26527864387347,37.3,-25.965278643873475,139.15581167492653,202.4210903188
3,20260925T032702Z-f3b85dc5,2026-09-25 03:27:02+00:00,morning,2026-09-27 19:00:00+00:00,2,54.19347864387348,33.57,-20.623478643873483,124.77126339833265,178.96474204220613
3,20260925T032702Z-f3b85dc5,2026-09-25 03:27:02+00:00,morning,2026-09-27 20:00:00+00:00,2,36.416178643873465,32.18,-4.236178643873465,118.94601375842599,155.36219240229946
3,20260925T032702Z-f3b85dc5,2026-09-25 03:27:02+00:00,morning,2026-09-27 21:00:00+00:00,3,25.507428643873467,19.54,-5.967428643873468,41.13371406129123,66.6411427051647
3,20260925T032702Z-f3b85dc5,2026-09-25 03:27:02+00:00,morning,2026-09-27 22:00:00+00:00,3,35.713674252263864,21.96,-13.753674252263863,42.87031836884874,78.5839926211126
3,20260925T032702Z-f3b85dc5,2026-09-25 03:27:02+00:00,morning,2026-09-27 23:00:00+00:00,3,29.29502425226387,9.64,-19.65502425226387,42.5021202287456,71.79714448100947
3,20260925T032702Z-f3b85dc5,2026-09-25 03:27:02+00:00,morning,2026-09-28 00:00:00+00:00,3,26.51967425226387,6.88,-19.63967425226387,45.060142501147375,71.57981675341125
3,20260925T032702Z-f3b85dc5,2026-09-25 03:27:02+00:00,morning,2026-09-28 01:00:00+00:00,3,26.38982425226387,5.03,-21.35982425226387,42.86132775675464,69.25115200901851
3,20260925T032702Z-f3b85dc5,2026-09-25 03:27:02+00:00,morning,2026-09-28 02:00:00+00:00,3,27.497174252263864,4.09,-23.407174252263864,38.15367534399108,65.65084959625494
3,20260925T032702Z-f3b85dc5,2026-09-25 03:27:02+00:00,morning,2026-09-28 03:00:00+00:00,3,39.998824252263866,4.78,-35.218824252263865,51.319837645447436,91.31866189771131
3,20260925T032702Z-f3b85dc5,2026-09-25 03:27:02+00:00,morning,2026-09-28 04:00:00+00:00,3,56.91782737241959,6.33,-50.58782737241959,84.36139004907393,141.2792174214935
3,20260925T032702Z-f3b85dc5,2026-09-25 03:27:02+00:00,morning,2026-09-28 05:00:00+00:00,3,71.39669703489925,12.95,-58.446697034899245,111.14885946644416,182.5455565013434
3,20260925T032702Z-f3b85dc5,2026-09-25 03:27:02+00:00,morning,2026-09-28 06:00:00+00:00,3,76.09602546108357,15.02,-61.076025461083574,89.59527037285535,165.6912958339389
3,20260925T032702Z-f3b85dc5,2026-09-25 03:27:02+00:00,morning,2026-09-28 07:00:00+00:00,3,71.9018801770073,13.23,-58.671880177007296,105.7861838971853,177.6880640741926
3,20260925T032702Z-f3b85dc5,2026-09-25 03:27:02+00:00,morning,2026-09-28 08:00:00+00:00,3,61.45852992733394,6.55,-54.908529927333944,137.55111593877334,199.0096458661073
3,20260925T032702Z-f3b85dc5,2026-09-25 03:27:02+00:00,morning,2026-09-28 09:00:00+00:00,3,51.67269585526997,5.4,-46.27269585526997,125.1184525884935,176.79114844376346
3,20260925T032702Z-f3b85dc5,2026-09-25 03:27:02+00:00,morning,2026-09-28 10:00:00+00:00,3,46.84100088624146,3.67,-43.17100088624146,105.1795884828233,152.02058936906477
3,20260925T032702Z-f3b85dc5,2026-09-25 03:27:02+00:00,morning,2026-09-28 11:00:00+00:00,3,43.206315574793386,3.56,-39.646315574793384,99.56749187224843,142.7738074470418
3,20260925T032702Z-f3b85dc5,2026-09-25 03:27:02+00:00,morning,2026-09-28 12:00:00+00:00,3,42.29798052022278,3.76,-38.53798052022278,98.91770789461609,141.21568841483887
3,20260925T032702Z-f3b85dc5,2026-09-25 03:27:02+00:00,morning,2026-09-28 13:00:00+00:00,3,48.1163826839709,3.87,-44.2463826839709,95.68603355478403,143.80241623875492
3,20260925T032702Z-f3b85dc5,2026-09-25 03:27:02+00:00,morning,2026-09-28 14:00:00+00:00,3,57.36376525793022,5.0,-52.36376525793022,97.68071283160967,155.0444780895399
3,20260925T032702Z-f3b85dc5,2026-09-25 03:27:02+00:00,morning,2026-09-28 15:00:00+00:00,3,72.98155049969503,8.3,-64.68155049969504,72.40329985993012,145.38485035962515
3,20260925T032702Z-f3b85dc5,2026-09-25 03:27:02+00:00,morning,2026-09-28 16:00:00+00:00,3,80.7390368963205,8.33,-72.4090368963205,70.03726896574878,150.77630586206928
3,20260925T032702Z-f3b85dc5,2026-09-25 03:27:02+00:00,morning,2026-09-28 17:00:00+00:00,3,71.92826590440639,8.56,-63.368265904406385,100.47677832111184,172.40504422551822
3,20260925T032702Z-f3b85dc5,2026-09-25 03:27:02+00:00,morning,2026-09-28 18:00:00+00:00,3,54.55316593390059,6.43,-48.12316593390059,137.02440623226826,191.57757216616886
3,20260925T032702Z-f3b85dc5,2026-09-25 03:27:02+00:00,morning,2026-09-28 19:00:00+00:00,3,44.31400376577091,5.7,-38.61400376577091,125.77337746056008,170.087381226331
3,20260925T032702Z-f3b85dc5,2026-09-25 03:27:02+00:00,morning,2026-09-28 20:00:00+00:00,3,26.09718594514659,9.04,-17.057185945146593,121.17854085951778,147.27572680466437
3,20260925T032702Z-f3b85dc5,2026-09-25 03:27:02+00:00,morning,2026-09-28 21:00:00+00:00,4,13.832872865403678,5.29,-8.542872865403677,38.415893696422835,52.248766561826514
3,20260925T032702Z-f3b85dc5,2026-09-25 03:27:02+00:00,morning,2026-09-28 22:00:00+00:00,4,25.255435692239736,5.0,-20.255435692239736,36.051192732862916,61.30662842510265
3,20260925T032702Z-f3b85dc5,2026-09-25 03:27:02+00:00,morning,2026-09-28 23:00:00+00:00,4,20.15450041838811,4.0,-16.15450041838811,41.691371648132,61.84587206652011
3,20260925T032702Z-f3b85dc5,2026-09-25 03:27:02+00:00,morning,2026-09-29 00:00:00+00:00,4,19.315829066505422,5.02,-14.295829066505423,46.601113897157056,65.91694296366248
3,20260925T032702Z-f3b85dc5,2026-09-25 03:27:02+00:00,morning,2026-09-29 01:00:00+00:00,4,20.12912565344893,7.38,-12.749125653448932,40.02632028262057,60.1554459360695
3,20260925T032702Z-f3b85dc5,2026-09-25 03:27:02+00:00,morning,2026-09-29 02:00:00+00:00,4,21.531362851688527,9.03,-12.501362851688528,36.681936692538734,58.21329954422726
3,20260925T032702Z-f3b85dc5,2026-09-25 03:27:02+00:00,morning,2026-09-29 03:00:00+00:00,4,32.88386812293739,21.79,-11.093868122937394,37.79560219594456,70.67947031888195
3,20260925T032702Z-f3b85dc5,2026-09-25 03:27:02+00:00,morning,2026-09-29 04:00:00+00:00,4,53.08258112900003,22.06,-31.022581129000034,69.43776767192965,122.52034880092968
3,20260925T032702Z-f3b85dc5,2026-09-25 03:27:02+00:00,morning,2026-09-29 05:00:00+00:00,4,68.85127351996687,39.91,-28.94127351996687,95.1438106177619,163.99508413772878
3,20260925T032702Z-f3b85dc5,2026-09-25 03:27:02+00:00,morning,2026-09-29 06:00:00+00:00,4,75.32263036936685,89.88,14.557369630633147,85.11524317513961,160.43787354450646
3,20260925T032702Z-f3b85dc5,2026-09-25 03:27:02+00:00,morning,2026-09-29 07:00:00+00:00,4,71.43412028541184,93.85,22.415879714588158,99.96148412777511,171.39560441318696
3,20260925T032702Z-f3b85dc5,2026-09-25 03:27:02+00:00,morning,2026-09-29 08:00:00+00:00,4,61.74372612328739,114.2,52.456273876712615,129.139286019281,190.8830121425684
3,20260925T032702Z-f3b85dc5,2026-09-25 03:27:02+00:00,morning,2026-09-29 09:00:00+00:00,4,52.93588524713908,110.26,57.32411475286092,128.0906349847871,181.02652023192618
3,20260925T032702Z-f3b85dc5,2026-09-25 03:27:02+00:00,morning,2026-09-29 10:00:00+00:00,4,51.04054649064959,105.26,54.219453509350416,112.00896343753995,163.04950992818954
3,20260925T032702Z-f3b85dc5,2026-09-25 03:27:02+00:00,morning,2026-09-29 11:00:00+00:00,4,50.65798251162232,98.44,47.782017488377676,107.56903293772315,158.22701544934546
3,20260925T032702Z-f3b85dc5,2026-09-25 03:27:02+00:00,morning,2026-09-29 12:00:00+00:00,4,51.05666721199209,98.33,47.273332788007906,105.17270848071192,156.22937569270402
3,20260925T032702Z-f3b85dc5,2026-09-25 03:27:02+00:00,morning,2026-09-29 13:00:00+00:00,4,56.80051039203495,103.95,47.14948960796505,102.08474349865132,158.88525389068627
3,20260925T032702Z-f3b85dc5,2026-09-25 03:27:02+00:00,morning,2026-09-29 14:00:00+00:00,4,65.66763552686928,108.8,43.13236447313072,99.03456397403883,164.7021995009081
3,20260925T032702Z-f3b85dc5,2026-09-25 03:27:02+00:00,morning,2026-09-29 15:00:00+00:00,4,81.30043578708035,124.08,42.77956421291965,64.33013922742253,145.63057501450288
3,20260925T032702Z-f3b85dc5,2026-09-25 03:27:02+00:00,morning,2026-09-29 16:00:00+00:00,4,89.27270589186939,115.85,26.5772941081306,53.40113000576719,142.6738358976366
3,20260925T032702Z-f3b85dc5,2026-09-25 03:27:02+00:00,morning,2026-09-29 17:00:00+00:00,4,80.23719540168442,57.39,-22.847195401684417,82.9733235881828,163.2105189898672
3,20260925T032702Z-f3b85dc5,2026-09-25 03:27:02+00:00,morning,2026-09-29 18:00:00+00:00,4,61.4515414530721,56.25,-5.201541453072103,139.415068527925,200.8666099809971
3,20260925T032702Z-f3b85dc5,2026-09-25 03:27:02+00:00,morning,2026-09-29 19:00:00+00:00,4,52.85885843724633,28.49,-24.368858437246335,131.5731204956597,184.43197893290605
3,20260925T032702Z-f3b85dc5,2026-09-25 03:27:02+00:00,morning,2026-09-29 20:00:00+00:00,4,35.66411702824602,39.0,3.335882971753982,127.62505600715222,163.28917303539825
3,20260925T032702Z-f3b85dc5,2026-09-25 03:27:02+00:00,morning,2026-09-29 21:00:00+00:00,5,25.35168589044105,38.75,13.39831410955895,66.6161630189736,91.96784890941464
3,20260925T032702Z-f3b85dc5,2026-09-25 03:27:02+00:00,morning,2026-09-29 22:00:00+00:00,5,36.898885799936494,40.56,3.6611142000635084,77.47913895930294,114.37802475923944
3,20260925T032702Z-f3b85dc5,2026-09-25 03:27:02+00:00,morning,2026-09-29 23:00:00+00:00,5,32.26488226080792,43.18,10.915117739192077,78.72453735192124,110.98941961272917
3,20260925T032702Z-f3b85dc5,2026-09-25 03:27:02+00:00,morning,2026-09-30 00:00:00+00:00,5,30.90552021751636,52.32,21.41447978248364,80.57038720328123,111.4759074207976
3,20260925T032702Z-f3b85dc5,2026-09-25 03:27:02+00:00,morning,2026-09-30 01:00:00+00:00,5,31.50888252851233,61.7,30.191117471487672,78.09529897942636,109.60418150793869
3,20260925T032702Z-f3b85dc5,2026-09-25 03:27:02+00:00,morning,2026-09-30 02:00:00+00:00,5,32.409454512622986,82.08,49.67054548737701,77.9223157444429,110.33177025706588
3,20260925T032702Z-f3b85dc5,2026-09-25 03:27:02+00:00,morning,2026-09-30 03:00:00+00:00,5,42.528743485049255,107.3,64.77125651495075,83.94769942952655,126.47644291457581
3,20260925T032702Z-f3b85dc5,2026-09-25 03:27:02+00:00,morning,2026-09-30 04:00:00+00:00,5,61.040102194875296,154.8,93.75989780512472,88.59225179228861,149.6323539871639
3,20260925T032702Z-f3b85dc5,2026-09-25 03:27:02+00:00,morning,2026-09-30 05:00:00+00:00,5,75.83379547866244,197.27,121.43620452133757,78.13290224409633,153.96669772275877
3,20260925T032702Z-f3b85dc5,2026-09-25 03:27:02+00:00,morning,2026-09-30 06:00:00+00:00,5,79.94274046954608,210.56,130.6172595304539,84.59154860600287,164.53428907554894
3,20260925T032702Z-f3b85dc5,2026-09-25 03:27:02+00:00,morning,2026-09-30 07:00:00+00:00,5,75.28097959938111,240.26,164.97902040061888,89.94061993943495,165.22159953881606
3,20260925T032702Z-f3b85dc5,2026-09-25 03:27:02+00:00,morning,2026-09-30 08:00:00+00:00,5,65.00306322082282,149.94,84.93693677917717,115.90098954590653,180.90405276672936
3,20260925T032702Z-f3b85dc5,2026-09-25 03:27:02+00:00,morning,2026-09-30 09:00:00+00:00,5,56.055803590577774,116.87,60.81419640942223,106.97086406355443,163.0266676541322
3,20260925T032702Z-f3b85dc5,2026-09-25 03:27:02+00:00,morning,2026-09-30 10:00:00+00:00,5,51.58210908545114,113.71,62.12789091454886,93.05233614207052,144.63444522752167
3,20260925T032702Z-f3b85dc5,2026-09-25 03:27:02+00:00,morning,2026-09-30 11:00:00+00:00,5,49.68840085438245,108.27,58.581599145617545,90.77968732217325,140.46808817655568
3,20260925T032702Z-f3b85dc5,2026-09-25 03:27:02+00:00,morning,2026-09-30 12:00:00+00:00,5,50.42452453562958,105.94,55.51547546437042,86.42645724606868,136.85098178169827
3,20260925T032702Z-f3b85dc5,2026-09-25 03:27:02+00:00,morning,2026-09-30 13:00:00+00:00,5,56.90703858147901,99.94,43.03296141852099,85.21430684043989,142.1213454219189
3,20260925T032702Z-f3b85dc5,2026-09-25 03:27:02+00:00,morning,2026-09-30 14:00:00+00:00,5,66.28350710707335,150.0,83.71649289292665,90.52481569838952,156.80832280546286
3,20260925T032702Z-f3b85dc5,2026-09-25 03:27:02+00:00,morning,2026-09-30 15:00:00+00:00,5,82.11582311866661,244.81,162.6941768813334,61.946431437309656,144.06225455597627
3,20260925T032702Z-f3b85dc5,2026-09-25 03:27:02+00:00,morning,2026-09-30 16:00:00+00:00,5,89.8430749649608,213.28,123.4369250350392,47.774708216242345,137.61778318120315
3,20260925T032702Z-f3b85dc5,2026-09-25 03:27:02+00:00,morning,2026-09-30 17:00:00+00:00,5,81.52263851596713,229.71,148.18736148403286,65.57307271870891,147.09571123467606
3,20260925T032702Z-f3b85dc5,2026-09-25 03:27:02+00:00,morning,2026-09-30 18:00:00+00:00,5,63.53082555402965,245.84,182.30917444597037,100.06378482506084,163.59461037909048
3,20260925T032702Z-f3b85dc5,2026-09-25 03:27:02+00:00,morning,2026-09-30 19:00:00+00:00,5,53.98774652650405,186.88,132.89225347349594,60.68555924257968,114.67330576908373
3,20260925T032702Z-f3b85dc5,2026-09-25 03:27:02+00:00,morning,2026-09-30 20:00:00+00:00,5,35.569296898204016,102.71,67.14070310179598,61.13176431371041,96.70106121191444
3,20260925T032702Z-f3b85dc5,2026-09-25 03:27:02+00:00,morning,2026-09-30 21:00:00+00:00,6,23.508234447832244,51.09,27.58176555216776,64.55117552791805,88.0594099757503
3,20260925T132702Z-bdb73824,2026-09-25 13:27:02+00:00,afternoon,2026-09-26 21:00:00+00:00,2,-0.4561713127122031,15.83,16.286171312712202,44.62270989977053,44.16653858705833
3,20260925T132702Z-bdb73824,2026-09-25 13:27:02+00:00,afternoon,2026-09-26 22:00:00+00:00,2,9.95908637959549,13.08,3.12091362040451,42.014296688713486,51.973383068308976
3,20260925T132702Z-bdb73824,2026-09-25 13:27:02+00:00,afternoon,2026-09-26 23:00:00+00:00,2,3.84080561036472,17.76,13.919194389635281,47.80381610848124,51.64462171884596
3,20260925T132702Z-bdb73824,2026-09-25 13:27:02+00:00,afternoon,2026-09-27 00:00:00+00:00,2,0.8880325334416401,14.3,13.41196746655836,50.88492741656097,51.77295995000261
3,20260925T132702Z-bdb73824,2026-09-25 13:27:02+00:00,afternoon,2026-09-27 01:00:00+00:00,2,0.6188940719031795,12.81,12.191105928096821,49.064139632500655,49.68303370440383
3,20260925T132702Z-bdb73824,2026-09-25 13:27:02+00:00,afternoon,2026-09-27 02:00:00+00:00,2,1.5558556103647216,10.74,9.184144389635279,47.39656116774738,48.9524167781121
3,20260925T132702Z-bdb73824,2026-09-25 13:27:02+00:00,afternoon,2026-09-27 03:00:00+00:00,2,12.677901764210873,9.99,-2.6879017642108725,45.04167265341299,57.71957441762386
3,20260925T132702Z-bdb73824,2026-09-25 13:27:02+00:00,afternoon,2026-09-27 04:00:00+00:00,2,32.38008811189726,9.7,-22.68008811189726,76.82017936878063,109.2002674806779
3,20260925T132702Z-bdb73824,2026-09-25 13:27:02+00:00,afternoon,2026-09-27 05:00:00+00:00,2,48.13342272728188,10.0,-38.13342272728188,106.21011288388938,154.34353561117126
3,20260925T132702Z-bdb73824,2026-09-25 13:27:02+00:00,afternoon,2026-09-27 06:00:00+00:00,2,55.22447657343573,9.99,-45.23447657343573,112.95794834198865,168.18242491542438
3,20260925T132702Z-bdb73824,2026-09-25 13:27:02+00:00,afternoon,2026-09-27 07:00:00+00:00,2,53.42034195805111,39.62,-13.800341958051114,106.17130099547555,159.59164295352667
3,20260925T132702Z-bdb73824,2026-09-25 13:27:02+00:00,afternoon,2026-09-27 08:00:00+00:00,2,44.79862929124046,29.81,-14.98862929124046,104.4966028419553,149.29523213319575
3,20260925T132702Z-bdb73824,2026-09-25 13:27:02+00:00,afternoon,2026-09-27 09:00:00+00:00,2,36.58076390662509,19.49,-17.09076390662509,104.037419388102,140.6181832947271
3,20260925T132702Z-bdb73824,2026-09-25 13:27:02+00:00,afternoon,2026-09-27 10:00:00+00:00,2,31.48057159893279,19.49,-11.990571598932792,99.9929165768049,131.47348817573769
3,20260925T132702Z-bdb73824,2026-09-25 13:27:02+00:00,afternoon,2026-09-27 11:00:00+00:00,2,29.636225445086605,19.9,-9.736225445086607,102.78953071539932,132.42575616048592
3,20260925T132702Z-bdb73824,2026-09-25 13:27:02+00:00,afternoon,2026-09-27 12:00:00+00:00,2,30.527456214317382,16.35,-14.177456214317381,101.70310028249303,132.2305564968104
3,20260925T132702Z-bdb73824,2026-09-25 13:27:02+00:00,afternoon,2026-09-27 13:00:00+00:00,2,37.819052368163554,19.99,-17.829052368163556,101.85375453943364,139.6728069075972
3,20260925T132702Z-bdb73824,2026-09-25 13:27:02+00:00,afternoon,2026-09-27 14:00:00+00:00,2,49.27159082970201,21.99,-27.281590829702015,105.82941360458842,155.10100443429045
3,20260925T132702Z-bdb73824,2026-09-25 13:27:02+00:00,afternoon,2026-09-27 15:00:00+00:00,2,65.10887929124046,38.73,-26.37887929124046,106.35790440568701,171.46678369692745
3,20260925T132702Z-bdb73824,2026-09-25 13:27:02+00:00,afternoon,2026-09-27 16:00:00+00:00,2,72.3817732597246,47.2,-25.181773259724594,99.10466601848839,171.48643927821297
3,20260925T132702Z-bdb73824,2026-09-25 13:27:02+00:00,afternoon,2026-09-27 17:00:00+00:00,2,65.45689356471598,43.76,-21.696893564715985,138.75721692721675,204.21411049193273
3,20260925T132702Z-bdb73824,2026-09-25 13:27:02+00:00,afternoon,2026-09-27 18:00:00+00:00,2,47.354414865609286,37.3,-10.054414865609289,143.61727068805402,190.9716855536633
3,20260925T132702Z-bdb73824,2026-09-25 13:27:02+00:00,afternoon,2026-09-27 19:00:00+00:00,2,38.455722557916985,33.57,-4.885722557916985,126.64108667115201,165.09680922906898
3,20260925T132702Z-bdb73824,2026-09-25 13:27:02+00:00,afternoon,2026-09-27 20:00:00+00:00,2,20.68170332714776,32.18,11.498296672852241,123.7999230442964,144.48162637144418
3,20260925T132702Z-bdb73824,2026-09-25 13:27:02+00:00,afternoon,2026-09-27 21:00:00+00:00,3,9.057741788686222,19.54,10.482258211313777,43.64290184002628,52.700643628712506
3,20260925T132702Z-bdb73824,2026-09-25 13:27:02+00:00,afternoon,2026-09-27 22:00:00+00:00,3,18.74088637959549,21.96,3.21911362040451,41.98784023647761,60.728726616073104
3,20260925T132702Z-bdb73824,2026-09-25 13:27:02+00:00,afternoon,2026-09-27 23:00:00+00:00,3,12.26155561036472,9.64,-2.6215556103647195,46.16600501017213,58.42756062053685
3,20260925T132702Z-bdb73824,2026-09-25 13:27:02+00:00,afternoon,2026-09-28 00:00:00+00:00,3,9.172432533441643,6.88,-2.2924325334416435,49.742602525155604,58.91503505859725
3,20260925T132702Z-bdb73824,2026-09-25 13:27:02+00:00,afternoon,2026-09-28 01:00:00+00:00,3,8.684594071903177,5.03,-3.654594071903177,48.13245372600365,56.817047797906824
3,20260925T132702Z-bdb73824,2026-09-25 13:27:02+00:00,afternoon,2026-09-28 02:00:00+00:00,3,9.536655610364722,4.09,-5.446655610364722,44.023132123228336,53.559787733593055
3,20260925T132702Z-bdb73824,2026-09-25 13:27:02+00:00,afternoon,2026-09-28 03:00:00+00:00,3,21.29035176421087,4.78,-16.51035176421087,54.27725657536935,75.56760833958022
3,20260925T132702Z-bdb73824,2026-09-25 13:27:02+00:00,afternoon,2026-09-28 04:00:00+00:00,3,40.364638111897264,6.33,-34.034638111897266,82.24958595176246,122.61422406365972
3,20260925T132702Z-bdb73824,2026-09-25 13:27:02+00:00,afternoon,2026-09-28 05:00:00+00:00,3,53.83722272728187,12.95,-40.887222727281866,136.5774204451084,190.41464317239027
3,20260925T132702Z-bdb73824,2026-09-25 13:27:02+00:00,afternoon,2026-09-28 06:00:00+00:00,3,57.72187657343572,15.02,-42.701876573435726,133.75165387663856,191.4735304500743
3,20260925T132702Z-bdb73824,2026-09-25 13:27:02+00:00,afternoon,2026-09-28 07:00:00+00:00,3,53.19674195805112,13.23,-39.96674195805112,130.04689632276845,183.24363828081957
3,20260925T132702Z-bdb73824,2026-09-25 13:27:02+00:00,afternoon,2026-09-28 08:00:00+00:00,3,42.27587657343571,6.55,-35.72587657343571,129.86335575789292,172.13923233132863
3,20260925T132702Z-bdb73824,2026-09-25 13:27:02+00:00,afternoon,2026-09-28 09:00:00+00:00,3,31.332111188820345,5.4,-25.932111188820343,122.02157774860243,153.35368893742276
3,20260925T132702Z-bdb73824,2026-09-25 13:27:02+00:00,afternoon,2026-09-28 10:00:00+00:00,3,23.609368881128034,3.67,-19.939368881128033,110.47811815352243,134.08748703465045
3,20260925T132702Z-bdb73824,2026-09-25 13:27:02+00:00,afternoon,2026-09-28 11:00:00+00:00,3,18.76817272728189,3.56,-15.20817272728189,116.08490688795365,134.85307961523554
3,20260925T132702Z-bdb73824,2026-09-25 13:27:02+00:00,afternoon,2026-09-28 12:00:00+00:00,3,17.047503496512654,3.76,-13.287503496512654,117.12392293844606,134.1714264349587
3,20260925T132702Z-bdb73824,2026-09-25 13:27:02+00:00,afternoon,2026-09-28 13:00:00+00:00,3,21.94579965035882,3.87,-18.075799650358817,114.35348194936249,136.2992815997213
3,20260925T132702Z-bdb73824,2026-09-25 13:27:02+00:00,afternoon,2026-09-28 14:00:00+00:00,3,38.78649057986364,5.0,-33.78649057986364,113.66436916343156,152.4508597432952
3,20260925T132702Z-bdb73824,2026-09-25 13:27:02+00:00,afternoon,2026-09-28 15:00:00+00:00,3,53.40374127567923,8.3,-45.103741275679226,109.73429640092702,163.13803767660625
3,20260925T132702Z-bdb73824,2026-09-25 13:27:02+00:00,afternoon,2026-09-28 16:00:00+00:00,3,60.03897357454996,8.33,-51.708973574549965,142.115898731906,202.15487230645596
3,20260925T132702Z-bdb73824,2026-09-25 13:27:02+00:00,afternoon,2026-09-28 17:00:00+00:00,3,50.86342092862069,8.56,-42.30342092862069,139.63377370273366,190.49719463135435
3,20260925T132702Z-bdb73824,2026-09-25 13:27:02+00:00,afternoon,2026-09-28 18:00:00+00:00,3,33.594542311130866,6.43,-27.164542311130866,141.94507736561837,175.53961967674923
3,20260925T132702Z-bdb73824,2026-09-25 13:27:02+00:00,afternoon,2026-09-28 19:00:00+00:00,3,23.256351150413447,5.7,-17.556351150413448,128.8582600786935,152.11461122910694
3,20260925T132702Z-bdb73824,2026-09-25 13:27:02+00:00,afternoon,2026-09-28 20:00:00+00:00,3,5.4746798296414525,9.04,3.5653201703585466,129.90680097412422,135.38148080376567
3,20260925T132702Z-bdb73824,2026-09-25 13:27:02+00:00,afternoon,2026-09-28 21:00:00+00:00,4,-6.628512581851352,5.29,11.918512581851353,46.69764162110447,40.06912903925311
3,20260925T132702Z-bdb73824,2026-09-25 13:27:02+00:00,afternoon,2026-09-28 22:00:00+00:00,4,4.613634926226936,5.0,0.3863650737730637,48.47879625663914,53.09243118286608
3,20260925T132702Z-bdb73824,2026-09-25 13:27:02+00:00,afternoon,2026-09-28 23:00:00+00:00,4,-0.2123249195088981,4.0,4.212324919508898,52.916299040679235,52.70397412117033
3,20260925T132702Z-bdb73824,2026-09-25 13:27:02+00:00,afternoon,2026-09-29 00:00:00+00:00,4,-0.7556792233849414,5.02,5.775679223384941,55.37873674268877,54.62305751930383
3,20260925T132702Z-bdb73824,2026-09-25 13:27:02+00:00,afternoon,2026-09-29 01:00:00+00:00,4,0.0771246381175032,7.38,7.302875361882497,51.824624302503764,51.90174894062127
3,20260925T132702Z-bdb73824,2026-09-25 13:27:02+00:00,afternoon,2026-09-29 02:00:00+00:00,4,1.6251833375830742,9.03,7.404816662416925,51.0185890085163,52.643772346099375
3,20260925T132702Z-bdb73824,2026-09-25 13:27:02+00:00,afternoon,2026-09-29 03:00:00+00:00,4,12.871987173136558,21.79,8.91801282686344,46.52746874311161,59.39945591624817
3,20260925T132702Z-bdb73824,2026-09-25 13:27:02+00:00,afternoon,2026-09-29 04:00:00+00:00,4,32.732235578800534,22.06,-10.672235578800535,72.46084382190934,105.19307940070988
3,20260925T132702Z-bdb73824,2026-09-25 13:27:02+00:00,afternoon,2026-09-29 05:00:00+00:00,4,48.253554218360975,39.91,-8.343554218360978,111.0493504171982,159.30290463555917
3,20260925T132702Z-bdb73824,2026-09-25 13:27:02+00:00,afternoon,2026-09-29 06:00:00+00:00,4,55.12272134300518,89.88,34.757278656994814,138.41959709764987,193.54231844065504
3,20260925T132702Z-bdb73824,2026-09-25 13:27:02+00:00,afternoon,2026-09-29 07:00:00+00:00,4,51.92781392313931,93.85,41.92218607686068,136.31274403545856,188.2405579585979
3,20260925T132702Z-bdb73824,2026-09-25 13:27:02+00:00,afternoon,2026-09-29 08:00:00+00:00,4,43.19646807280102,114.2,71.00353192719899,132.96834904979912,176.16481712260014
3,20260925T132702Z-bdb73824,2026-09-25 13:27:02+00:00,afternoon,2026-09-29 09:00:00+00:00,4,34.771024701140945,110.26,75.48897529885906,129.2831453875369,164.05417008867784
3,20260925T132702Z-bdb73824,2026-09-25 13:27:02+00:00,afternoon,2026-09-29 10:00:00+00:00,4,33.06549386255974,105.26,72.19450613744027,116.74869989694925,149.81419375950898
3,20260925T132702Z-bdb73824,2026-09-25 13:27:02+00:00,afternoon,2026-09-29 11:00:00+00:00,4,33.360178763457675,98.44,65.07982123654233,118.09760471163926,151.45778347509693
3,20260925T132702Z-bdb73824,2026-09-25 13:27:02+00:00,afternoon,2026-09-29 12:00:00+00:00,4,34.01245112108513,98.33,64.31754887891486,117.7740226001253,151.78647372121043
3,20260925T132702Z-bdb73824,2026-09-25 13:27:02+00:00,afternoon,2026-09-29 13:00:00+00:00,4,39.62389967016248,103.95,64.32610032983752,115.60311511170917,155.22701478187165
3,20260925T132702Z-bdb73824,2026-09-25 13:27:02+00:00,afternoon,2026-09-29 14:00:00+00:00,4,47.69929335308655,108.8,61.100706646913444,115.96730264315183,163.66659599623839
3,20260925T132702Z-bdb73824,2026-09-25 13:27:02+00:00,afternoon,2026-09-29 15:00:00+00:00,4,62.082278488045525,124.08,61.997721511954474,117.26419272212668,179.3464712101722
3,20260925T132702Z-bdb73824,2026-09-25 13:27:02+00:00,afternoon,2026-09-29 16:00:00+00:00,4,69.12901412788335,115.85,46.72098587211664,134.8579806768081,203.98699480469145
3,20260925T132702Z-bdb73824,2026-09-25 13:27:02+00:00,afternoon,2026-09-29 17:00:00+00:00,4,60.12715280889976,57.39,-2.737152808899758,141.73339928931344,201.8605520982132
3,20260925T132702Z-bdb73824,2026-09-25 13:27:02+00:00,afternoon,2026-09-29 18:00:00+00:00,4,42.60655736445847,56.25,13.643442635541533,142.06545740282732,184.6720147672858
3,20260925T132702Z-bdb73824,2026-09-25 13:27:02+00:00,afternoon,2026-09-29 19:00:00+00:00,4,34.59833397469764,28.49,-6.10833397469764,129.3663234733253,163.96465744802293
3,20260925T132702Z-bdb73824,2026-09-25 13:27:02+00:00,afternoon,2026-09-29 20:00:00+00:00,4,18.39504706791724,39.0,20.60495293208276,128.1889356444876,146.58398271240483
3,20260925T132702Z-bdb73824,2026-09-25 13:27:02+00:00,afternoon,2026-09-29 21:00:00+00:00,5,9.35325843681035,38.75,29.39674156318965,72.96638866257433,82.31964709938468
3,20260925T132702Z-bdb73824,2026-09-25 13:27:02+00:00,afternoon,2026-09-29 22:00:00+00:00,5,21.067764992182177,40.56,19.492235007817825,91.95663035937166,113.02439535155384
3,20260925T132702Z-bdb73824,2026-09-25 13:27:02+00:00,afternoon,2026-09-29 23:00:00+00:00,5,16.949982087599466,43.18,26.230017912400534,95.19779056988955,112.14777265748901
3,20260925T132702Z-bdb73824,2026-09-25 13:27:02+00:00,afternoon,2026-09-30 00:00:00+00:00,5,16.084502679632074,52.32,36.23549732036793,97.05582940713509,113.14033208676716
3,20260925T132702Z-bdb73824,2026-09-25 13:27:02+00:00,afternoon,2026-09-30 01:00:00+00:00,5,16.978647638932113,61.7,44.721352361067886,90.42095434208751,107.39960198101963
3,20260925T132702Z-bdb73824,2026-09-25 13:27:02+00:00,afternoon,2026-09-30 02:00:00+00:00,5,18.45387671721221,82.08,63.62612328278779,89.51814616665622,107.97202288386843
3,20260925T132702Z-bdb73824,2026-09-25 13:27:02+00:00,afternoon,2026-09-30 03:00:00+00:00,5,28.768700759102227,107.3,78.53129924089777,87.75810804437288,116.5268088034751
3,20260925T132702Z-bdb73824,2026-09-25 13:27:02+00:00,afternoon,2026-09-30 04:00:00+00:00,5,47.139413506301736,154.8,107.66058649369828,92.38860866770493,139.52802217400665
3,20260925T132702Z-bdb73824,2026-09-25 13:27:02+00:00,afternoon,2026-09-30 05:00:00+00:00,5,61.6902651073364,197.27,135.57973489266362,108.8016677750201,170.4919328823565
3,20260925T132702Z-bdb73824,2026-09-25 13:27:02+00:00,afternoon,2026-09-30 06:00:00+00:00,5,65.78053002472019,210.56,144.77946997527982,131.30045746107135,197.08098748579152
3,20260925T132702Z-bdb73824,2026-09-25 13:27:02+00:00,afternoon,2026-09-30 07:00:00+00:00,5,60.89279714668607,240.26,179.36720285331393,126.89106992203584,187.78386706872192
3,20260925T132702Z-bdb73824,2026-09-25 13:27:02+00:00,afternoon,2026-09-30 08:00:00+00:00,5,50.23740763260782,149.94,99.70259236739219,122.21041049081039,172.44781812341822
3,20260925T132702Z-bdb73824,2026-09-25 13:27:02+00:00,afternoon,2026-09-30 09:00:00+00:00,5,41.00933128833423,116.87,75.86066871166577,109.34400069031035,150.35333197864458
3,20260925T132702Z-bdb73824,2026-09-25 13:27:02+00:00,afternoon,2026-09-30 10:00:00+00:00,5,36.05922884083767,113.71,77.65077115916233,97.81052005236343,133.8697488932011
3,20260925T132702Z-bdb73824,2026-09-25 13:27:02+00:00,afternoon,2026-09-30 11:00:00+00:00,5,33.70846991127777,108.27,74.56153008872224,96.77977531537614,130.4882452266539
3,20260925T132702Z-bdb73824,2026-09-25 13:27:02+00:00,afternoon,2026-09-30 12:00:00+00:00,5,34.2652944090454,105.94,71.6747055909546,96.14716554400388,130.41245995304928
3,20260925T132702Z-bdb73824,2026-09-25 13:27:02+00:00,afternoon,2026-09-30 13:00:00+00:00,5,40.7251126043628,99.94,59.2148873956372,96.47103422728033,137.19614683164312
3,20260925T132702Z-bdb73824,2026-09-25 13:27:02+00:00,afternoon,2026-09-30 14:00:00+00:00,5,49.83544674130562,150.0,100.16455325869438,97.43165076352524,147.26709750483087
3,20260925T132702Z-bdb73824,2026-09-25 13:27:02+00:00,afternoon,2026-09-30 15:00:00+00:00,5,65.03260122475605,244.81,179.77739877524397,104.72306511147191,169.75566633622796
3,20260925T132702Z-bdb73824,2026-09-25 13:27:02+00:00,afternoon,2026-09-30 16:00:00+00:00,5,72.28824792089729,213.28,140.9917520791027,89.83194383466197,162.12019175555926
3,20260925T132702Z-bdb73824,2026-09-25 13:27:02+00:00,afternoon,2026-09-30 17:00:00+00:00,5,64.29898218265674,229.71,165.41101781734326,100.31958964047489,164.61857182313162
3,20260925T132702Z-bdb73824,2026-09-25 13:27:02+00:00,afternoon,2026-09-30 18:00:00+00:00,5,46.46951965658039,245.84,199.37048034341962,102.29578867902244,148.7653083356028
3,20260925T132702Z-bdb73824,2026-09-25 13:27:02+00:00,afternoon,2026-09-30 19:00:00+00:00,5,36.07987629133724,186.88,150.80012370866274,61.731558420360386,97.81143471169763
3,20260925T132702Z-bdb73824,2026-09-25 13:27:02+00:00,afternoon,2026-09-30 20:00:00+00:00,5,18.195790721415904,102.71,84.51420927858409,64.35854806485625,82.55433878627215
3,20260925T132702Z-bdb73824,2026-09-25 13:27:02+00:00,afternoon,2026-09-30 21:00:00+00:00,6,6.4309294246907225,51.09,44.65907057530928,66.16781423492614,72.59874365961686
3,20260926T032720Z-72384d1f,2026-09-26 03:27:20+00:00,morning,2026-09-26 21:00:00+00:00,1,-9.03265531405476,15.83,24.86265531405476,47.76821479774522,38.735559483690466
3,20260926T032720Z-72384d1f,2026-09-26 03:27:20+00:00,morning,2026-09-26 22:00:00+00:00,1,0.2646523782529408,13.08,12.81534762174706,49.24169325158236,49.5063456298353
3,20260926T032720Z-72384d1f,2026-09-26 03:27:20+00:00,morning,2026-09-26 23:00:00+00:00,1,-5.665228390977829,17.76,23.42522839097783,50.535230143061796,44.870001752083965
3,20260926T032720Z-72384d1f,2026-09-26 03:27:20+00:00,morning,2026-09-27 00:00:00+00:00,1,-8.263701467900901,14.3,22.563701467900902,53.019078109989096,44.755376642088194
3,20260926T032720Z-72384d1f,2026-09-26 03:27:20+00:00,morning,2026-09-27 01:00:00+00:00,1,-8.565839929439367,12.81,21.375839929439366,51.14536516547754,42.57952523603818
3,20260926T032720Z-72384d1f,2026-09-26 03:27:20+00:00,morning,2026-09-27 02:00:00+00:00,1,-7.60427839097783,10.74,18.34427839097783,48.8194061686293,41.21512777765147
3,20260926T032720Z-72384d1f,2026-09-26 03:27:20+00:00,morning,2026-09-27 03:00:00+00:00,1,2.701617762868324,9.99,7.288382237131676,50.9504836709598,53.65210143382812
3,20260926T032720Z-72384d1f,2026-09-26 03:27:20+00:00,morning,2026-09-27 04:00:00+00:00,1,21.5705491893496,9.7,-11.8705491893496,83.45115832897112,105.02170751832071
3,20260926T032720Z-72384d1f,2026-09-26 03:27:20+00:00,morning,2026-09-27 05:00:00+00:00,1,36.97258380473421,10.0,-26.972583804734207,114.00415585112815,150.97673965586236
3,20260926T032720Z-72384d1f,2026-09-26 03:27:20+00:00,morning,2026-09-27 06:00:00+00:00,1,43.53233765088805,9.99,-33.54233765088805,119.02868570360728,162.56102335449532
3,20260926T032720Z-72384d1f,2026-09-26 03:27:20+00:00,morning,2026-09-27 07:00:00+00:00,1,40.87080303550345,39.62,-1.250803035503452,112.56842406538853,153.43922710089197
3,20260926T032720Z-72384d1f,2026-09-26 03:27:20+00:00,morning,2026-09-27 08:00:00+00:00,1,30.70638765088805,29.81,-0.8963876508880517,109.25146307075465,139.9578507216427
3,20260926T032720Z-72384d1f,2026-09-26 03:27:20+00:00,morning,2026-09-27 09:00:00+00:00,1,21.404972266272672,19.49,-1.9149722662726738,112.70220468514555,134.1071769514182
3,20260926T032720Z-72384d1f,2026-09-26 03:27:20+00:00,morning,2026-09-27 10:00:00+00:00,1,16.986879958580367,19.49,2.5031200414196313,110.0337085883961,127.02058854697646
3,20260926T032720Z-72384d1f,2026-09-26 03:27:20+00:00,morning,2026-09-27 11:00:00+00:00,1,14.93778380473421,19.9,4.962216195265789,110.73764423933423,125.67542804406844
3,20260926T032720Z-72384d1f,2026-09-26 03:27:20+00:00,morning,2026-09-27 12:00:00+00:00,1,16.817511106818422,16.35,-0.4675111068184208,109.75087884569595,126.56838995251437
3,20260926T032720Z-72384d1f,2026-09-26 03:27:20+00:00,morning,2026-09-27 13:00:00+00:00,1,25.613857260664588,19.99,-5.62385726066459,106.20438975804636,131.81824701871096
3,20260926T032720Z-72384d1f,2026-09-26 03:27:20+00:00,morning,2026-09-27 14:00:00+00:00,1,37.05589572220304,21.99,-15.065895722203042,107.49665046816816,144.5525461903712
3,20260926T032720Z-72384d1f,2026-09-26 03:27:20+00:00,morning,2026-09-27 15:00:00+00:00,1,52.3084341837415,38.73,-13.5784341837415,102.130189992424,154.4386241761655
3,20260926T032720Z-72384d1f,2026-09-26 03:27:20+00:00,morning,2026-09-27 16:00:00+00:00,1,58.3941594364218,47.2,-11.1941594364218,142.06464976196096,200.45880919838277
3,20260926T032720Z-72384d1f,2026-09-26 03:27:20+00:00,morning,2026-09-27 17:00:00+00:00,1,52.0279136208661,43.76,-8.267913620866103,141.68523649975302,193.7131501206191
3,20260926T032720Z-72384d1f,2026-09-26 03:27:20+00:00,morning,2026-09-27 18:00:00+00:00,1,36.17190639409515,37.3,1.1280936059048443,141.94756699357148,178.11947338766663
3,20260926T032720Z-72384d1f,2026-09-26 03:27:20+00:00,morning,2026-09-27 19:00:00+00:00,1,28.97953565242655,33.57,4.590464347573452,126.7724802429171,155.75201589534365
3,20260926T032720Z-72384d1f,2026-09-26 03:27:20+00:00,morning,2026-09-27 20:00:00+00:00,1,12.619266421657326,32.18,19.560733578342674,124.90520246562455,137.52446888728187
3,20260926T032720Z-72384d1f,2026-09-26 03:27:20+00:00,morning,2026-09-27 21:00:00+00:00,2,1.7063048831957817,19.54,17.83369511680422,49.35422601684931,51.060530900045094
3,20260926T032720Z-72384d1f,2026-09-26 03:27:20+00:00,morning,2026-09-27 22:00:00+00:00,2,10.67755237825294,21.96,11.28244762174706,43.64958319231292,54.32713557056586
3,20260926T032720Z-72384d1f,2026-09-26 03:27:20+00:00,morning,2026-09-27 23:00:00+00:00,2,3.96332160902217,9.64,5.6766783909778304,51.93597173155134,55.89929334057351
3,20260926T032720Z-72384d1f,2026-09-26 03:27:20+00:00,morning,2026-09-28 00:00:00+00:00,2,0.5336985320990927,6.88,6.346301467900907,53.26668507249676,53.80038360459586
3,20260926T032720Z-72384d1f,2026-09-26 03:27:20+00:00,morning,2026-09-28 01:00:00+00:00,2,-0.4383399294393775,5.03,5.468339929439377,49.92348508706602,49.48514515762664
3,20260926T032720Z-72384d1f,2026-09-26 03:27:20+00:00,morning,2026-09-28 02:00:00+00:00,2,0.4315716090221699,4.09,3.65842839097783,46.17537019866964,46.60694180769181
3,20260926T032720Z-72384d1f,2026-09-26 03:27:20+00:00,morning,2026-09-28 03:00:00+00:00,2,12.11146776286832,4.78,-7.3314677628683205,54.133312831753386,66.2447805946217
3,20260926T032720Z-72384d1f,2026-09-26 03:27:20+00:00,morning,2026-09-28 04:00:00+00:00,2,31.440599189349605,6.33,-25.110599189349607,87.03306551430451,118.47366470365412
3,20260926T032720Z-72384d1f,2026-09-26 03:27:20+00:00,morning,2026-09-28 05:00:00+00:00,2,46.537683804734215,12.95,-33.58768380473421,142.0987913980532,188.63647520278744
3,20260926T032720Z-72384d1f,2026-09-26 03:27:20+00:00,morning,2026-09-28 06:00:00+00:00,2,49.36843765088805,15.02,-34.348437650888044,136.84628472948916,186.2147223803772
3,20260926T032720Z-72384d1f,2026-09-26 03:27:20+00:00,morning,2026-09-28 07:00:00+00:00,2,42.32045303550345,13.23,-29.090453035503447,137.06853045009294,179.38898348559638
3,20260926T032720Z-72384d1f,2026-09-26 03:27:20+00:00,morning,2026-09-28 08:00:00+00:00,2,28.720737650888054,6.55,-22.170737650888054,128.0185848553782,156.73932250626626
3,20260926T032720Z-72384d1f,2026-09-26 03:27:20+00:00,morning,2026-09-28 09:00:00+00:00,2,16.31432226627268,5.4,-10.914322266272679,122.49652792536791,138.81085019164058
3,20260926T032720Z-72384d1f,2026-09-26 03:27:20+00:00,morning,2026-09-28 10:00:00+00:00,2,9.07862995858036,3.67,-5.408629958580359,115.58441684048216,124.66304679906253
3,20260926T032720Z-72384d1f,2026-09-26 03:27:20+00:00,morning,2026-09-28 11:00:00+00:00,2,6.428333804734214,3.56,-2.8683338047342137,120.4239886397634,126.8523224444976
3,20260926T032720Z-72384d1f,2026-09-26 03:27:20+00:00,morning,2026-09-28 12:00:00+00:00,2,5.511664573964975,3.76,-1.751664573964975,123.1705176827652,128.68218225673016
3,20260926T032720Z-72384d1f,2026-09-26 03:27:20+00:00,morning,2026-09-28 13:00:00+00:00,2,11.182910727811134,3.87,-7.312910727811134,120.40898560948843,131.59189633729954
3,20260926T032720Z-72384d1f,2026-09-26 03:27:20+00:00,morning,2026-09-28 14:00:00+00:00,2,21.130449189349594,5.0,-16.130449189349594,120.78938574209315,141.91983493144275
3,20260926T032720Z-72384d1f,2026-09-26 03:27:20+00:00,morning,2026-09-28 15:00:00+00:00,2,37.24868765088805,8.3,-28.94868765088805,113.2066466012166,150.45533425210465
3,20260926T032720Z-72384d1f,2026-09-26 03:27:20+00:00,morning,2026-09-28 16:00:00+00:00,2,45.51368764253171,8.33,-37.18368764253171,147.0189126302801,192.5326002728118
3,20260926T032720Z-72384d1f,2026-09-26 03:27:20+00:00,morning,2026-09-28 17:00:00+00:00,2,39.29356460325873,8.56,-30.733564603258728,143.15145741794564,182.44502202120435
3,20260926T032720Z-72384d1f,2026-09-26 03:27:20+00:00,morning,2026-09-28 18:00:00+00:00,2,22.940067762868324,6.43,-16.510067762868324,151.1678211150845,174.10788887795283
3,20260926T032720Z-72384d1f,2026-09-26 03:27:20+00:00,morning,2026-09-28 19:00:00+00:00,2,14.05032545517602,5.7,-8.35032545517602,133.6569632075323,147.70728866270832
3,20260926T032720Z-72384d1f,2026-09-26 03:27:20+00:00,morning,2026-09-28 20:00:00+00:00,2,-3.245543775593216,9.04,12.285543775593215,133.47923946391813,130.23369568832493
3,20260926T032720Z-72384d1f,2026-09-26 03:27:20+00:00,morning,2026-09-28 21:00:00+00:00,3,-15.396055314054744,5.29,20.686055314054745,49.897687607610884,34.50163229355614
3,20260926T032720Z-72384d1f,2026-09-26 03:27:20+00:00,morning,2026-09-28 22:00:00+00:00,3,-3.6448976217470577,5.0,8.644897621747058,52.49961304217635,48.854715420429294
3,20260926T032720Z-72384d1f,2026-09-26 03:27:20+00:00,morning,2026-09-28 23:00:00+00:00,3,-8.415278390977825,4.0,12.415278390977825,54.06382778721198,45.64854939623415
3,20260926T032720Z-72384d1f,2026-09-26 03:27:20+00:00,morning,2026-09-29 00:00:00+00:00,3,-9.827851467900906,5.02,14.847851467900906,56.2445202015292,46.41666873362829
3,20260926T032720Z-72384d1f,2026-09-26 03:27:20+00:00,morning,2026-09-29 01:00:00+00:00,3,-8.579439929439372,7.38,15.959439929439373,52.239120376986335,43.65968044754696
3,20260926T032720Z-72384d1f,2026-09-26 03:27:20+00:00,morning,2026-09-29 02:00:00+00:00,3,-5.851178390977827,9.03,14.881178390977826,51.42895882065521,45.57778042967738
3,20260926T032720Z-72384d1f,2026-09-26 03:27:20+00:00,morning,2026-09-29 03:00:00+00:00,3,7.858967762868329,21.79,13.93103223713167,50.63962906976434,58.49859683263267
3,20260926T032720Z-72384d1f,2026-09-26 03:27:20+00:00,morning,2026-09-29 04:00:00+00:00,3,21.708134586804203,22.06,0.3518654131957959,83.70807183426582,105.41620642107003
3,20260926T032720Z-72384d1f,2026-09-26 03:27:20+00:00,morning,2026-09-29 05:00:00+00:00,3,38.41337079030748,39.91,1.4966292096925145,112.65207180023049,151.06544259053797
3,20260926T032720Z-72384d1f,2026-09-26 03:27:20+00:00,morning,2026-09-29 06:00:00+00:00,3,44.94097695339229,89.88,44.93902304660771,133.10506805733706,178.04604501072936
3,20260926T032720Z-72384d1f,2026-09-26 03:27:20+00:00,morning,2026-09-29 07:00:00+00:00,3,43.74551133663128,93.85,50.10448866336871,137.02568504883325,180.77119638546452
3,20260926T032720Z-72384d1f,2026-09-26 03:27:20+00:00,morning,2026-09-29 08:00:00+00:00,3,34.932805578269914,114.2,79.2671944217301,139.48001013401174,174.41281571228166
3,20260926T032720Z-72384d1f,2026-09-26 03:27:20+00:00,morning,2026-09-29 09:00:00+00:00,3,24.51209822712975,110.26,85.74790177287025,126.88865822097668,151.40075644810642
3,20260926T032720Z-72384d1f,2026-09-26 03:27:20+00:00,morning,2026-09-29 10:00:00+00:00,3,21.258140912003626,105.26,84.00185908799638,118.6699541191332,139.92809503113682
3,20260926T032720Z-72384d1f,2026-09-26 03:27:20+00:00,morning,2026-09-29 11:00:00+00:00,3,23.37540801866211,98.44,75.06459198133788,117.63440089090571,141.00980890956782
3,20260926T032720Z-72384d1f,2026-09-26 03:27:20+00:00,morning,2026-09-29 12:00:00+00:00,3,21.18108661622176,98.33,77.14891338377824,118.79264731887073,139.9737339350925
3,20260926T032720Z-72384d1f,2026-09-26 03:27:20+00:00,morning,2026-09-29 13:00:00+00:00,3,27.187924075235436,103.95,76.76207592476456,114.75022985243763,141.93815392767306
3,20260926T032720Z-72384d1f,2026-09-26 03:27:20+00:00,morning,2026-09-29 14:00:00+00:00,3,35.32149026217899,108.8,73.47850973782101,119.32421532349419,154.64570558567317
3,20260926T032720Z-72384d1f,2026-09-26 03:27:20+00:00,morning,2026-09-29 15:00:00+00:00,3,48.89437725088973,124.08,75.18562274911027,125.39066173454411,174.28503898543386
3,20260926T032720Z-72384d1f,2026-09-26 03:27:20+00:00,morning,2026-09-29 16:00:00+00:00,3,55.48962289124738,115.85,60.360377108752616,152.21065583981928,207.70027873106665
3,20260926T032720Z-72384d1f,2026-09-26 03:27:20+00:00,morning,2026-09-29 17:00:00+00:00,3,46.97105860724572,57.39,10.418941392754277,143.04220348984208,190.01326209708782
3,20260926T032720Z-72384d1f,2026-09-26 03:27:20+00:00,morning,2026-09-29 18:00:00+00:00,3,30.3190692928447,56.25,25.9309307071553,146.15464180685458,176.47371109969927
3,20260926T032720Z-72384d1f,2026-09-26 03:27:20+00:00,morning,2026-09-29 19:00:00+00:00,3,21.37763788438753,28.49,7.11236211561247,132.94221094326863,154.31984882765616
3,20260926T032720Z-72384d1f,2026-09-26 03:27:20+00:00,morning,2026-09-29 20:00:00+00:00,3,4.71758842027764,39.0,34.28241157972236,130.35582129623455,135.0734097165122
3,20260926T032720Z-72384d1f,2026-09-26 03:27:20+00:00,morning,2026-09-29 21:00:00+00:00,4,-6.127380578151186,38.75,44.87738057815119,74.19839530218412,68.07101472403293
3,20260926T032720Z-72384d1f,2026-09-26 03:27:20+00:00,morning,2026-09-29 22:00:00+00:00,4,7.099813950081681,40.56,33.46018604991832,96.10185688747914,103.20167083756083
3,20260926T032720Z-72384d1f,2026-09-26 03:27:20+00:00,morning,2026-09-29 23:00:00+00:00,4,3.659434346122914,43.18,39.520565653877085,98.53793869455455,102.19737304067746
3,20260926T032720Z-72384d1f,2026-09-26 03:27:20+00:00,morning,2026-09-30 00:00:00+00:00,4,3.1034764511051955,52.32,49.216523548894806,100.79328248032316,103.89675893142835
3,20260926T032720Z-72384d1f,2026-09-26 03:27:20+00:00,morning,2026-09-30 01:00:00+00:00,4,5.233220163309613,61.7,56.46677983669039,93.9326620248224,99.16588218813202
3,20260926T032720Z-72384d1f,2026-09-26 03:27:20+00:00,morning,2026-09-30 02:00:00+00:00,4,7.747090794424061,82.08,74.33290920557593,92.80627910894118,100.55336990336525
3,20260926T032720Z-72384d1f,2026-09-26 03:27:20+00:00,morning,2026-09-30 03:00:00+00:00,4,19.71002889964467,107.3,87.58997110035533,101.20991977152087,120.91994867116554
3,20260926T032720Z-72384d1f,2026-09-26 03:27:20+00:00,morning,2026-09-30 04:00:00+00:00,4,39.57346717076528,154.8,115.22653282923474,100.01936514581621,139.59283231658148
3,20260926T032720Z-72384d1f,2026-09-26 03:27:20+00:00,morning,2026-09-30 05:00:00+00:00,4,54.92292748703311,197.27,142.34707251296692,115.1143196075414,170.03724709457452
3,20260926T032720Z-72384d1f,2026-09-26 03:27:20+00:00,morning,2026-09-30 06:00:00+00:00,4,59.915373193212986,210.56,150.64462680678702,137.70463443620568,197.62000762941867
3,20260926T032720Z-72384d1f,2026-09-26 03:27:20+00:00,morning,2026-09-30 07:00:00+00:00,4,55.63718001333445,240.26,184.62281998666555,134.7087627310811,190.34594274441554
3,20260926T032720Z-72384d1f,2026-09-26 03:27:20+00:00,morning,2026-09-30 08:00:00+00:00,4,44.5796088789322,149.94,105.3603911210678,125.64413912028188,170.22374799921408
3,20260926T032720Z-72384d1f,2026-09-26 03:27:20+00:00,morning,2026-09-30 09:00:00+00:00,4,34.67223942774173,116.87,82.19776057225828,113.36219430327309,148.03443373101481
3,20260926T032720Z-72384d1f,2026-09-26 03:27:20+00:00,morning,2026-09-30 10:00:00+00:00,4,29.01633993338961,113.71,84.69366006661039,101.39100757131833,130.40734750470793
3,20260926T032720Z-72384d1f,2026-09-26 03:27:20+00:00,morning,2026-09-30 11:00:00+00:00,4,26.367634497228583,108.27,81.90236550277142,100.63757352223958,127.00520801946816
3,20260926T032720Z-72384d1f,2026-09-26 03:27:20+00:00,morning,2026-09-30 12:00:00+00:00,4,26.82162650266788,105.94,79.11837349733212,99.00423353663184,125.82586003929973
3,20260926T032720Z-72384d1f,2026-09-26 03:27:20+00:00,morning,2026-09-30 13:00:00+00:00,4,33.46253758785722,99.94,66.47746241214278,96.21856699574344,129.68110458360067
3,20260926T032720Z-72384d1f,2026-09-26 03:27:20+00:00,morning,2026-09-30 14:00:00+00:00,4,43.32467955101328,150.0,106.67532044898672,99.21748130760776,142.54216085862103
3,20260926T032720Z-72384d1f,2026-09-26 03:27:20+00:00,morning,2026-09-30 15:00:00+00:00,4,59.62579146315191,244.81,185.18420853684808,113.99233479757916,173.61812626073106
3,20260926T032720Z-72384d1f,2026-09-26 03:27:20+00:00,morning,2026-09-30 16:00:00+00:00,4,68.43342132182812,213.28,144.84657867817188,102.80426833986002,171.23768966168814
3,20260926T032720Z-72384d1f,2026-09-26 03:27:20+00:00,morning,2026-09-30 17:00:00+00:00,4,60.91665237490066,229.71,168.79334762509936,109.08844091563058,170.00509329053125
3,20260926T032720Z-72384d1f,2026-09-26 03:27:20+00:00,morning,2026-09-30 18:00:00+00:00,4,44.1780933782999,245.84,201.6619066217001,111.32096106619774,155.49905444449763
3,20260926T032720Z-72384d1f,2026-09-26 03:27:20+00:00,morning,2026-09-30 19:00:00+00:00,4,33.49631425293887,186.88,153.38368574706112,67.1851515673697,100.68146582030857
3,20260926T032720Z-72384d1f,2026-09-26 03:27:20+00:00,morning,2026-09-30 20:00:00+00:00,4,14.066342220070688,102.71,88.6436577799293,65.9373886335667,80.00373085363739
3,20260926T032720Z-72384d1f,2026-09-26 03:27:20+00:00,morning,2026-09-30 21:00:00+00:00,5,1.7124083371885237,51.09,49.37759166281148,72.36688022737441,74.07928856456293
3,20260926T132342Z-cf45603e,2026-09-26 13:23:42+00:00,afternoon,2026-09-27 21:00:00+00:00,2,11.545837486637696,19.54,7.994162513362303,46.02352559912023,57.56936308575792
3,20260926T132342Z-cf45603e,2026-09-26 13:23:42+00:00,afternoon,2026-09-27 22:00:00+00:00,2,20.24410056774884,21.96,1.7158994322511596,41.88855008131224,62.13265064906108
3,20260926T132342Z-cf45603e,2026-09-26 13:23:42+00:00,afternoon,2026-09-27 23:00:00+00:00,2,13.419639456637723,9.64,-3.7796394566377227,43.79741532308338,57.2170547797211
3,20260926T132342Z-cf45603e,2026-09-26 13:23:42+00:00,afternoon,2026-09-28 00:00:00+00:00,2,9.997843160341429,6.88,-3.1178431603414287,41.94179870895384,51.93964186929527
3,20260926T132342Z-cf45603e,2026-09-26 13:23:42+00:00,afternoon,2026-09-28 01:00:00+00:00,2,9.344359827008091,5.03,-4.314359827008091,38.86781301099442,48.21217283800251
3,20260926T132342Z-cf45603e,2026-09-26 13:23:42+00:00,afternoon,2026-09-28 02:00:00+00:00,2,10.207269086267347,4.09,-6.117269086267347,37.0644716152299,47.271740701497244
3,20260926T132342Z-cf45603e,2026-09-26 13:23:42+00:00,afternoon,2026-09-28 03:00:00+00:00,2,21.788732049230315,4.78,-17.008732049230314,54.11339063949367,75.90212268872399
3,20260926T132342Z-cf45603e,2026-09-26 13:23:42+00:00,afternoon,2026-09-28 04:00:00+00:00,2,40.34934880713247,6.33,-34.019348807132474,86.7393327357442,127.08868154287667
3,20260926T132342Z-cf45603e,2026-09-26 13:23:42+00:00,afternoon,2026-09-28 05:00:00+00:00,2,53.42812473305838,12.95,-40.47812473305838,136.1158072245322,189.5439319575906
3,20260926T132342Z-cf45603e,2026-09-26 13:23:42+00:00,afternoon,2026-09-28 06:00:00+00:00,2,57.31337473305839,15.02,-42.293374733058386,132.66863079589874,189.98200552895713
3,20260926T132342Z-cf45603e,2026-09-26 13:23:42+00:00,afternoon,2026-09-28 07:00:00+00:00,2,52.68916362194728,13.23,-39.45916362194728,129.16137743656293,181.8505410585102
3,20260926T132342Z-cf45603e,2026-09-26 13:23:42+00:00,afternoon,2026-09-28 08:00:00+00:00,2,41.38900436268803,6.55,-34.83900436268803,130.7384772444262,172.12748160711425
3,20260926T132342Z-cf45603e,2026-09-26 13:23:42+00:00,afternoon,2026-09-28 09:00:00+00:00,2,30.661906214539872,5.4,-25.26190621453987,121.35624025698188,152.01814647152176
3,20260926T132342Z-cf45603e,2026-09-26 13:23:42+00:00,afternoon,2026-09-28 10:00:00+00:00,2,23.768830288613948,3.67,-20.098830288613946,104.73128686907278,128.50011715768673
3,20260926T132342Z-cf45603e,2026-09-26 13:23:42+00:00,afternoon,2026-09-28 11:00:00+00:00,2,19.80090065898432,3.56,-16.240900658984323,112.60310863367417,132.4040092926585
3,20260926T132342Z-cf45603e,2026-09-26 13:23:42+00:00,afternoon,2026-09-28 12:00:00+00:00,2,18.15498954787321,3.76,-14.39498954787321,114.96916742731938,133.1241569751926
3,20260926T132342Z-cf45603e,2026-09-26 13:23:42+00:00,afternoon,2026-09-28 13:00:00+00:00,2,22.548552510836178,3.87,-18.678552510836177,109.90430479298777,132.45285730382395
3,20260926T132342Z-cf45603e,2026-09-26 13:23:42+00:00,afternoon,2026-09-28 14:00:00+00:00,2,31.62948769602136,5.0,-26.62948769602136,114.5757462259799,146.20523392200127
3,20260926T132342Z-cf45603e,2026-09-26 13:23:42+00:00,afternoon,2026-09-28 15:00:00+00:00,2,46.31193028861395,8.3,-38.011930288613954,104.12881521812469,150.44074550673864
3,20260926T132342Z-cf45603e,2026-09-26 13:23:42+00:00,afternoon,2026-09-28 16:00:00+00:00,2,53.05383478468952,8.33,-44.72383478468952,141.2923911210516,194.3462259057411
3,20260926T132342Z-cf45603e,2026-09-26 13:23:42+00:00,afternoon,2026-09-28 17:00:00+00:00,2,45.879584963343625,8.56,-37.31958496334362,140.44888244226414,186.32846740560777
3,20260926T132342Z-cf45603e,2026-09-26 13:23:42+00:00,afternoon,2026-09-28 18:00:00+00:00,2,29.39987834552661,6.43,-22.96987834552661,146.36582378528823,175.76570213081484
3,20260926T132342Z-cf45603e,2026-09-26 13:23:42+00:00,afternoon,2026-09-28 19:00:00+00:00,2,20.669224641822904,5.7,-14.969224641822905,132.40286942129325,153.07209406311614
3,20260926T132342Z-cf45603e,2026-09-26 13:23:42+00:00,afternoon,2026-09-28 20:00:00+00:00,2,3.990311678859944,9.04,5.049688321140055,132.35519405754954,136.34550573640948
3,20260926T132342Z-cf45603e,2026-09-26 13:23:42+00:00,afternoon,2026-09-28 21:00:00+00:00,3,-8.17329202484376,5.29,13.46329202484376,48.07355129637992,39.90025927153616
3,20260926T132342Z-cf45603e,2026-09-26 13:23:42+00:00,afternoon,2026-09-28 22:00:00+00:00,3,2.870050567748839,5.0,2.129949432251161,52.09169340276814,54.961743970516984
3,20260926T132342Z-cf45603e,2026-09-26 13:23:42+00:00,afternoon,2026-09-28 23:00:00+00:00,3,-1.6097605433622793,4.0,5.609760543362279,54.6031492472402,52.99338870387792
3,20260926T132342Z-cf45603e,2026-09-26 13:23:42+00:00,afternoon,2026-09-29 00:00:00+00:00,3,-2.532256839658576,5.02,7.552256839658575,56.606174134331326,54.07391729467275
3,20260926T132342Z-cf45603e,2026-09-26 13:23:42+00:00,afternoon,2026-09-29 01:00:00+00:00,3,-0.3688901729919092,7.38,7.748890172991909,52.74697474241128,52.37808456941937
3,20260926T132342Z-cf45603e,2026-09-26 13:23:42+00:00,afternoon,2026-09-29 02:00:00+00:00,3,3.0525690862673507,9.03,5.977430913732649,50.3612610818916,53.41383016815895
3,20260926T132342Z-cf45603e,2026-09-26 13:23:42+00:00,afternoon,2026-09-29 03:00:00+00:00,3,17.722082049230313,21.79,4.0679179507696865,46.35855139406546,64.08063344329577
3,20260926T132342Z-cf45603e,2026-09-26 13:23:42+00:00,afternoon,2026-09-29 04:00:00+00:00,3,39.71885241960069,22.06,-17.658852419600688,76.63269535237747,116.35154777197815
3,20260926T132342Z-cf45603e,2026-09-26 13:23:42+00:00,afternoon,2026-09-29 05:00:00+00:00,3,57.13732473305839,39.91,-17.227324733058396,113.53596447389961,170.673289206958
3,20260926T132342Z-cf45603e,2026-09-26 13:23:42+00:00,afternoon,2026-09-29 06:00:00+00:00,3,64.61528516956103,89.88,25.26471483043896,153.75243416175556,218.3677193313166
3,20260926T132342Z-cf45603e,2026-09-26 13:23:42+00:00,afternoon,2026-09-29 07:00:00+00:00,3,64.12617405844992,93.85,29.723825941550075,151.88708788280513,216.01326194125505
3,20260926T132342Z-cf45603e,2026-09-26 13:23:42+00:00,afternoon,2026-09-29 08:00:00+00:00,3,56.22266479919067,114.2,57.977335200809335,156.32890325950245,212.55156805869314
3,20260926T132342Z-cf45603e,2026-09-26 13:23:42+00:00,afternoon,2026-09-29 09:00:00+00:00,3,47.5720166510425,110.26,62.6879833489575,139.50247204719392,187.07448869823642
3,20260926T132342Z-cf45603e,2026-09-26 13:23:42+00:00,afternoon,2026-09-29 10:00:00+00:00,3,43.013590725116586,105.26,62.24640927488342,122.49822695046042,165.511817675577
3,20260926T132342Z-cf45603e,2026-09-26 13:23:42+00:00,afternoon,2026-09-29 11:00:00+00:00,3,40.446211095486944,98.44,57.99378890451305,118.25701755745278,158.70322865293974
3,20260926T132342Z-cf45603e,2026-09-26 13:23:42+00:00,afternoon,2026-09-29 12:00:00+00:00,3,38.28909998437585,98.33,60.040900015624146,117.16035009366915,155.449450078045
3,20260926T132342Z-cf45603e,2026-09-26 13:23:42+00:00,afternoon,2026-09-29 13:00:00+00:00,3,41.43156294733881,103.95,62.51843705266119,116.01268848409424,157.44425143143306
3,20260926T132342Z-cf45603e,2026-09-26 13:23:42+00:00,afternoon,2026-09-29 14:00:00+00:00,3,50.08298519829382,108.8,58.71701480170618,116.03232667396922,166.11531187226305
3,20260926T132342Z-cf45603e,2026-09-26 13:23:42+00:00,afternoon,2026-09-29 15:00:00+00:00,3,62.83000430594835,124.08,61.24999569405165,117.47959510718833,180.30959941313668
3,20260926T132342Z-cf45603e,2026-09-26 13:23:42+00:00,afternoon,2026-09-29 16:00:00+00:00,3,65.80990643883402,115.85,50.040093561165975,145.36744452618908,211.1773509650231
3,20260926T132342Z-cf45603e,2026-09-26 13:23:42+00:00,afternoon,2026-09-29 17:00:00+00:00,3,55.58244381071333,57.39,1.8075561892866716,139.1775982191555,194.76004202986883
3,20260926T132342Z-cf45603e,2026-09-26 13:23:42+00:00,afternoon,2026-09-29 18:00:00+00:00,3,38.24995155773249,56.25,18.000048442267513,145.38475701708333,183.63470857481582
3,20260926T132342Z-cf45603e,2026-09-26 13:23:42+00:00,afternoon,2026-09-29 19:00:00+00:00,3,30.0958108083288,28.49,-1.6058108083288012,127.20094992349664,157.29676073182543
3,20260926T132342Z-cf45603e,2026-09-26 13:23:42+00:00,afternoon,2026-09-29 20:00:00+00:00,3,15.642647032852514,39.0,23.357352967147484,127.32855439979741,142.97120143264993
3,20260926T132342Z-cf45603e,2026-09-26 13:23:42+00:00,afternoon,2026-09-29 21:00:00+00:00,4,5.7010191003686455,38.75,33.04898089963135,71.05698942965364,76.75800853002228
3,20260926T132342Z-cf45603e,2026-09-26 13:23:42+00:00,afternoon,2026-09-29 22:00:00+00:00,4,19.44953430242163,40.56,21.110465697578373,92.27618187280396,111.72571617522559
3,20260926T132342Z-cf45603e,2026-09-26 13:23:42+00:00,afternoon,2026-09-29 23:00:00+00:00,4,15.991228561252749,43.18,27.188771438747253,94.49941501149652,110.49064357274928
3,20260926T132342Z-cf45603e,2026-09-26 13:23:42+00:00,afternoon,2026-09-30 00:00:00+00:00,4,15.982678303533843,52.32,36.337321696466155,96.33739417547801,112.32007247901186
3,20260926T132342Z-cf45603e,2026-09-26 13:23:42+00:00,afternoon,2026-09-30 01:00:00+00:00,4,19.72271313576449,61.7,41.97728686423551,88.72049392379235,108.44320705955684
3,20260926T132342Z-cf45603e,2026-09-26 13:23:42+00:00,afternoon,2026-09-30 02:00:00+00:00,4,23.46817546411986,82.08,58.61182453588014,85.7248754449751,109.19305090909495
3,20260926T132342Z-cf45603e,2026-09-26 13:23:42+00:00,afternoon,2026-09-30 03:00:00+00:00,4,34.21156730355921,107.3,73.08843269644079,87.5243761145872,121.7359434181464
3,20260926T132342Z-cf45603e,2026-09-26 13:23:42+00:00,afternoon,2026-09-30 04:00:00+00:00,4,53.44453592110858,154.8,101.35546407889143,98.32239899957169,151.76693492068028
3,20260926T132342Z-cf45603e,2026-09-26 13:23:42+00:00,afternoon,2026-09-30 05:00:00+00:00,4,69.00118486210745,197.27,128.26881513789255,95.68289070870692,164.68407557081437
3,20260926T132342Z-cf45603e,2026-09-26 13:23:42+00:00,afternoon,2026-09-30 06:00:00+00:00,4,74.02748878662271,210.56,136.5325112133773,100.01877632360537,174.0462651102281
3,20260926T132342Z-cf45603e,2026-09-26 13:23:42+00:00,afternoon,2026-09-30 07:00:00+00:00,4,69.59250301797408,240.26,170.6674969820259,111.14944581979488,180.74194883776897
3,20260926T132342Z-cf45603e,2026-09-26 13:23:42+00:00,afternoon,2026-09-30 08:00:00+00:00,4,58.48920364412965,149.94,91.45079635587035,128.58356650949148,187.07277015362112
3,20260926T132342Z-cf45603e,2026-09-26 13:23:42+00:00,afternoon,2026-09-30 09:00:00+00:00,4,48.95829441174759,116.87,67.91170558825242,112.03070379747767,160.98899820922526
3,20260926T132342Z-cf45603e,2026-09-26 13:23:42+00:00,afternoon,2026-09-30 10:00:00+00:00,4,44.03433040621213,113.71,69.67566959378786,95.37862922917935,139.41295963539147
3,20260926T132342Z-cf45603e,2026-09-26 13:23:42+00:00,afternoon,2026-09-30 11:00:00+00:00,4,41.65317586446274,108.27,66.61682413553726,92.94746445721242,134.60064032167514
3,20260926T132342Z-cf45603e,2026-09-26 13:23:42+00:00,afternoon,2026-09-30 12:00:00+00:00,4,42.1322092073717,105.94,63.807790792628296,96.1830790367437,138.3152882441154
3,20260926T132342Z-cf45603e,2026-09-26 13:23:42+00:00,afternoon,2026-09-30 13:00:00+00:00,4,48.55200592492666,99.94,51.38799407507334,94.00061022208969,142.55261614701635
3,20260926T132342Z-cf45603e,2026-09-26 13:23:42+00:00,afternoon,2026-09-30 14:00:00+00:00,4,58.2589129756391,150.0,91.7410870243609,100.26030570729667,158.51921868293576
3,20260926T132342Z-cf45603e,2026-09-26 13:23:42+00:00,afternoon,2026-09-30 15:00:00+00:00,4,74.21551156750158,244.81,170.59448843249842,75.10309165258339,149.31860322008498
3,20260926T132342Z-cf45603e,2026-09-26 13:23:42+00:00,afternoon,2026-09-30 16:00:00+00:00,4,82.26991864312541,213.28,131.0100813568746,77.08488654940273,159.35480519252815
3,20260926T132342Z-cf45603e,2026-09-26 13:23:42+00:00,afternoon,2026-09-30 17:00:00+00:00,4,75.07724445933114,229.71,154.63275554066888,76.76300873177166,151.84025319110282
3,20260926T132342Z-cf45603e,2026-09-26 13:23:42+00:00,afternoon,2026-09-30 18:00:00+00:00,4,58.093853733617244,245.84,187.74614626638277,110.6770244937314,168.77087822734865
3,20260926T132342Z-cf45603e,2026-09-26 13:23:42+00:00,afternoon,2026-09-30 19:00:00+00:00,4,47.79198529447503,186.88,139.08801470552496,65.6939128015141,113.48589809598914
3,20260926T132342Z-cf45603e,2026-09-26 13:23:42+00:00,afternoon,2026-09-30 20:00:00+00:00,4,28.80987234264131,102.71,73.90012765735868,63.23205145497949,92.0419237976208
3,20260926T132342Z-cf45603e,2026-09-26 13:23:42+00:00,afternoon,2026-09-30 21:00:00+00:00,5,15.830819665485937,51.09,35.25918033451407,65.11130781828665,80.94212748377258
3,20260926T190016Z-47323e7a,2026-09-26 19:00:16+00:00,afternoon,2026-09-27 21:00:00+00:00,2,16.04031010191223,19.54,3.4996898980877695,40.158966860274795,56.19927696218703
3,20260926T192558Z-38f90873,2026-09-26 19:25:58+00:00,afternoon,2026-09-27 21:00:00+00:00,2,8.957592206511922,19.54,10.582407793488077,41.67351551568503,50.63110772219696
3,20260926T192558Z-38f90873,2026-09-26 19:25:58+00:00,afternoon,2026-09-27 22:00:00+00:00,2,17.9847499229706,21.96,3.9752500770294006,41.32698779734492,59.31173772031552
3,20260926T192558Z-38f90873,2026-09-26 19:25:58+00:00,afternoon,2026-09-27 23:00:00+00:00,2,11.23663881185948,9.64,-1.5966388118594796,39.82105764148261,51.05769645334209
3,20260926T192558Z-38f90873,2026-09-26 19:25:58+00:00,afternoon,2026-09-28 00:00:00+00:00,2,8.148742515563185,6.88,-1.2687425155631855,43.29644052260838,51.445183038171564
3,20260926T192558Z-38f90873,2026-09-26 19:25:58+00:00,afternoon,2026-09-28 01:00:00+00:00,2,7.85345918222985,5.03,-2.8234591822298496,40.8159258270182,48.669385009248046
3,20260926T192558Z-38f90873,2026-09-26 19:25:58+00:00,afternoon,2026-09-28 02:00:00+00:00,2,8.590368441489113,4.09,-4.500368441489114,39.10356670413764,47.69393514562675
3,20260926T192558Z-38f90873,2026-09-26 19:25:58+00:00,afternoon,2026-09-28 03:00:00+00:00,2,19.546931404452074,4.78,-14.766931404452073,53.23775470847907,72.78468611293115
3,20260926T192558Z-38f90873,2026-09-26 19:25:58+00:00,afternoon,2026-09-28 04:00:00+00:00,2,37.53961734511164,6.33,-31.20961734511164,85.71815311384573,123.25777045895737
3,20260926T192558Z-38f90873,2026-09-26 19:25:58+00:00,afternoon,2026-09-28 05:00:00+00:00,2,51.26564327103757,12.95,-38.31564327103757,135.49139826700693,186.7570415380445
3,20260926T192558Z-38f90873,2026-09-26 19:25:58+00:00,afternoon,2026-09-28 06:00:00+00:00,2,55.74804327103756,15.02,-40.72804327103756,132.66863079589874,188.4166740669363
3,20260926T192558Z-38f90873,2026-09-26 19:25:58+00:00,afternoon,2026-09-28 07:00:00+00:00,2,51.81173215992644,13.23,-38.581732159926446,129.87174826804096,181.6834804279674
3,20260926T192558Z-38f90873,2026-09-26 19:25:58+00:00,afternoon,2026-09-28 08:00:00+00:00,2,41.5705729006672,6.55,-35.020572900667204,133.29018912594515,174.86076202661235
3,20260926T192558Z-38f90873,2026-09-26 19:25:58+00:00,afternoon,2026-09-28 09:00:00+00:00,2,31.664574752519044,5.4,-26.264574752519046,124.3604778259382,156.02505257845723
3,20260926T192558Z-38f90873,2026-09-26 19:25:58+00:00,afternoon,2026-09-28 10:00:00+00:00,2,25.09114882659312,3.67,-21.421148826593118,108.9770000782245,134.06814890481763
3,20260926T192558Z-38f90873,2026-09-26 19:25:58+00:00,afternoon,2026-09-28 11:00:00+00:00,2,21.200169196963486,3.56,-17.640169196963488,110.79226303339415,131.99243223035762
3,20260926T192558Z-38f90873,2026-09-26 19:25:58+00:00,afternoon,2026-09-28 12:00:00+00:00,2,20.108808085852377,3.76,-16.348808085852376,111.32110469318322,131.4299127790356
3,20260926T192558Z-38f90873,2026-09-26 19:25:58+00:00,afternoon,2026-09-28 13:00:00+00:00,2,24.267621048815343,3.87,-20.397621048815342,108.52106244363569,132.788683492451
3,20260926T192558Z-38f90873,2026-09-26 19:25:58+00:00,afternoon,2026-09-28 14:00:00+00:00,2,32.372956234000526,5.0,-27.372956234000526,112.81830162752895,145.1912578615295
3,20260926T192558Z-38f90873,2026-09-26 19:25:58+00:00,afternoon,2026-09-28 15:00:00+00:00,2,47.07219882659312,8.3,-38.772198826593126,103.64662966848535,150.71882849507847
3,20260926T192558Z-38f90873,2026-09-26 19:25:58+00:00,afternoon,2026-09-28 16:00:00+00:00,2,54.17259162086585,8.33,-45.84259162086585,139.506345944843,193.67893756570885
3,20260926T192558Z-38f90873,2026-09-26 19:25:58+00:00,afternoon,2026-09-28 17:00:00+00:00,2,47.72505369585441,8.56,-39.16505369585441,135.73331799170614,183.45837168756054
3,20260926T192558Z-38f90873,2026-09-26 19:25:58+00:00,afternoon,2026-09-28 18:00:00+00:00,2,32.22318612409362,6.43,-25.793186124093623,142.91936398772552,175.14255011181913
3,20260926T192558Z-38f90873,2026-09-26 19:25:58+00:00,afternoon,2026-09-28 19:00:00+00:00,2,23.934973997044672,5.7,-18.234973997044673,124.49601485247987,148.43098884952454
3,20260926T192558Z-38f90873,2026-09-26 19:25:58+00:00,afternoon,2026-09-28 20:00:00+00:00,2,7.437711034081709,9.04,1.60228896591829,126.55610456910395,133.99381560318565
3,20260926T192558Z-38f90873,2026-09-26 19:25:58+00:00,afternoon,2026-09-28 21:00:00+00:00,3,-4.367242669622004,5.29,9.657242669622004,46.267215815247496,41.899973145625495
3,20260926T192558Z-38f90873,2026-09-26 19:25:58+00:00,afternoon,2026-09-28 22:00:00+00:00,3,6.732199922970594,5.0,-1.7321999229705938,48.947985644369865,55.68018556734046
3,20260926T192558Z-38f90873,2026-09-26 19:25:58+00:00,afternoon,2026-09-28 23:00:00+00:00,3,2.2274888118594767,4.0,1.7725111881405233,51.18582305190293,53.4133118637624
3,20260926T192558Z-38f90873,2026-09-26 19:25:58+00:00,afternoon,2026-09-29 00:00:00+00:00,3,1.1329425155631796,5.02,3.88705748443682,54.43314443922422,55.5660869547874
3,20260926T192558Z-38f90873,2026-09-26 19:25:58+00:00,afternoon,2026-09-29 01:00:00+00:00,3,3.0354591822298502,7.38,4.34454081777015,49.205468633553835,52.240927815783685
3,20260926T192558Z-38f90873,2026-09-26 19:25:58+00:00,afternoon,2026-09-29 02:00:00+00:00,3,6.275718441489116,9.03,2.7542815585108835,45.03861803461355,51.31433647610267
3,20260926T192558Z-38f90873,2026-09-26 19:25:58+00:00,afternoon,2026-09-29 03:00:00+00:00,3,20.11348140445207,21.79,1.676518595547929,43.16375938331309,63.277240787765166
3,20260926T192558Z-38f90873,2026-09-26 19:25:58+00:00,afternoon,2026-09-29 04:00:00+00:00,3,40.93470177482244,22.06,-18.874701774822444,75.39634578767509,116.33104756249753
3,20260926T192558Z-38f90873,2026-09-26 19:25:58+00:00,afternoon,2026-09-29 05:00:00+00:00,3,57.83348852736427,39.91,-17.92348852736427,117.60180246630571,175.43529099366998
3,20260926T192558Z-38f90873,2026-09-26 19:25:58+00:00,afternoon,2026-09-29 06:00:00+00:00,3,64.58498852736429,89.88,25.295011472635707,160.01120759303973,224.59619612040402
3,20260926T192558Z-38f90873,2026-09-26 19:25:58+00:00,afternoon,2026-09-29 07:00:00+00:00,3,60.82062741625315,93.85,33.02937258374684,158.84569419390738,219.66632161016054
3,20260926T192558Z-38f90873,2026-09-26 19:25:58+00:00,afternoon,2026-09-29 08:00:00+00:00,3,50.18986815699391,114.2,64.01013184300609,160.8138997175077,211.0037678745016
3,20260926T192558Z-38f90873,2026-09-26 19:25:58+00:00,afternoon,2026-09-29 09:00:00+00:00,3,39.32522000884576,110.26,70.93477999115424,143.28262745763197,182.60784746647772
3,20260926T192558Z-38f90873,2026-09-26 19:25:58+00:00,afternoon,2026-09-29 10:00:00+00:00,3,33.786794082919826,105.26,71.47320591708018,128.17881667505435,161.96561075797416
3,20260926T192558Z-38f90873,2026-09-26 19:25:58+00:00,afternoon,2026-09-29 11:00:00+00:00,3,31.6319144532902,98.44,66.8080855467098,121.68201993220403,153.31393438549424
3,20260926T192558Z-38f90873,2026-09-26 19:25:58+00:00,afternoon,2026-09-29 12:00:00+00:00,3,30.582303342179088,98.33,67.74769665782091,122.1969568990588,152.7792602412379
3,20260926T192558Z-38f90873,2026-09-26 19:25:58+00:00,afternoon,2026-09-29 13:00:00+00:00,3,35.76476630514207,103.95,68.18523369485794,114.51123950487293,150.276005810015
3,20260926T192558Z-38f90873,2026-09-26 19:25:58+00:00,afternoon,2026-09-29 14:00:00+00:00,3,45.42370149032724,108.8,63.37629850967276,118.77734569803533,164.20104718836257
3,20260926T192558Z-38f90873,2026-09-26 19:25:58+00:00,afternoon,2026-09-29 15:00:00+00:00,3,61.01104408291981,124.08,63.06895591708019,112.82142460119107,173.8324686841109
3,20260926T192558Z-38f90873,2026-09-26 19:25:58+00:00,afternoon,2026-09-29 16:00:00+00:00,3,68.6793477245209,115.85,47.1706522754791,134.88371952065378,203.5630672451747
3,20260926T192558Z-38f90873,2026-09-26 19:25:58+00:00,afternoon,2026-09-29 17:00:00+00:00,3,62.44712924354895,57.39,-5.05712924354895,144.40081314824297,206.84794239179192
3,20260926T192558Z-38f90873,2026-09-26 19:25:58+00:00,afternoon,2026-09-29 18:00:00+00:00,3,45.7324625768823,56.25,10.517537423117702,150.05966604524687,195.79212862212916
3,20260926T192558Z-38f90873,2026-09-26 19:25:58+00:00,afternoon,2026-09-29 19:00:00+00:00,3,37.7825088731786,28.49,-9.292508873178601,133.58736645215853,171.36987532533715
3,20260926T192558Z-38f90873,2026-09-26 19:25:58+00:00,afternoon,2026-09-29 20:00:00+00:00,3,17.55117180672501,39.0,21.44882819327499,126.63308975067237,144.18426155739738
3,20260926T192558Z-38f90873,2026-09-26 19:25:58+00:00,afternoon,2026-09-29 21:00:00+00:00,4,6.865900726899668,38.75,31.884099273100333,73.48916133895364,80.3550620658533
3,20260926T192558Z-38f90873,2026-09-26 19:25:58+00:00,afternoon,2026-09-29 22:00:00+00:00,4,19.451543436380884,40.56,21.108456563619118,93.17226509969727,112.62380853607816
3,20260926T192558Z-38f90873,2026-09-26 19:25:58+00:00,afternoon,2026-09-29 23:00:00+00:00,4,16.50832732891245,43.18,26.67167267108755,93.86676765318111,110.37509498209357
3,20260926T192558Z-38f90873,2026-09-26 19:25:58+00:00,afternoon,2026-09-30 00:00:00+00:00,4,16.242650533545646,52.32,36.07734946645435,94.96534830646719,111.20799884001283
3,20260926T192558Z-38f90873,2026-09-26 19:25:58+00:00,afternoon,2026-09-30 01:00:00+00:00,4,17.985445162592956,61.7,43.71455483740705,88.00578613644079,105.99123129903374
3,20260926T192558Z-38f90873,2026-09-26 19:25:58+00:00,afternoon,2026-09-30 02:00:00+00:00,4,19.70966895155546,82.08,62.37033104844454,88.25086674612474,107.9605356976802
3,20260926T192558Z-38f90873,2026-09-26 19:25:58+00:00,afternoon,2026-09-30 03:00:00+00:00,4,30.45385454457752,107.3,76.84614545542247,86.91168677022209,117.36554131479961
3,20260926T192558Z-38f90873,2026-09-26 19:25:58+00:00,afternoon,2026-09-30 04:00:00+00:00,4,49.12523707651268,154.8,105.67476292348732,95.75901155919415,144.88424863570683
3,20260926T192558Z-38f90873,2026-09-26 19:25:58+00:00,afternoon,2026-09-30 05:00:00+00:00,4,63.60174210707554,197.27,133.6682578929245,106.59796842742492,170.19971053450047
3,20260926T192558Z-38f90873,2026-09-26 19:25:58+00:00,afternoon,2026-09-30 06:00:00+00:00,4,68.14269925164503,210.56,142.417300748355,129.32030624387298,197.46300549551802
3,20260926T192558Z-38f90873,2026-09-26 19:25:58+00:00,afternoon,2026-09-30 07:00:00+00:00,4,63.05937569170844,240.26,177.20062430829154,126.72194793080806,189.78132362251648
3,20260926T192558Z-38f90873,2026-09-26 19:25:58+00:00,afternoon,2026-09-30 08:00:00+00:00,4,51.719603379868325,149.94,98.22039662013168,126.55205619635798,178.2716595762263
3,20260926T192558Z-38f90873,2026-09-26 19:25:58+00:00,afternoon,2026-09-30 09:00:00+00:00,4,42.0121967078733,116.87,74.8578032921267,109.14671490751597,151.1589116153893
3,20260926T192558Z-38f90873,2026-09-26 19:25:58+00:00,afternoon,2026-09-30 10:00:00+00:00,4,36.90633791408011,113.71,76.80366208591988,96.07203593200404,132.97837384608414
3,20260926T192558Z-38f90873,2026-09-26 19:25:58+00:00,afternoon,2026-09-30 11:00:00+00:00,4,34.453356357650975,108.27,73.81664364234902,95.47404801215045,129.92740436980142
3,20260926T192558Z-38f90873,2026-09-26 19:25:58+00:00,afternoon,2026-09-30 12:00:00+00:00,4,34.948878073299895,105.94,70.9911219267001,92.09468993642568,127.04356800972558
3,20260926T192558Z-38f90873,2026-09-26 19:25:58+00:00,afternoon,2026-09-30 13:00:00+00:00,4,41.38575212841018,99.94,58.554247871589816,95.10544145593605,136.49119358434623
3,20260926T192558Z-38f90873,2026-09-26 19:25:58+00:00,afternoon,2026-09-30 14:00:00+00:00,4,51.30818942551898,150.0,98.69181057448102,99.24408114814736,150.55227057366633
3,20260926T192558Z-38f90873,2026-09-26 19:25:58+00:00,afternoon,2026-09-30 15:00:00+00:00,4,67.54729901159604,244.81,177.26270098840396,106.46816184665951,174.01546085825555
3,20260926T192558Z-38f90873,2026-09-26 19:25:58+00:00,afternoon,2026-09-30 16:00:00+00:00,4,75.7775302686909,213.28,137.5024697313091,83.71587378173815,159.49340405042904
3,20260926T192558Z-38f90873,2026-09-26 19:25:58+00:00,afternoon,2026-09-30 17:00:00+00:00,4,68.07905450984916,229.71,161.63094549015085,95.6301721895636,163.70922669941274
3,20260926T192558Z-38f90873,2026-09-26 19:25:58+00:00,afternoon,2026-09-30 18:00:00+00:00,4,51.06519590497714,245.84,194.77480409502286,104.76613376582719,155.83132967080434
3,20260926T192558Z-38f90873,2026-09-26 19:25:58+00:00,afternoon,2026-09-30 19:00:00+00:00,4,40.394010037800825,186.88,146.48598996219917,60.08914161845467,100.4831516562555
3,20260926T192558Z-38f90873,2026-09-26 19:25:58+00:00,afternoon,2026-09-30 20:00:00+00:00,4,21.53767098995297,102.71,81.17232901004702,63.74797772085159,85.28564871080457
3,20260926T192558Z-38f90873,2026-09-26 19:25:58+00:00,afternoon,2026-09-30 21:00:00+00:00,5,10.124827519515089,51.09,40.96517248048492,68.20049282267843,78.32532034219352
3,20260926T200832Z-ff2f5e65,2026-09-26 20:08:32+00:00,afternoon,2026-09-27 21:00:00+00:00,2,11.208619875644937,19.54,8.331380124355062,43.69408872773871,54.902708603383644
3,20260926T200832Z-ff2f5e65,2026-09-26 20:08:32+00:00,afternoon,2026-09-27 22:00:00+00:00,2,18.85590501712178,21.96,3.1040949828782196,41.65653008735445,60.512435104476225
3,20260926T200832Z-ff2f5e65,2026-09-26 20:08:32+00:00,afternoon,2026-09-27 23:00:00+00:00,2,12.142293906010664,9.64,-2.5022939060106637,44.07390745658501,56.216201362595676
3,20260926T200832Z-ff2f5e65,2026-09-26 20:08:32+00:00,afternoon,2026-09-28 00:00:00+00:00,2,9.040297609714363,6.88,-2.1602976097143634,42.3472034918333,51.38750110154766
3,20260926T200832Z-ff2f5e65,2026-09-26 20:08:32+00:00,afternoon,2026-09-28 01:00:00+00:00,2,8.637314276381034,5.03,-3.6073142763810333,40.18872658541853,48.82604086179956
3,20260926T200832Z-ff2f5e65,2026-09-26 20:08:32+00:00,afternoon,2026-09-28 02:00:00+00:00,2,9.535473535640293,4.09,-5.445473535640293,36.6619644012362,46.19743793687649
3,20260926T200832Z-ff2f5e65,2026-09-26 20:08:32+00:00,afternoon,2026-09-28 03:00:00+00:00,2,20.822636498603256,4.78,-16.042636498603255,53.915334362128476,74.73797086073174
3,20260926T200832Z-ff2f5e65,2026-09-26 20:08:32+00:00,afternoon,2026-09-28 04:00:00+00:00,2,39.00874776845572,6.33,-32.67874776845572,86.7393327357442,125.74808050419992
3,20260926T200832Z-ff2f5e65,2026-09-26 20:08:32+00:00,afternoon,2026-09-28 05:00:00+00:00,2,52.645973694381645,12.95,-39.69597369438165,136.02640095456397,188.6723746489456
3,20260926T200832Z-ff2f5e65,2026-09-26 20:08:32+00:00,afternoon,2026-09-28 06:00:00+00:00,2,57.64632369438166,15.02,-42.626323694381654,132.7328799734935,190.37920366787517
3,20260926T200832Z-ff2f5e65,2026-09-26 20:08:32+00:00,afternoon,2026-09-28 07:00:00+00:00,2,54.31076258327053,13.23,-41.08076258327053,135.54899744477623,189.85976002804676
3,20260926T200832Z-ff2f5e65,2026-09-26 20:08:32+00:00,afternoon,2026-09-28 08:00:00+00:00,2,43.2594533240113,6.55,-36.7094533240113,134.5429002711859,177.80235359519722
3,20260926T200832Z-ff2f5e65,2026-09-26 20:08:32+00:00,afternoon,2026-09-28 09:00:00+00:00,2,31.54205517586314,5.4,-26.142055175863142,124.29536799896742,155.83742317483058
3,20260926T200832Z-ff2f5e65,2026-09-26 20:08:32+00:00,afternoon,2026-09-28 10:00:00+00:00,2,24.85207924993721,3.67,-21.18207924993721,108.4795517588422,133.33163100877942
3,20260926T200832Z-ff2f5e65,2026-09-26 20:08:32+00:00,afternoon,2026-09-28 11:00:00+00:00,2,21.455799620307577,3.56,-17.895799620307578,111.10964919700338,132.56544881731097
3,20260926T200832Z-ff2f5e65,2026-09-26 20:08:32+00:00,afternoon,2026-09-28 12:00:00+00:00,2,20.428488509196463,3.76,-16.668488509196465,111.31814677529077,131.74663528448724
3,20260926T200832Z-ff2f5e65,2026-09-26 20:08:32+00:00,afternoon,2026-09-28 13:00:00+00:00,2,24.46280147215943,3.87,-20.59280147215943,109.01467549382184,133.47747696598128
3,20260926T200832Z-ff2f5e65,2026-09-26 20:08:32+00:00,afternoon,2026-09-28 14:00:00+00:00,2,32.44273665734461,5.0,-27.44273665734461,112.81830162752895,145.26103828487356
3,20260926T200832Z-ff2f5e65,2026-09-26 20:08:32+00:00,afternoon,2026-09-28 15:00:00+00:00,2,46.6901792499372,8.3,-38.390179249937205,104.40910379812635,151.09928304806357
3,20260926T200832Z-ff2f5e65,2026-09-26 20:08:32+00:00,afternoon,2026-09-28 16:00:00+00:00,2,52.60656993895528,8.33,-44.276569938955284,140.50488086118338,193.11145080013867
3,20260926T200832Z-ff2f5e65,2026-09-26 20:08:32+00:00,afternoon,2026-09-28 17:00:00+00:00,2,45.29740918129339,8.56,-36.73740918129339,137.99915997180997,183.29656915310335
3,20260926T200832Z-ff2f5e65,2026-09-26 20:08:32+00:00,afternoon,2026-09-28 18:00:00+00:00,2,28.74194139307553,6.43,-22.31194139307553,142.35303642155662,171.09497781463216
3,20260926T200832Z-ff2f5e65,2026-09-26 20:08:32+00:00,afternoon,2026-09-28 19:00:00+00:00,2,20.02517909119585,5.7,-14.32517909119585,124.86248413391365,144.8876632251095
3,20260926T200832Z-ff2f5e65,2026-09-26 20:08:32+00:00,afternoon,2026-09-28 20:00:00+00:00,2,3.240666128232892,9.04,5.799333871767107,129.6546802256675,132.8953463539004
3,20260926T200832Z-ff2f5e65,2026-09-26 20:08:32+00:00,afternoon,2026-09-28 21:00:00+00:00,3,-8.88153757547081,5.29,14.171537575470811,46.14358597636023,37.26204840088942
3,20260926T200832Z-ff2f5e65,2026-09-26 20:08:32+00:00,afternoon,2026-09-28 22:00:00+00:00,3,2.0766050171217767,5.0,2.9233949828782233,49.059808083151026,51.136413100272804
3,20260926T200832Z-ff2f5e65,2026-09-26 20:08:32+00:00,afternoon,2026-09-28 23:00:00+00:00,3,-2.5715060939893384,4.0,6.571506093989338,52.885811928603275,50.31430583461393
3,20260926T200832Z-ff2f5e65,2026-09-26 20:08:32+00:00,afternoon,2026-09-29 00:00:00+00:00,3,-3.798352390285631,5.02,8.81835239028563,55.880325291664136,52.081972901378506
3,20260926T200832Z-ff2f5e65,2026-09-26 20:08:32+00:00,afternoon,2026-09-29 01:00:00+00:00,3,-2.044485723618964,7.38,9.424485723618965,51.21799328062896,49.17350755701
3,20260926T200832Z-ff2f5e65,2026-09-26 20:08:32+00:00,afternoon,2026-09-29 02:00:00+00:00,3,1.0810235356402966,9.03,7.948976464359703,50.455478944175624,51.53650247981592
3,20260926T200832Z-ff2f5e65,2026-09-26 20:08:32+00:00,afternoon,2026-09-29 03:00:00+00:00,3,16.17473649860325,21.79,5.6152635013967505,44.929468483586575,61.10420498218983
3,20260926T200832Z-ff2f5e65,2026-09-26 20:08:32+00:00,afternoon,2026-09-29 04:00:00+00:00,3,39.26680686897363,22.06,-17.206806868973633,76.6052539119784,115.87206078095203
3,20260926T200832Z-ff2f5e65,2026-09-26 20:08:32+00:00,afternoon,2026-09-29 05:00:00+00:00,3,58.34064174515214,39.91,-18.430641745152144,117.57233315257915,175.9129748977313
3,20260926T200832Z-ff2f5e65,2026-09-26 20:08:32+00:00,afternoon,2026-09-29 06:00:00+00:00,3,66.71714174515213,89.88,23.162858254847862,160.527199590987,227.24434133613914
3,20260926T200832Z-ff2f5e65,2026-09-26 20:08:32+00:00,afternoon,2026-09-29 07:00:00+00:00,3,65.48628063404102,93.85,28.36371936595897,157.50586583150647,222.99214646554748
3,20260926T200832Z-ff2f5e65,2026-09-26 20:08:32+00:00,afternoon,2026-09-29 08:00:00+00:00,3,57.38452137478177,114.2,56.81547862521823,160.93259143520572,218.3171128099875
3,20260926T200832Z-ff2f5e65,2026-09-26 20:08:32+00:00,afternoon,2026-09-29 09:00:00+00:00,3,47.319123226633614,110.26,62.94087677336639,141.5538773038431,188.87300053047673
3,20260926T200832Z-ff2f5e65,2026-09-26 20:08:32+00:00,afternoon,2026-09-29 10:00:00+00:00,3,41.66744730070769,105.26,63.59255269929231,128.53591292123403,170.20336022194172
3,20260926T200832Z-ff2f5e65,2026-09-26 20:08:32+00:00,afternoon,2026-09-29 11:00:00+00:00,3,39.46631767107807,98.44,58.973682328921925,122.17612405876251,161.64244172984058
3,20260926T200832Z-ff2f5e65,2026-09-26 20:08:32+00:00,afternoon,2026-09-29 12:00:00+00:00,3,37.72570655996696,98.33,60.60429344003304,121.31431110990135,159.04001766986832
3,20260926T200832Z-ff2f5e65,2026-09-26 20:08:32+00:00,afternoon,2026-09-29 13:00:00+00:00,3,41.70616952292991,103.95,62.24383047707009,119.56133010720855,161.26749963013845
3,20260926T200832Z-ff2f5e65,2026-09-26 20:08:32+00:00,afternoon,2026-09-29 14:00:00+00:00,3,49.91835470811509,108.8,58.88164529188491,117.44185276880836,167.36020747692345
3,20260926T200832Z-ff2f5e65,2026-09-26 20:08:32+00:00,afternoon,2026-09-29 15:00:00+00:00,3,62.9921973007077,124.08,61.0878026992923,112.58185092049209,175.5740482211998
3,20260926T200832Z-ff2f5e65,2026-09-26 20:08:32+00:00,afternoon,2026-09-29 16:00:00+00:00,3,67.38319480553956,115.85,48.466805194460434,149.25032464018156,216.6335194457211
3,20260926T200832Z-ff2f5e65,2026-09-26 20:08:32+00:00,afternoon,2026-09-29 17:00:00+00:00,3,57.83765691268197,57.39,-0.44765691268197116,141.82060760122644,199.65826451390842
3,20260926T200832Z-ff2f5e65,2026-09-26 20:08:32+00:00,afternoon,2026-09-29 18:00:00+00:00,3,41.10758279489956,56.25,15.142417205100443,144.73462460640454,185.8422074013041
3,20260926T200832Z-ff2f5e65,2026-09-26 20:08:32+00:00,afternoon,2026-09-29 19:00:00+00:00,3,33.52547909119585,28.49,-5.03547909119585,129.43693499755918,162.96241408875503
3,20260926T200832Z-ff2f5e65,2026-09-26 20:08:32+00:00,afternoon,2026-09-29 20:00:00+00:00,3,17.411166128232885,39.0,21.588833871767115,126.63308975067237,144.04425587890526
3,20260926T200832Z-ff2f5e65,2026-09-26 20:08:32+00:00,afternoon,2026-09-29 21:00:00+00:00,4,6.054338905515125,38.75,32.695661094484876,72.71440116657936,78.76874007209449
3,20260926T200832Z-ff2f5e65,2026-09-26 20:08:32+00:00,afternoon,2026-09-29 22:00:00+00:00,4,18.67883524019812,40.56,21.881164759801884,93.81038411887025,112.48921935906836
3,20260926T200832Z-ff2f5e65,2026-09-26 20:08:32+00:00,afternoon,2026-09-29 23:00:00+00:00,4,16.066436867309143,43.18,27.113563132690857,94.56161081916619,110.62804768647533
3,20260926T200832Z-ff2f5e65,2026-09-26 20:08:32+00:00,afternoon,2026-09-30 00:00:00+00:00,4,15.80225468045759,52.32,36.51774531954241,96.04875861088902,111.85101329134662
3,20260926T200832Z-ff2f5e65,2026-09-26 20:08:32+00:00,afternoon,2026-09-30 01:00:00+00:00,4,17.49387988584169,61.7,44.20612011415831,88.00578613644079,105.49966602228248
3,20260926T200832Z-ff2f5e65,2026-09-26 20:08:32+00:00,afternoon,2026-09-30 02:00:00+00:00,4,19.14344508184923,82.08,62.93655491815077,88.16039956579145,107.30384464764069
3,20260926T200832Z-ff2f5e65,2026-09-26 20:08:32+00:00,afternoon,2026-09-30 03:00:00+00:00,4,29.780393137350977,107.3,77.51960686264903,87.02850637382198,116.80889951117297
3,20260926T200832Z-ff2f5e65,2026-09-26 20:08:32+00:00,afternoon,2026-09-30 04:00:00+00:00,4,48.308641787642415,154.8,106.4913582123576,94.2327214998012,142.54136328744363
3,20260926T200832Z-ff2f5e65,2026-09-26 20:08:32+00:00,afternoon,2026-09-30 05:00:00+00:00,4,62.63812294208505,197.27,134.63187705791495,104.9229090813247,167.56103202340975
3,20260926T200832Z-ff2f5e65,2026-09-26 20:08:32+00:00,afternoon,2026-09-30 06:00:00+00:00,4,67.14034678009976,210.56,143.41965321990023,131.0984594601753,198.23880624027504
3,20260926T200832Z-ff2f5e65,2026-09-26 20:08:32+00:00,afternoon,2026-09-30 07:00:00+00:00,4,62.06662428909441,240.26,178.19337571090557,124.99068607238794,187.05731036148237
3,20260926T200832Z-ff2f5e65,2026-09-26 20:08:32+00:00,afternoon,2026-09-30 08:00:00+00:00,4,50.8112836936746,149.94,99.1287163063254,124.89128768145726,175.70257137513187
3,20260926T200832Z-ff2f5e65,2026-09-26 20:08:32+00:00,afternoon,2026-09-30 09:00:00+00:00,4,41.17729861524654,116.87,75.69270138475346,107.94303408037037,149.12033269561692
3,20260926T200832Z-ff2f5e65,2026-09-26 20:08:32+00:00,afternoon,2026-09-30 10:00:00+00:00,4,36.12113434607077,113.71,77.58886565392922,95.89697527141162,132.0181096174824
3,20260926T200832Z-ff2f5e65,2026-09-26 20:08:32+00:00,afternoon,2026-09-30 11:00:00+00:00,4,33.70960430656593,108.27,74.56039569343406,93.61500534226424,127.32460964883018
3,20260926T200832Z-ff2f5e65,2026-09-26 20:08:32+00:00,afternoon,2026-09-30 12:00:00+00:00,4,34.21586942243465,105.94,71.72413057756535,92.96001533343919,127.17588475587384
3,20260926T200832Z-ff2f5e65,2026-09-26 20:08:32+00:00,afternoon,2026-09-30 13:00:00+00:00,4,40.59773849864093,99.94,59.34226150135907,93.1579029983387,133.75564149697962
3,20260926T200832Z-ff2f5e65,2026-09-26 20:08:32+00:00,afternoon,2026-09-30 14:00:00+00:00,4,50.44327296815757,150.0,99.55672703184243,97.50296616936322,147.9462391375208
3,20260926T200832Z-ff2f5e65,2026-09-26 20:08:32+00:00,afternoon,2026-09-30 15:00:00+00:00,4,66.64632012262697,244.81,178.16367987737303,104.57984108130319,171.22616120393016
3,20260926T200832Z-ff2f5e65,2026-09-26 20:08:32+00:00,afternoon,2026-09-30 16:00:00+00:00,4,74.81390558295968,213.28,138.46609441704032,81.82755301638183,156.6414585993415
3,20260926T200832Z-ff2f5e65,2026-09-26 20:08:32+00:00,afternoon,2026-09-30 17:00:00+00:00,4,67.0426834401172,229.71,162.6673165598828,99.3684433177246,166.4111267578418
3,20260926T200832Z-ff2f5e65,2026-09-26 20:08:32+00:00,afternoon,2026-09-30 18:00:00+00:00,4,50.04267808026134,245.84,195.79732191973866,104.76613376582719,154.80881184608853
3,20260926T200832Z-ff2f5e65,2026-09-26 20:08:32+00:00,afternoon,2026-09-30 19:00:00+00:00,4,39.41543809054443,186.88,147.46456190945557,60.043241906541475,99.45867999708591
3,20260926T200832Z-ff2f5e65,2026-09-26 20:08:32+00:00,afternoon,2026-09-30 20:00:00+00:00,4,20.61128005078777,102.71,82.09871994921222,64.41916274467303,85.0304427954608
3,20260926T200832Z-ff2f5e65,2026-09-26 20:08:32+00:00,afternoon,2026-09-30 21:00:00+00:00,5,9.166648750709111,51.09,41.92335124929089,67.73145158983246,76.89810034054157
3,20260926T203224Z-b02fb8d8,2026-09-26 20:32:24+00:00,afternoon,2026-09-27 21:00:00+00:00,2,10.099702507481522,19.54,9.440297492518477,42.108919146338074,52.2086216538196
3,20260926T203224Z-b02fb8d8,2026-09-26 20:32:24+00:00,afternoon,2026-09-27 22:00:00+00:00,2,18.866189328470853,21.96,3.0938106715291482,42.1665817954727,61.032771123943554
3,20260926T203224Z-b02fb8d8,2026-09-26 20:32:24+00:00,afternoon,2026-09-27 23:00:00+00:00,2,12.152578217359736,9.64,-2.512578217359735,44.61525966089871,56.76783787825845
3,20260926T203224Z-b02fb8d8,2026-09-26 20:32:24+00:00,afternoon,2026-09-28 00:00:00+00:00,2,9.050581921063436,6.88,-2.1705819210634365,42.212048927020135,51.262630848083575
3,20260926T203224Z-b02fb8d8,2026-09-26 20:32:24+00:00,afternoon,2026-09-28 01:00:00+00:00,2,8.647598587730107,5.03,-3.6175985877301065,40.517906156981105,49.165504744711214
3,20260926T203224Z-b02fb8d8,2026-09-26 20:32:24+00:00,afternoon,2026-09-28 02:00:00+00:00,2,9.545757846989364,4.09,-5.455757846989364,36.991143972798774,46.53690181978814
3,20260926T203224Z-b02fb8d8,2026-09-26 20:32:24+00:00,afternoon,2026-09-28 03:00:00+00:00,2,20.832920809952327,4.78,-16.052920809952326,53.617314692091384,74.45023550204371
3,20260926T203224Z-b02fb8d8,2026-09-26 20:32:24+00:00,afternoon,2026-09-28 04:00:00+00:00,2,38.99846800840511,6.33,-32.668468008405114,86.7393327357442,125.73780074414931
3,20260926T203224Z-b02fb8d8,2026-09-26 20:32:24+00:00,afternoon,2026-09-28 05:00:00+00:00,2,52.63569393433104,12.95,-39.68569393433104,136.02640095456397,188.662094888895
3,20260926T203224Z-b02fb8d8,2026-09-26 20:32:24+00:00,afternoon,2026-09-28 06:00:00+00:00,2,57.63604393433105,15.02,-42.616043934331046,132.7328799734935,190.36892390782455
3,20260926T203224Z-b02fb8d8,2026-09-26 20:32:24+00:00,afternoon,2026-09-28 07:00:00+00:00,2,54.30048282321993,13.23,-41.07048282321993,135.25097777473914,189.55146059795908
3,20260926T203224Z-b02fb8d8,2026-09-26 20:32:24+00:00,afternoon,2026-09-28 08:00:00+00:00,2,43.24917356396069,6.55,-36.69917356396069,134.5429002711859,177.7920738351466
3,20260926T203224Z-b02fb8d8,2026-09-26 20:32:24+00:00,afternoon,2026-09-28 09:00:00+00:00,2,31.531775415812533,5.4,-26.131775415812534,124.3338463673932,155.86562178320574
3,20260926T203224Z-b02fb8d8,2026-09-26 20:32:24+00:00,afternoon,2026-09-28 10:00:00+00:00,2,24.841799489886604,3.67,-21.171799489886602,108.4795517588422,133.3213512487288
3,20260926T203224Z-b02fb8d8,2026-09-26 20:32:24+00:00,afternoon,2026-09-28 11:00:00+00:00,2,21.44551986025697,3.56,-17.88551986025697,111.10964919700338,132.55516905726034
3,20260926T203224Z-b02fb8d8,2026-09-26 20:32:24+00:00,afternoon,2026-09-28 12:00:00+00:00,2,20.41820874914585,3.76,-16.65820874914585,111.31814677529077,131.73635552443662
3,20260926T203224Z-b02fb8d8,2026-09-26 20:32:24+00:00,afternoon,2026-09-28 13:00:00+00:00,2,24.452521712108823,3.87,-20.58252171210882,109.01467549382184,133.46719720593066
3,20260926T203224Z-b02fb8d8,2026-09-26 20:32:24+00:00,afternoon,2026-09-28 14:00:00+00:00,2,32.432456897294,5.0,-27.432456897294003,114.32035064744656,146.75280754474056
3,20260926T203224Z-b02fb8d8,2026-09-26 20:32:24+00:00,afternoon,2026-09-28 15:00:00+00:00,2,46.679899489886594,8.3,-38.3798994898866,104.40910379812635,151.08900328801295
3,20260926T203224Z-b02fb8d8,2026-09-26 20:32:24+00:00,afternoon,2026-09-28 16:00:00+00:00,2,52.61679981263228,8.33,-44.28679981263228,140.50488086118338,193.12168067381566
3,20260926T203224Z-b02fb8d8,2026-09-26 20:32:24+00:00,afternoon,2026-09-28 17:00:00+00:00,2,45.30769336967564,8.56,-36.74769336967564,138.30851797657965,183.61621134625528
3,20260926T203224Z-b02fb8d8,2026-09-26 20:32:24+00:00,afternoon,2026-09-28 18:00:00+00:00,2,28.75222564948197,6.43,-22.32222564948197,142.35303642155662,171.1052620710386
3,20260926T203224Z-b02fb8d8,2026-09-26 20:32:24+00:00,afternoon,2026-09-28 19:00:00+00:00,2,20.03546340254492,5.7,-14.33546340254492,127.56255775419558,147.59802115674051
3,20260926T203224Z-b02fb8d8,2026-09-26 20:32:24+00:00,afternoon,2026-09-28 20:00:00+00:00,2,3.25095043958196,9.04,5.789049560418039,129.48887612280672,132.73982656238869
3,20260926T203224Z-b02fb8d8,2026-09-26 20:32:24+00:00,afternoon,2026-09-28 21:00:00+00:00,3,-8.871253264121743,5.29,14.161253264121743,45.79704073429403,36.92578747017229
3,20260926T203224Z-b02fb8d8,2026-09-26 20:32:24+00:00,afternoon,2026-09-28 22:00:00+00:00,3,2.0868893284708427,5.0,2.9131106715291573,49.73902177205777,51.825911100528614
3,20260926T203224Z-b02fb8d8,2026-09-26 20:32:24+00:00,afternoon,2026-09-28 23:00:00+00:00,3,-2.5612217826402723,4.0,6.561221782640272,53.015140911681215,50.45391912904094
3,20260926T203224Z-b02fb8d8,2026-09-26 20:32:24+00:00,afternoon,2026-09-29 00:00:00+00:00,3,-3.788068078936565,5.02,8.808068078936564,55.244666278418606,51.456598199482045
3,20260926T203224Z-b02fb8d8,2026-09-26 20:32:24+00:00,afternoon,2026-09-29 01:00:00+00:00,3,-2.0342014122698977,7.38,9.414201412269897,51.21799328062896,49.183791868359066
3,20260926T203224Z-b02fb8d8,2026-09-26 20:32:24+00:00,afternoon,2026-09-29 02:00:00+00:00,3,1.091307846989363,9.03,7.938692153010637,50.455478944175624,51.54678679116499
3,20260926T203224Z-b02fb8d8,2026-09-26 20:32:24+00:00,afternoon,2026-09-29 03:00:00+00:00,3,16.185020809952317,21.79,5.604979190047683,45.71462658078744,61.89964739073976
3,20260926T203224Z-b02fb8d8,2026-09-26 20:32:24+00:00,afternoon,2026-09-29 04:00:00+00:00,3,39.2770911803227,22.06,-17.2170911803227,76.84822766907803,116.12531884940073
3,20260926T203224Z-b02fb8d8,2026-09-26 20:32:24+00:00,afternoon,2026-09-29 05:00:00+00:00,3,57.25869393433104,39.91,-17.348693934331045,117.57233315257915,174.83102708691018
3,20260926T203224Z-b02fb8d8,2026-09-26 20:32:24+00:00,afternoon,2026-09-29 06:00:00+00:00,3,65.57395092465592,89.88,24.306049075344077,160.527199590987,226.10115051564293
3,20260926T203224Z-b02fb8d8,2026-09-26 20:32:24+00:00,afternoon,2026-09-29 07:00:00+00:00,3,64.34308981354481,93.85,29.506910186455187,157.50586583150647,221.84895564505126
3,20260926T203224Z-b02fb8d8,2026-09-26 20:32:24+00:00,afternoon,2026-09-29 08:00:00+00:00,3,56.24133055428556,114.2,57.95866944571444,160.93259143520572,217.17392198949128
3,20260926T203224Z-b02fb8d8,2026-09-26 20:32:24+00:00,afternoon,2026-09-29 09:00:00+00:00,3,46.1759324061374,110.26,64.08406759386261,142.0493866655069,188.2253190716443
3,20260926T203224Z-b02fb8d8,2026-09-26 20:32:24+00:00,afternoon,2026-09-29 10:00:00+00:00,3,40.52425648021149,105.26,64.73574351978851,128.09834006228706,168.62259654249857
3,20260926T203224Z-b02fb8d8,2026-09-26 20:32:24+00:00,afternoon,2026-09-29 11:00:00+00:00,3,38.32312685058186,98.44,60.11687314941814,122.27944429486645,160.6025711454483
3,20260926T203224Z-b02fb8d8,2026-09-26 20:32:24+00:00,afternoon,2026-09-29 12:00:00+00:00,3,36.58251573947074,98.33,61.747484260529255,121.41763134600527,158.00014708547602
3,20260926T203224Z-b02fb8d8,2026-09-26 20:32:24+00:00,afternoon,2026-09-29 13:00:00+00:00,3,40.5629787024337,103.95,63.3870212975663,120.09938365148464,160.66236235391835
3,20260926T203224Z-b02fb8d8,2026-09-26 20:32:24+00:00,afternoon,2026-09-29 14:00:00+00:00,3,48.77516388761888,108.8,60.02483611238112,117.45491698604138,166.23008087366026
3,20260926T203224Z-b02fb8d8,2026-09-26 20:32:24+00:00,afternoon,2026-09-29 15:00:00+00:00,3,61.849006480211486,124.08,62.23099351978851,112.58185092049209,174.4308574007036
3,20260926T203224Z-b02fb8d8,2026-09-26 20:32:24+00:00,afternoon,2026-09-29 16:00:00+00:00,3,66.21869015009214,115.85,49.63130984990785,148.9028654273521,215.12155557744427
3,20260926T203224Z-b02fb8d8,2026-09-26 20:32:24+00:00,afternoon,2026-09-29 17:00:00+00:00,3,57.57913377291529,57.39,-0.18913377291529088,142.1299656059961,199.7090993789114
3,20260926T203224Z-b02fb8d8,2026-09-26 20:32:24+00:00,afternoon,2026-09-29 18:00:00+00:00,3,41.11786710624863,56.25,15.132132893751368,145.57503810499307,186.6929052112417
3,20260926T203224Z-b02fb8d8,2026-09-26 20:32:24+00:00,afternoon,2026-09-29 19:00:00+00:00,3,33.53576340254492,28.49,-5.0457634025449245,131.47375044734187,165.0095138498868
3,20260926T203224Z-b02fb8d8,2026-09-26 20:32:24+00:00,afternoon,2026-09-29 20:00:00+00:00,3,17.421450439581957,39.0,21.578549560418043,128.51300692234642,145.93445736192837
3,20260926T203224Z-b02fb8d8,2026-09-26 20:32:24+00:00,afternoon,2026-09-29 21:00:00+00:00,4,7.358544495089295,38.75,31.391455504910706,74.29698179125097,81.65552628634026
3,20260926T203224Z-b02fb8d8,2026-09-26 20:32:24+00:00,afternoon,2026-09-29 22:00:00+00:00,4,20.571030056975232,40.56,19.98896994302477,93.2674912723343,113.83852132930953
3,20260926T203224Z-b02fb8d8,2026-09-26 20:32:24+00:00,afternoon,2026-09-29 23:00:00+00:00,4,19.02742934418606,43.18,24.15257065581394,93.51738982485841,112.54481916904447
3,20260926T203224Z-b02fb8d8,2026-09-26 20:32:24+00:00,afternoon,2026-09-30 00:00:00+00:00,4,19.35868482396595,52.32,32.96131517603405,97.347717580436,116.70640240440196
3,20260926T203224Z-b02fb8d8,2026-09-26 20:32:24+00:00,afternoon,2026-09-30 01:00:00+00:00,4,21.474903654996275,61.7,40.22509634500373,88.20728327564207,109.68218693063835
3,20260926T203224Z-b02fb8d8,2026-09-26 20:32:24+00:00,afternoon,2026-09-30 02:00:00+00:00,4,23.430853238818543,82.08,58.649146761181456,86.40906684662822,109.83992008544676
3,20260926T203224Z-b02fb8d8,2026-09-26 20:32:24+00:00,afternoon,2026-09-30 03:00:00+00:00,4,34.330782377190175,107.3,72.96921762280982,88.48495562460461,122.81573800179478
3,20260926T203224Z-b02fb8d8,2026-09-26 20:32:24+00:00,afternoon,2026-09-30 04:00:00+00:00,4,53.0953756682584,154.8,101.70462433174161,99.3443004853079,152.4396761535663
3,20260926T203224Z-b02fb8d8,2026-09-26 20:32:24+00:00,afternoon,2026-09-30 05:00:00+00:00,4,67.53059758739583,197.27,129.7394024126042,109.9352228964329,177.46582048382874
3,20260926T203224Z-b02fb8d8,2026-09-26 20:32:24+00:00,afternoon,2026-09-30 06:00:00+00:00,4,72.07317995451214,210.56,138.48682004548786,113.10019273650958,185.1733726910217
3,20260926T203224Z-b02fb8d8,2026-09-26 20:32:24+00:00,afternoon,2026-09-30 07:00:00+00:00,4,66.9637782353765,240.26,173.2962217646235,128.5660207019486,195.5297989373251
3,20260926T203224Z-b02fb8d8,2026-09-26 20:32:24+00:00,afternoon,2026-09-30 08:00:00+00:00,4,55.60762764955235,149.94,94.33237235044766,128.38627184030602,183.99389948985836
3,20260926T203224Z-b02fb8d8,2026-09-26 20:32:24+00:00,afternoon,2026-09-30 09:00:00+00:00,4,45.884553484266846,116.87,70.98544651573316,109.27115100306052,155.15570448732737
3,20260926T203224Z-b02fb8d8,2026-09-26 20:32:24+00:00,afternoon,2026-09-30 10:00:00+00:00,4,40.76066990437456,113.71,72.94933009562544,96.75011746719393,137.51078737156848
3,20260926T203224Z-b02fb8d8,2026-09-26 20:32:24+00:00,afternoon,2026-09-30 11:00:00+00:00,4,38.29862658426519,108.27,69.9713734157348,93.64920283337185,131.94782941763702
3,20260926T203224Z-b02fb8d8,2026-09-26 20:32:24+00:00,afternoon,2026-09-30 12:00:00+00:00,4,38.7918312586396,105.94,67.1481687413604,93.78108900885663,132.57292026749622
3,20260926T203224Z-b02fb8d8,2026-09-26 20:32:24+00:00,afternoon,2026-09-30 13:00:00+00:00,4,45.22696449878189,99.94,54.71303550121811,96.96165127753527,142.18861577631716
3,20260926T203224Z-b02fb8d8,2026-09-26 20:32:24+00:00,afternoon,2026-09-30 14:00:00+00:00,4,55.15414913360296,150.0,94.84585086639704,101.03239708018212,156.18654621378508
3,20260926T203224Z-b02fb8d8,2026-09-26 20:32:24+00:00,afternoon,2026-09-30 15:00:00+00:00,4,71.41305222517659,244.81,173.39694777482342,84.76482239851008,156.17787462368665
3,20260926T203224Z-b02fb8d8,2026-09-26 20:32:24+00:00,afternoon,2026-09-30 16:00:00+00:00,4,79.64733219709147,213.28,133.63266780290854,84.93020445884723,164.5775366559387
3,20260926T203224Z-b02fb8d8,2026-09-26 20:32:24+00:00,afternoon,2026-09-30 17:00:00+00:00,4,71.6799115589688,229.71,158.0300884410312,84.74005175481793,156.41996331378672
3,20260926T203224Z-b02fb8d8,2026-09-26 20:32:24+00:00,afternoon,2026-09-30 18:00:00+00:00,4,54.17082342556274,245.84,191.66917657443727,109.80336604846129,163.97418947402403
3,20260926T203224Z-b02fb8d8,2026-09-26 20:32:24+00:00,afternoon,2026-09-30 19:00:00+00:00,4,43.13540488971423,186.88,143.74459511028576,62.71686419971095,105.85226908942518
3,20260926T203224Z-b02fb8d8,2026-09-26 20:32:24+00:00,afternoon,2026-09-30 20:00:00+00:00,4,23.7435133989566,102.71,78.96648660104339,63.98898101362949,87.73249441258609
3,20260926T203224Z-b02fb8d8,2026-09-26 20:32:24+00:00,afternoon,2026-09-30 21:00:00+00:00,5,11.429327500753956,51.09,39.66067249924605,66.69939116503619,78.12871866579015
4,20260926T205012Z-4013e802,2026-09-26 20:50:12+00:00,afternoon,2026-09-27 21:00:00+00:00,2,9.87072384789764,19.54,9.66927615210236,42.678628822464944,52.54935267036258
4,20260926T205012Z-4013e802,2026-09-26 20:50:12+00:00,afternoon,2026-09-27 22:00:00+00:00,2,18.84931155611984,21.96,3.1106884438801607,40.933999324545454,59.7833108806653
4,20260926T205012Z-4013e802,2026-09-26 20:50:12+00:00,afternoon,2026-09-27 23:00:00+00:00,2,12.19330044500872,9.64,-2.5533004450087198,41.92519783888898,54.118498283897694
4,20260926T205012Z-4013e802,2026-09-26 20:50:12+00:00,afternoon,2026-09-28 00:00:00+00:00,2,8.900054148712425,6.88,-2.0200541487124246,42.25976038895873,51.15981453767115
4,20260926T205012Z-4013e802,2026-09-26 20:50:12+00:00,afternoon,2026-09-28 01:00:00+00:00,2,8.54807081537909,5.03,-3.5180708153790894,45.62394895698249,54.17201977236158
4,20260926T205012Z-4013e802,2026-09-26 20:50:12+00:00,afternoon,2026-09-28 02:00:00+00:00,2,9.409930074638352,4.09,-5.319930074638352,38.68775396446361,48.09768403910196
4,20260926T205012Z-4013e802,2026-09-26 20:50:12+00:00,afternoon,2026-09-28 03:00:00+00:00,2,20.71509303760132,4.78,-15.93509303760132,35.809257931909926,56.52435096951125
4,20260926T205012Z-4013e802,2026-09-26 20:50:12+00:00,afternoon,2026-09-28 04:00:00+00:00,2,38.855937537436766,6.33,-32.52593753743677,47.24328242239237,86.09921995982913
4,20260926T205012Z-4013e802,2026-09-26 20:50:12+00:00,afternoon,2026-09-28 05:00:00+00:00,2,52.53231346336269,12.95,-39.582313463362695,86.11139753656325,138.64371099992593
4,20260926T205012Z-4013e802,2026-09-26 20:50:12+00:00,afternoon,2026-09-28 06:00:00+00:00,2,57.6057134633627,15.02,-42.585713463362694,101.41590079077078,159.02161425413348
4,20260926T205012Z-4013e802,2026-09-26 20:50:12+00:00,afternoon,2026-09-28 07:00:00+00:00,2,54.484502352251575,13.23,-41.25450235225158,105.69193900667845,160.17644135893002
4,20260926T205012Z-4013e802,2026-09-26 20:50:12+00:00,afternoon,2026-09-28 08:00:00+00:00,2,43.27044309299233,6.55,-36.72044309299233,109.84642267816535,153.11686577115768
4,20260926T205012Z-4013e802,2026-09-26 20:50:12+00:00,afternoon,2026-09-28 09:00:00+00:00,2,31.58934494484418,5.4,-26.18934494484418,104.36043479644559,135.94977974128977
4,20260926T205012Z-4013e802,2026-09-26 20:50:12+00:00,afternoon,2026-09-28 10:00:00+00:00,2,24.94046901891825,3.67,-21.27046901891825,90.98110311823325,115.9215721371515
4,20260926T205012Z-4013e802,2026-09-26 20:50:12+00:00,afternoon,2026-09-28 11:00:00+00:00,2,21.607189389288614,3.56,-18.047189389288615,85.14687224305905,106.75406163234766
4,20260926T205012Z-4013e802,2026-09-26 20:50:12+00:00,afternoon,2026-09-28 12:00:00+00:00,2,20.597728278177502,3.76,-16.8377282781775,78.21212280998571,98.80985108816321
4,20260926T205012Z-4013e802,2026-09-26 20:50:12+00:00,afternoon,2026-09-28 13:00:00+00:00,2,24.510541241140476,3.87,-20.640541241140475,79.35639145937854,103.86693270051902
4,20260926T205012Z-4013e802,2026-09-26 20:50:12+00:00,afternoon,2026-09-28 14:00:00+00:00,2,32.35877642632567,5.0,-27.35877642632567,82.281425742449,114.64020216877466
4,20260926T205012Z-4013e802,2026-09-26 20:50:12+00:00,afternoon,2026-09-28 15:00:00+00:00,2,46.54801901891825,8.3,-38.24801901891824,75.82063499147381,122.36865401039205
4,20260926T205012Z-4013e802,2026-09-26 20:50:12+00:00,afternoon,2026-09-28 16:00:00+00:00,2,52.55711966063818,8.33,-44.22711966063818,99.3998706373866,151.95699029802478
4,20260926T205012Z-4013e802,2026-09-26 20:50:12+00:00,afternoon,2026-09-28 17:00:00+00:00,2,45.43661649549144,8.56,-36.87661649549144,89.4903808954592,134.92699739095065
4,20260926T205012Z-4013e802,2026-09-26 20:50:12+00:00,afternoon,2026-09-28 18:00:00+00:00,2,28.866598278439525,6.43,-22.436598278439526,84.37569103603177,113.2422893144713
4,20260926T205012Z-4013e802,2026-09-26 20:50:12+00:00,afternoon,2026-09-28 19:00:00+00:00,2,20.230085630193912,5.7,-14.530085630193913,65.56979388729238,85.79987951748629
4,20260926T205012Z-4013e802,2026-09-26 20:50:12+00:00,afternoon,2026-09-28 20:00:00+00:00,2,3.2670726672309485,9.04,5.772927332769051,69.7964523337956,73.06352500102655
4,20260926T205012Z-4013e802,2026-09-26 20:50:12+00:00,afternoon,2026-09-28 21:00:00+00:00,3,-8.887381036472759,5.29,14.17738103647276,37.52347705360008,28.636096017127322
4,20260926T205012Z-4013e802,2026-09-26 20:50:12+00:00,afternoon,2026-09-28 22:00:00+00:00,3,2.0352115561198367,5.0,2.9647884438801633,36.25166471053933,38.28687626665916
4,20260926T205012Z-4013e802,2026-09-26 20:50:12+00:00,afternoon,2026-09-28 23:00:00+00:00,3,-2.656849554991277,4.0,6.656849554991277,38.00948934835361,35.352639793362336
4,20260926T205012Z-4013e802,2026-09-26 20:50:12+00:00,afternoon,2026-09-29 00:00:00+00:00,3,-3.908745851287577,5.02,8.928745851287577,40.503980835512124,36.59523498422455
4,20260926T205012Z-4013e802,2026-09-26 20:50:12+00:00,afternoon,2026-09-29 01:00:00+00:00,3,-2.2177291846209126,7.38,9.597729184620913,41.947671889869625,39.72994270524871
4,20260926T205012Z-4013e802,2026-09-26 20:50:12+00:00,afternoon,2026-09-29 02:00:00+00:00,3,0.9260800746383548,9.03,8.103919925361645,34.85385063173308,35.77993070637144
4,20260926T205012Z-4013e802,2026-09-26 20:50:12+00:00,afternoon,2026-09-29 03:00:00+00:00,3,16.08489303760131,21.79,5.705106962398688,36.76165239939282,52.846545436994134
4,20260926T205012Z-4013e802,2026-09-26 20:50:12+00:00,afternoon,2026-09-29 04:00:00+00:00,3,39.18296340797168,22.06,-17.122963407971678,49.00669385585345,88.18965726382513
4,20260926T205012Z-4013e802,2026-09-26 20:50:12+00:00,afternoon,2026-09-29 05:00:00+00:00,3,57.23380110070983,39.91,-17.323801100709836,74.64274989998844,131.87655100069827
4,20260926T205012Z-4013e802,2026-09-26 20:50:12+00:00,afternoon,2026-09-29 06:00:00+00:00,3,65.53480110070983,89.88,24.345198899290168,97.91616006892045,163.45096116963026
4,20260926T205012Z-4013e802,2026-09-26 20:50:12+00:00,afternoon,2026-09-29 07:00:00+00:00,3,64.2226899895987,93.85,29.62731001040129,103.24913659239344,167.47182658199216
4,20260926T205012Z-4013e802,2026-09-26 20:50:12+00:00,afternoon,2026-09-29 08:00:00+00:00,3,56.292430730339454,114.2,57.90756926966055,119.30774017521486,175.6001709055543
4,20260926T205012Z-4013e802,2026-09-26 20:50:12+00:00,afternoon,2026-09-29 09:00:00+00:00,3,46.40978258219129,110.26,63.850217417808715,109.57512452236418,155.98490710455548
4,20260926T205012Z-4013e802,2026-09-26 20:50:12+00:00,afternoon,2026-09-29 10:00:00+00:00,3,40.740106656265375,105.26,64.51989334373462,97.09992388558808,137.84003054185345
4,20260926T205012Z-4013e802,2026-09-26 20:50:12+00:00,afternoon,2026-09-29 11:00:00+00:00,3,38.60072702663575,98.44,59.839272973364245,95.46678699651605,134.0675140231518
4,20260926T205012Z-4013e802,2026-09-26 20:50:12+00:00,afternoon,2026-09-29 12:00:00+00:00,3,36.78736591552464,98.33,61.54263408447536,86.29176336162404,123.07912927714867
4,20260926T205012Z-4013e802,2026-09-26 20:50:12+00:00,afternoon,2026-09-29 13:00:00+00:00,3,40.6275788784876,103.95,63.322421121512406,88.97555851622228,129.60313739470988
4,20260926T205012Z-4013e802,2026-09-26 20:50:12+00:00,afternoon,2026-09-29 14:00:00+00:00,3,48.80976406367277,108.8,59.990235936327224,87.62962443174004,136.4393884954128
4,20260926T205012Z-4013e802,2026-09-26 20:50:12+00:00,afternoon,2026-09-29 15:00:00+00:00,3,61.78235665626537,124.08,62.29764334373463,76.53662852953315,138.3189851857985
4,20260926T205012Z-4013e802,2026-09-26 20:50:12+00:00,afternoon,2026-09-29 16:00:00+00:00,3,66.24922104477147,115.85,49.60077895522852,102.58429128196974,168.83351232674121
4,20260926T205012Z-4013e802,2026-09-26 20:50:12+00:00,afternoon,2026-09-29 17:00:00+00:00,3,57.76130600056428,57.39,-0.37130600056428165,87.91201028158389,145.67331628214816
4,20260926T205012Z-4013e802,2026-09-26 20:50:12+00:00,afternoon,2026-09-29 18:00:00+00:00,3,41.26538933389761,56.25,14.984610666102391,91.1808986383936,132.4462879722912
4,20260926T205012Z-4013e802,2026-09-26 20:50:12+00:00,afternoon,2026-09-29 19:00:00+00:00,3,33.58203563019391,28.49,-5.092035630193909,72.89819975612481,106.48023538631872
4,20260926T205012Z-4013e802,2026-09-26 20:50:12+00:00,afternoon,2026-09-29 20:00:00+00:00,3,17.504022667230952,39.0,21.495977332769048,73.61569527979907,91.11971794703003
4,20260926T205012Z-4013e802,2026-09-26 20:50:12+00:00,afternoon,2026-09-29 21:00:00+00:00,4,6.99547229344904,38.75,31.75452770655096,66.75979691875507,73.75526921220411
4,20260926T205012Z-4013e802,2026-09-26 20:50:12+00:00,afternoon,2026-09-29 22:00:00+00:00,4,20.379474553412532,40.56,20.18052544658747,66.77916825775368,87.15864281116622
4,20260926T205012Z-4013e802,2026-09-26 20:50:12+00:00,afternoon,2026-09-29 23:00:00+00:00,4,19.06518954411259,43.18,24.114810455887408,69.99131207721929,89.05650162133188
4,20260926T205012Z-4013e802,2026-09-26 20:50:12+00:00,afternoon,2026-09-30 00:00:00+00:00,4,19.549899300011997,52.32,32.77010069998801,71.55074161714604,91.10064091715805
4,20260926T205012Z-4013e802,2026-09-26 20:50:12+00:00,afternoon,2026-09-30 01:00:00+00:00,4,21.758632404181107,61.7,39.941367595818896,74.0585021333343,95.81713453751541
4,20260926T205012Z-4013e802,2026-09-26 20:50:12+00:00,afternoon,2026-09-30 02:00:00+00:00,4,23.76817802670415,82.08,58.31182197329585,74.40480608155018,98.17298410825433
4,20260926T205012Z-4013e802,2026-09-26 20:50:12+00:00,afternoon,2026-09-30 03:00:00+00:00,4,34.70136335052074,107.3,72.59863664947926,71.09416114139103,105.79552449191176
4,20260926T205012Z-4013e802,2026-09-26 20:50:12+00:00,afternoon,2026-09-30 04:00:00+00:00,4,53.4847750299228,154.8,101.31522497007721,71.85159079329846,125.33636582322126
4,20260926T205012Z-4013e802,2026-09-26 20:50:12+00:00,afternoon,2026-09-30 05:00:00+00:00,4,67.90274749308152,197.27,129.36725250691848,69.2935071845561,137.19625467763763
4,20260926T205012Z-4013e802,2026-09-26 20:50:12+00:00,afternoon,2026-09-30 06:00:00+00:00,4,72.47520161972393,210.56,138.08479838027608,85.76721563620589,158.2424172559298
4,20260926T205012Z-4013e802,2026-09-26 20:50:12+00:00,afternoon,2026-09-30 07:00:00+00:00,4,67.41816460165725,240.26,172.84183539834274,94.31276520825477,161.73092980991203
4,20260926T205012Z-4013e802,2026-09-26 20:50:12+00:00,afternoon,2026-09-30 08:00:00+00:00,4,56.12475883395547,149.94,93.81524116604453,105.31494601801288,161.43970485196834
4,20260926T205012Z-4013e802,2026-09-26 20:50:12+00:00,afternoon,2026-09-30 09:00:00+00:00,4,46.45072443972348,116.87,70.41927556027653,103.83509848904444,150.2858229287679
4,20260926T205012Z-4013e802,2026-09-26 20:50:12+00:00,afternoon,2026-09-30 10:00:00+00:00,4,41.34389565456315,113.71,72.36610434543684,92.83762124468393,134.18151689924707
4,20260926T205012Z-4013e802,2026-09-26 20:50:12+00:00,afternoon,2026-09-30 11:00:00+00:00,4,38.9058865991278,108.27,69.3641134008722,89.76638503659544,128.67227163572323
4,20260926T205012Z-4013e802,2026-09-26 20:50:12+00:00,afternoon,2026-09-30 12:00:00+00:00,4,39.41382213614619,105.94,66.5261778638538,80.69323243658064,120.10705457272684
4,20260926T205012Z-4013e802,2026-09-26 20:50:12+00:00,afternoon,2026-09-30 13:00:00+00:00,4,45.858161444485376,99.94,54.08183855551462,79.55059209929122,125.4087535437766
4,20260926T205012Z-4013e802,2026-09-26 20:50:12+00:00,afternoon,2026-09-30 14:00:00+00:00,4,55.771941352530725,150.0,94.22805864746928,84.84461906205597,140.6165604145867
4,20260926T205012Z-4013e802,2026-09-26 20:50:12+00:00,afternoon,2026-09-30 15:00:00+00:00,4,72.01197279160543,244.81,172.79802720839456,80.28946936397749,152.30144215558292
4,20260926T205012Z-4013e802,2026-09-26 20:50:12+00:00,afternoon,2026-09-30 16:00:00+00:00,4,80.22282380254649,213.28,133.05717619745351,72.91063642648338,153.13346022902988
4,20260926T205012Z-4013e802,2026-09-26 20:50:12+00:00,afternoon,2026-09-30 17:00:00+00:00,4,72.15607687527435,229.71,157.55392312472566,66.57818786063869,138.73426473591303
4,20260926T205012Z-4013e802,2026-09-26 20:50:12+00:00,afternoon,2026-09-30 18:00:00+00:00,4,54.47766031127355,245.84,191.36233968872645,78.32870897387187,132.80636928514542
4,20260926T205012Z-4013e802,2026-09-26 20:50:12+00:00,afternoon,2026-09-30 19:00:00+00:00,4,43.324067875051966,186.88,143.55593212494801,54.12646053504166,97.45052841009363
4,20260926T205012Z-4013e802,2026-09-26 20:50:12+00:00,afternoon,2026-09-30 20:00:00+00:00,4,23.770501750587403,102.71,78.9394982494126,54.29588077961818,78.06638253020559
4,20260926T205012Z-4013e802,2026-09-26 20:50:12+00:00,afternoon,2026-09-30 21:00:00+00:00,5,11.291499518317108,51.09,39.79850048168289,63.625302495960824,74.91680201427793
4,20260926T210703Z-5b9863e7,2026-09-26 21:07:03+00:00,morning,2026-09-27 21:00:00+00:00,1,4.073332525733551,19.54,15.466667474266448,43.75579255773412,47.829125083467666
4,20260926T210703Z-5b9863e7,2026-09-26 21:07:03+00:00,morning,2026-09-27 22:00:00+00:00,1,13.031416768835989,21.96,8.928583231164012,41.748571542899654,54.77998831173564
4,20260926T210703Z-5b9863e7,2026-09-26 21:07:03+00:00,morning,2026-09-27 23:00:00+00:00,1,6.375405657724871,9.64,3.26459434227513,38.885396841026484,45.26080249875135
4,20260926T210703Z-5b9863e7,2026-09-26 21:07:03+00:00,morning,2026-09-28 00:00:00+00:00,1,3.082159361428575,6.88,3.797840638571425,38.8679156002311,41.95007496165967
4,20260926T210703Z-5b9863e7,2026-09-26 21:07:03+00:00,morning,2026-09-28 01:00:00+00:00,1,2.73017602809524,5.03,2.29982397190476,41.08849648631666,43.8186725144119
4,20260926T210703Z-5b9863e7,2026-09-26 21:07:03+00:00,morning,2026-09-28 02:00:00+00:00,1,3.592035287354502,4.09,0.4979647126454978,38.253567012631805,41.84560229998631
4,20260926T210703Z-5b9863e7,2026-09-26 21:07:03+00:00,morning,2026-09-28 03:00:00+00:00,1,14.897198250317466,4.78,-10.117198250317465,41.321204203844076,56.21840245416154
4,20260926T210703Z-5b9863e7,2026-09-26 21:07:03+00:00,morning,2026-09-28 04:00:00+00:00,1,33.033659421650256,6.33,-26.703659421650258,49.44873870386944,82.4823981255197
4,20260926T210703Z-5b9863e7,2026-09-26 21:07:03+00:00,morning,2026-09-28 05:00:00+00:00,1,46.72128534757618,12.95,-33.77128534757618,87.2443511296762,133.9656364772524
4,20260926T210703Z-5b9863e7,2026-09-26 21:07:03+00:00,morning,2026-09-28 06:00:00+00:00,1,51.80473534757618,15.02,-36.784735347576174,96.35827938466593,148.16301473224212
4,20260926T210703Z-5b9863e7,2026-09-26 21:07:03+00:00,morning,2026-09-28 07:00:00+00:00,1,48.69387423646506,13.23,-35.46387423646506,105.2907581183137,153.98463235477877
4,20260926T210703Z-5b9863e7,2026-09-26 21:07:03+00:00,morning,2026-09-28 08:00:00+00:00,1,37.48131497720581,6.55,-30.931314977205812,114.61460762462188,152.09592260182768
4,20260926T210703Z-5b9863e7,2026-09-26 21:07:03+00:00,morning,2026-09-28 09:00:00+00:00,1,25.742466829057665,5.4,-20.342466829057663,104.24652085390639,129.98898768296405
4,20260926T210703Z-5b9863e7,2026-09-26 21:07:03+00:00,morning,2026-09-28 10:00:00+00:00,1,19.09989090313174,3.67,-15.42989090313174,88.07976505064369,107.17965595377542
4,20260926T210703Z-5b9863e7,2026-09-26 21:07:03+00:00,morning,2026-09-28 11:00:00+00:00,1,15.773211273502108,3.56,-12.213211273502107,86.89977415862576,102.67298543212787
4,20260926T210703Z-5b9863e7,2026-09-26 21:07:03+00:00,morning,2026-09-28 12:00:00+00:00,1,14.770050162391,3.76,-11.010050162391,82.60927588234519,97.37932604473619
4,20260926T210703Z-5b9863e7,2026-09-26 21:07:03+00:00,morning,2026-09-28 13:00:00+00:00,1,18.68856312535397,3.87,-14.818563125353968,80.80930623169404,99.497869357048
4,20260926T210703Z-5b9863e7,2026-09-26 21:07:03+00:00,morning,2026-09-28 14:00:00+00:00,1,26.53649831053916,5.0,-21.53649831053916,80.9543526306328,107.49085094117196
4,20260926T210703Z-5b9863e7,2026-09-26 21:07:03+00:00,morning,2026-09-28 15:00:00+00:00,1,40.72574090313174,8.3,-32.42574090313174,75.84189143727039,116.56763234040213
4,20260926T210703Z-5b9863e7,2026-09-26 21:07:03+00:00,morning,2026-09-28 16:00:00+00:00,1,46.700250337779465,8.33,-38.37025033777947,101.28519209256729,147.98544243034675
4,20260926T210703Z-5b9863e7,2026-09-26 21:07:03+00:00,morning,2026-09-28 17:00:00+00:00,1,39.61838002516876,8.56,-31.05838002516876,88.14343686640923,127.761816891578
4,20260926T210703Z-5b9863e7,2026-09-26 21:07:03+00:00,morning,2026-09-28 18:00:00+00:00,1,23.048944546613747,6.43,-16.618944546613747,84.85774114711865,107.90668569373238
4,20260926T210703Z-5b9863e7,2026-09-26 21:07:03+00:00,morning,2026-09-28 19:00:00+00:00,1,14.412190842910055,5.7,-8.712190842910054,70.44900300236782,84.86119384527787
4,20260926T210703Z-5b9863e7,2026-09-26 21:07:03+00:00,morning,2026-09-28 20:00:00+00:00,1,-2.5508221200529047,9.04,11.590822120052904,70.30174882667554,67.75092670662264
4,20260926T210703Z-5b9863e7,2026-09-26 21:07:03+00:00,morning,2026-09-28 21:00:00+00:00,2,-14.705275823756612,5.29,19.99527582375661,39.57019679681937,24.864920973062755
4,20260926T210703Z-5b9863e7,2026-09-26 21:07:03+00:00,morning,2026-09-28 22:00:00+00:00,2,-3.782683231164016,5.0,8.782683231164016,36.47778959113295,32.69510635996893
4,20260926T210703Z-5b9863e7,2026-09-26 21:07:03+00:00,morning,2026-09-28 23:00:00+00:00,2,-8.47474434227513,4.0,12.47474434227513,39.95956702719504,31.484822684919912
4,20260926T210703Z-5b9863e7,2026-09-26 21:07:03+00:00,morning,2026-09-29 00:00:00+00:00,2,-9.72664063857143,5.02,14.74664063857143,42.90516526562056,33.17852462704913
4,20260926T210703Z-5b9863e7,2026-09-26 21:07:03+00:00,morning,2026-09-29 01:00:00+00:00,2,-8.035623971904764,7.38,15.415623971904765,44.937747968878064,36.9021239969733
4,20260926T210703Z-5b9863e7,2026-09-26 21:07:03+00:00,morning,2026-09-29 02:00:00+00:00,2,-4.891814712645498,9.03,13.921814712645498,34.08653412281183,29.19471941016633
4,20260926T210703Z-5b9863e7,2026-09-26 21:07:03+00:00,morning,2026-09-29 03:00:00+00:00,2,10.266998250317458,21.79,11.52300174968254,38.33962280724148,48.60662105755894
4,20260926T210703Z-5b9863e7,2026-09-26 21:07:03+00:00,morning,2026-09-29 04:00:00+00:00,2,33.36506862068783,22.06,-11.30506862068783,51.58931884374332,84.95438746443115
4,20260926T210703Z-5b9863e7,2026-09-26 21:07:03+00:00,morning,2026-09-29 05:00:00+00:00,2,51.42910423104131,39.91,-11.519104231041311,74.7026771815318,126.1317814125731
4,20260926T210703Z-5b9863e7,2026-09-26 21:07:03+00:00,morning,2026-09-29 06:00:00+00:00,2,59.73010423104131,89.88,30.149895768958686,98.72440831737146,158.45451254841277
4,20260926T210703Z-5b9863e7,2026-09-26 21:07:03+00:00,morning,2026-09-29 07:00:00+00:00,2,58.417743119930186,93.85,35.43225688006981,107.775849792697,166.1935929126272
4,20260926T210703Z-5b9863e7,2026-09-26 21:07:03+00:00,morning,2026-09-29 08:00:00+00:00,2,50.48773386067093,114.2,63.712266139329074,121.58810161563855,172.07583547630946
4,20260926T210703Z-5b9863e7,2026-09-26 21:07:03+00:00,morning,2026-09-29 09:00:00+00:00,2,40.605085712522765,110.26,69.65491428747724,109.5319574290975,150.13704314162027
4,20260926T210703Z-5b9863e7,2026-09-26 21:07:03+00:00,morning,2026-09-29 10:00:00+00:00,2,34.93540978659686,105.26,70.32459021340316,96.42471620313242,131.36012598972928
4,20260926T210703Z-5b9863e7,2026-09-26 21:07:03+00:00,morning,2026-09-29 11:00:00+00:00,2,32.796030156967234,98.44,65.64396984303276,94.67511420721999,127.47114436418723
4,20260926T210703Z-5b9863e7,2026-09-26 21:07:03+00:00,morning,2026-09-29 12:00:00+00:00,2,30.98266904585612,98.33,67.34733095414387,88.15229429202351,119.13496333787964
4,20260926T210703Z-5b9863e7,2026-09-26 21:07:03+00:00,morning,2026-09-29 13:00:00+00:00,2,34.82288200881908,103.95,69.12711799118092,89.3811404839595,124.20402249277858
4,20260926T210703Z-5b9863e7,2026-09-26 21:07:03+00:00,morning,2026-09-29 14:00:00+00:00,2,43.005067194004255,108.8,65.79493280599574,86.47258208102028,129.47764927502453
4,20260926T210703Z-5b9863e7,2026-09-26 21:07:03+00:00,morning,2026-09-29 15:00:00+00:00,2,55.977659786596845,124.08,68.10234021340315,83.39994075293146,139.37760053952832
4,20260926T210703Z-5b9863e7,2026-09-26 21:07:03+00:00,morning,2026-09-29 16:00:00+00:00,2,60.45329373885158,115.85,55.39670626114842,108.06145582114499,168.51474955999657
4,20260926T210703Z-5b9863e7,2026-09-26 21:07:03+00:00,morning,2026-09-29 17:00:00+00:00,2,51.94341121328043,57.39,5.446588786719573,86.4656087350432,138.40901994832365
4,20260926T210703Z-5b9863e7,2026-09-26 21:07:03+00:00,morning,2026-09-29 18:00:00+00:00,2,35.44749454661376,56.25,20.80250545338624,92.03694143215561,127.48443597876937
4,20260926T210703Z-5b9863e7,2026-09-26 21:07:03+00:00,morning,2026-09-29 19:00:00+00:00,2,27.76414084291006,28.49,0.7258591570899391,72.6599115024094,100.42405234531947
4,20260926T210703Z-5b9863e7,2026-09-26 21:07:03+00:00,morning,2026-09-29 20:00:00+00:00,2,11.686127879947104,39.0,27.313872120052896,76.83464582975375,88.52077370970086
4,20260926T210703Z-5b9863e7,2026-09-26 21:07:03+00:00,morning,2026-09-29 21:00:00+00:00,3,-0.2322258237566128,38.75,38.982225823756615,67.84308478363813,67.61085895988153
4,20260926T210703Z-5b9863e7,2026-09-26 21:07:03+00:00,morning,2026-09-29 22:00:00+00:00,3,14.501080764849174,40.56,26.058919235150828,69.79615255469012,84.2972333195393
4,20260926T210703Z-5b9863e7,2026-09-26 21:07:03+00:00,morning,2026-09-29 23:00:00+00:00,3,13.141333766333483,43.18,30.03866623366652,74.84114510501227,87.98247887134576
4,20260926T210703Z-5b9863e7,2026-09-26 21:07:03+00:00,morning,2026-09-30 00:00:00+00:00,3,13.602331001698516,52.32,38.717668998301484,76.36313627206215,89.96546727376067
4,20260926T210703Z-5b9863e7,2026-09-26 21:07:03+00:00,morning,2026-09-30 01:00:00+00:00,3,15.786719695197863,61.7,45.91328030480214,75.56235572495713,91.34907542015499
4,20260926T210703Z-5b9863e7,2026-09-26 21:07:03+00:00,morning,2026-09-30 02:00:00+00:00,3,17.771059470840576,82.08,64.30894052915943,75.64688965030588,93.41794912114645
4,20260926T210703Z-5b9863e7,2026-09-26 21:07:03+00:00,morning,2026-09-30 03:00:00+00:00,3,28.6744019979576,107.3,78.6255980020424,74.15263688303646,102.82703888099407
4,20260926T210703Z-5b9863e7,2026-09-26 21:07:03+00:00,morning,2026-09-30 04:00:00+00:00,3,47.42464232975736,154.8,107.37535767024265,74.3828245933033,121.80746692306066
4,20260926T210703Z-5b9863e7,2026-09-26 21:07:03+00:00,morning,2026-09-30 05:00:00+00:00,3,61.82301299126322,197.27,135.44698700873678,72.39554549603521,134.21855848729842
4,20260926T210703Z-5b9863e7,2026-09-26 21:07:03+00:00,morning,2026-09-30 06:00:00+00:00,3,66.42715035660629,210.56,144.1328496433937,89.51036595903496,155.93751631564123
4,20260926T210703Z-5b9863e7,2026-09-26 21:07:03+00:00,morning,2026-09-30 07:00:00+00:00,3,61.411997847602194,240.26,178.84800215239778,96.28611064654811,157.6981084941503
4,20260926T210703Z-5b9863e7,2026-09-26 21:07:03+00:00,morning,2026-09-30 08:00:00+00:00,3,50.1771058910983,149.94,99.76289410890169,110.1800304937592,160.3571363848575
4,20260926T210703Z-5b9863e7,2026-09-26 21:07:03+00:00,morning,2026-09-30 09:00:00+00:00,3,40.55064997310689,116.87,76.31935002689312,106.32884362388305,146.87949359698993
4,20260926T210703Z-5b9863e7,2026-09-26 21:07:03+00:00,morning,2026-09-30 10:00:00+00:00,3,35.47308591323765,113.71,78.23691408676234,94.80474213107885,130.2778280443165
4,20260926T210703Z-5b9863e7,2026-09-26 21:07:03+00:00,morning,2026-09-30 11:00:00+00:00,3,33.0541506855339,108.27,75.2158493144661,92.3528327280462,125.4069834135801
4,20260926T210703Z-5b9863e7,2026-09-26 21:07:03+00:00,morning,2026-09-30 12:00:00+00:00,3,33.56690288834661,105.94,72.37309711165338,83.60149629870452,117.16839918705114
4,20260926T210703Z-5b9863e7,2026-09-26 21:07:03+00:00,morning,2026-09-30 13:00:00+00:00,3,39.994454583398,99.94,59.945545416601995,80.35236033288952,120.34681491628751
4,20260926T210703Z-5b9863e7,2026-09-26 21:07:03+00:00,morning,2026-09-30 14:00:00+00:00,3,49.87871073729865,150.0,100.12128926270135,85.80883319844648,135.6875439357451
4,20260926T210703Z-5b9863e7,2026-09-26 21:07:03+00:00,morning,2026-09-30 15:00:00+00:00,3,66.08718250613771,244.81,178.7228174938623,87.70532860793674,153.79251111407444
4,20260926T210703Z-5b9863e7,2026-09-26 21:07:03+00:00,morning,2026-09-30 16:00:00+00:00,3,74.26355238465489,213.28,139.0164476153451,74.22299860838189,148.48655099303676
4,20260926T210703Z-5b9863e7,2026-09-26 21:07:03+00:00,morning,2026-09-30 17:00:00+00:00,3,66.1660603020129,229.71,163.54393969798713,71.48703597341344,137.65309627542632
4,20260926T210703Z-5b9863e7,2026-09-26 21:07:03+00:00,morning,2026-09-30 18:00:00+00:00,3,48.47397719430309,245.84,197.3660228056969,78.76006390343385,127.23404109773693
4,20260926T210703Z-5b9863e7,2026-09-26 21:07:03+00:00,morning,2026-09-30 19:00:00+00:00,3,37.31624328654115,186.88,149.56375671345884,54.79260493469536,92.10884822123651
4,20260926T210703Z-5b9863e7,2026-09-26 21:07:03+00:00,morning,2026-09-30 20:00:00+00:00,3,17.76960606657953,102.71,84.94039393342047,53.96325516629676,71.73286123287629
4,20260926T210703Z-5b9863e7,2026-09-26 21:07:03+00:00,morning,2026-09-30 21:00:00+00:00,4,3.4545167091971067,51.09,47.635483290802895,62.33653781781972,65.79105452701683
4,20260926T212215Z-5d207af1,2026-09-26 21:22:15+00:00,morning,2026-09-27 21:00:00+00:00,1,4.03856248307876,19.54,15.50143751692124,43.75579255773412,47.794355040812874
4,20260926T212215Z-5d207af1,2026-09-26 21:22:15+00:00,morning,2026-09-27 22:00:00+00:00,1,13.028377028266018,21.96,8.931622971733983,41.748571542899654,54.776948571165676
4,20260926T212215Z-5d207af1,2026-09-26 21:22:15+00:00,morning,2026-09-27 23:00:00+00:00,1,6.3723659171549,9.64,3.2676340828451007,38.83166076436233,45.204026681517234
4,20260926T212215Z-5d207af1,2026-09-26 21:22:15+00:00,morning,2026-09-28 00:00:00+00:00,1,3.079119620858603,6.88,3.8008803791413968,38.8679156002311,41.947035221089706
4,20260926T212215Z-5d207af1,2026-09-26 21:22:15+00:00,morning,2026-09-28 01:00:00+00:00,1,2.7271362875252683,5.03,2.302863712474732,41.29385131960431,44.02098760712958
4,20260926T212215Z-5d207af1,2026-09-26 21:22:15+00:00,morning,2026-09-28 02:00:00+00:00,1,3.5889955467845307,4.09,0.5010044532154692,38.253567012631805,41.842562559416336
4,20260926T212215Z-5d207af1,2026-09-26 21:22:15+00:00,morning,2026-09-28 03:00:00+00:00,1,14.894158509747497,4.78,-10.114158509747497,41.321204203844076,56.215362713591574
4,20260926T212215Z-5d207af1,2026-09-26 21:22:15+00:00,morning,2026-09-28 04:00:00+00:00,1,33.03531995796374,6.33,-26.705319957963745,49.44873870386944,82.48405866183319
4,20260926T212215Z-5d207af1,2026-09-26 21:22:15+00:00,morning,2026-09-28 05:00:00+00:00,1,46.72294588388967,12.95,-33.772945883889676,87.2443511296762,133.96729701356588
4,20260926T212215Z-5d207af1,2026-09-26 21:22:15+00:00,morning,2026-09-28 06:00:00+00:00,1,51.806395883889664,15.02,-36.78639588388967,96.35827938466593,148.16467526855558
4,20260926T212215Z-5d207af1,2026-09-26 21:22:15+00:00,morning,2026-09-28 07:00:00+00:00,1,48.69553477277855,13.23,-35.465534772778554,105.2907581183137,153.98629289109226
4,20260926T212215Z-5d207af1,2026-09-26 21:22:15+00:00,morning,2026-09-28 08:00:00+00:00,1,37.4829755135193,6.55,-30.9329755135193,114.61460762462188,152.09758313814118
4,20260926T212215Z-5d207af1,2026-09-26 21:22:15+00:00,morning,2026-09-28 09:00:00+00:00,1,25.74412736537115,5.4,-20.34412736537115,104.24652085390639,129.99064821927755
4,20260926T212215Z-5d207af1,2026-09-26 21:22:15+00:00,morning,2026-09-28 10:00:00+00:00,1,19.101551439445224,3.67,-15.431551439445224,88.07976505064369,107.1813164900889
4,20260926T212215Z-5d207af1,2026-09-26 21:22:15+00:00,morning,2026-09-28 11:00:00+00:00,1,15.774871809815592,3.56,-12.214871809815591,86.89977415862576,102.67464596844135
4,20260926T212215Z-5d207af1,2026-09-26 21:22:15+00:00,morning,2026-09-28 12:00:00+00:00,1,14.771710698704482,3.76,-11.011710698704482,82.60927588234519,97.38098658104967
4,20260926T212215Z-5d207af1,2026-09-26 21:22:15+00:00,morning,2026-09-28 13:00:00+00:00,1,18.69022366166745,3.87,-14.820223661667448,80.80930623169404,99.49952989336148
4,20260926T212215Z-5d207af1,2026-09-26 21:22:15+00:00,morning,2026-09-28 14:00:00+00:00,1,26.53815884685264,5.0,-21.53815884685264,80.9543526306328,107.49251147748544
4,20260926T212215Z-5d207af1,2026-09-26 21:22:15+00:00,morning,2026-09-28 15:00:00+00:00,1,40.72740143944522,8.3,-32.42740143944522,75.84189143727039,116.56929287671561
4,20260926T212215Z-5d207af1,2026-09-26 21:22:15+00:00,morning,2026-09-28 16:00:00+00:00,1,46.7139370810954,8.33,-38.383937081095404,101.28519209256729,147.99912917366268
4,20260926T212215Z-5d207af1,2026-09-26 21:22:15+00:00,morning,2026-09-28 17:00:00+00:00,1,39.615164251790674,8.56,-31.05516425179067,88.14343686640923,127.7586011181999
4,20260926T212215Z-5d207af1,2026-09-26 21:22:15+00:00,morning,2026-09-28 18:00:00+00:00,1,23.04590480604378,6.43,-16.61590480604378,84.85774114711865,107.90364595316242
4,20260926T212215Z-5d207af1,2026-09-26 21:22:15+00:00,morning,2026-09-28 19:00:00+00:00,1,14.409151102340084,5.7,-8.709151102340083,70.44900300236782,84.8581541047079
4,20260926T212215Z-5d207af1,2026-09-26 21:22:15+00:00,morning,2026-09-28 20:00:00+00:00,1,-2.553861860622876,9.04,11.593861860622875,70.30174882667554,67.74788696605266
4,20260926T212215Z-5d207af1,2026-09-26 21:22:15+00:00,morning,2026-09-28 21:00:00+00:00,2,-14.708315564326584,5.29,19.998315564326585,39.57019679681937,24.861881232492784
4,20260926T212215Z-5d207af1,2026-09-26 21:22:15+00:00,morning,2026-09-28 22:00:00+00:00,2,-3.7857229717339873,5.0,8.785722971733987,36.47778959113295,32.69206661939896
4,20260926T212215Z-5d207af1,2026-09-26 21:22:15+00:00,morning,2026-09-28 23:00:00+00:00,2,-8.477784082845101,4.0,12.477784082845101,39.95956702719504,31.48178294434994
4,20260926T212215Z-5d207af1,2026-09-26 21:22:15+00:00,morning,2026-09-29 00:00:00+00:00,2,-9.7296803791414,5.02,14.749680379141399,42.78977342950413,33.06009305036273
4,20260926T212215Z-5d207af1,2026-09-26 21:22:15+00:00,morning,2026-09-29 01:00:00+00:00,2,-8.038663712474737,7.38,15.418663712474736,44.822356132761634,36.7836924202869
4,20260926T212215Z-5d207af1,2026-09-26 21:22:15+00:00,morning,2026-09-29 02:00:00+00:00,2,-4.894854453215469,9.03,13.924854453215469,34.08653412281183,29.191679669596358
4,20260926T212215Z-5d207af1,2026-09-26 21:22:15+00:00,morning,2026-09-29 03:00:00+00:00,2,10.263958509747487,21.79,11.526041490252512,38.33962280724148,48.60358131698897
4,20260926T212215Z-5d207af1,2026-09-26 21:22:15+00:00,morning,2026-09-29 04:00:00+00:00,2,33.36202888011786,22.06,-11.302028880117863,51.58931884374332,84.95134772386118
4,20260926T212215Z-5d207af1,2026-09-26 21:22:15+00:00,morning,2026-09-29 05:00:00+00:00,2,51.40384588388967,39.91,-11.493845883889676,74.7026771815318,126.10652306542147
4,20260926T212215Z-5d207af1,2026-09-26 21:22:15+00:00,morning,2026-09-29 06:00:00+00:00,2,59.70316798319227,89.88,30.176832016807722,98.72440831737146,158.42757630056371
4,20260926T212215Z-5d207af1,2026-09-26 21:22:15+00:00,morning,2026-09-29 07:00:00+00:00,2,58.39080687208115,93.85,35.459193127918844,107.775849792697,166.16665666477815
4,20260926T212215Z-5d207af1,2026-09-26 21:22:15+00:00,morning,2026-09-29 08:00:00+00:00,2,50.46079761282189,114.2,63.73920238717811,121.58810161563855,172.04889922846044
4,20260926T212215Z-5d207af1,2026-09-26 21:22:15+00:00,morning,2026-09-29 09:00:00+00:00,2,40.578149464673736,110.26,69.68185053532628,109.5319574290975,150.11010689377125
4,20260926T212215Z-5d207af1,2026-09-26 21:22:15+00:00,morning,2026-09-29 10:00:00+00:00,2,34.90847353874782,105.26,70.35152646125218,96.42471620313242,131.33318974188023
4,20260926T212215Z-5d207af1,2026-09-26 21:22:15+00:00,morning,2026-09-29 11:00:00+00:00,2,32.7690939091182,98.44,65.6709060908818,94.67511420721999,127.44420811633819
4,20260926T212215Z-5d207af1,2026-09-26 21:22:15+00:00,morning,2026-09-29 12:00:00+00:00,2,30.955732798007084,98.33,67.37426720199292,88.15229429202351,119.10802709003059
4,20260926T212215Z-5d207af1,2026-09-26 21:22:15+00:00,morning,2026-09-29 13:00:00+00:00,2,34.79594576097004,103.95,69.15405423902996,89.3811404839595,124.17708624492954
4,20260926T212215Z-5d207af1,2026-09-26 21:22:15+00:00,morning,2026-09-29 14:00:00+00:00,2,42.978130946155225,108.8,65.82186905384478,87.00496373495872,129.98309468111395
4,20260926T212215Z-5d207af1,2026-09-26 21:22:15+00:00,morning,2026-09-29 15:00:00+00:00,2,55.950723538747816,124.08,68.12927646125218,83.46764263562102,139.41836617436883
4,20260926T212215Z-5d207af1,2026-09-26 21:22:15+00:00,morning,2026-09-29 16:00:00+00:00,2,60.42171968265618,115.85,55.42828031734381,108.06145582114499,168.48317550380116
4,20260926T212215Z-5d207af1,2026-09-26 21:22:15+00:00,morning,2026-09-29 17:00:00+00:00,2,51.94037147271045,57.39,5.449628527289548,86.4656087350432,138.40598020775366
4,20260926T212215Z-5d207af1,2026-09-26 21:22:15+00:00,morning,2026-09-29 18:00:00+00:00,2,35.44445480604379,56.25,20.805545193956213,92.03694143215561,127.48139623819941
4,20260926T212215Z-5d207af1,2026-09-26 21:22:15+00:00,morning,2026-09-29 19:00:00+00:00,2,27.761101102340085,28.49,0.7288988976599136,72.6599115024094,100.42101260474948
4,20260926T212215Z-5d207af1,2026-09-26 21:22:15+00:00,morning,2026-09-29 20:00:00+00:00,2,11.683088139377132,39.0,27.316911860622866,76.83464582975375,88.51773396913089
4,20260926T212215Z-5d207af1,2026-09-26 21:22:15+00:00,morning,2026-09-29 21:00:00+00:00,3,-0.2352655643265846,38.75,38.98526556432658,67.84308478363813,67.60781921931155
4,20260926T212215Z-5d207af1,2026-09-26 21:22:15+00:00,morning,2026-09-29 22:00:00+00:00,3,14.55093518953675,40.56,26.00906481046325,69.79908437769141,84.35001956722816
4,20260926T212215Z-5d207af1,2026-09-26 21:22:15+00:00,morning,2026-09-29 23:00:00+00:00,3,13.173361251720957,43.18,30.006638748279045,74.84114510501227,88.01450635673324
4,20260926T212215Z-5d207af1,2026-09-26 21:22:15+00:00,morning,2026-09-30 00:00:00+00:00,3,13.626033328618345,52.32,38.69396667138166,76.36313627206215,89.9891696006805
4,20260926T212215Z-5d207af1,2026-09-26 21:22:15+00:00,morning,2026-09-30 01:00:00+00:00,3,15.810694841909882,61.7,45.889305158090124,75.56235572495713,91.37305056686701
4,20260926T212215Z-5d207af1,2026-09-26 21:22:15+00:00,morning,2026-09-30 02:00:00+00:00,3,17.80113465662601,82.08,64.27886534337398,75.64688965030588,93.4480243069319
4,20260926T212215Z-5d207af1,2026-09-26 21:22:15+00:00,morning,2026-09-30 03:00:00+00:00,3,28.7170793236042,107.3,78.5829206763958,74.15263688303646,102.86971620664066
4,20260926T212215Z-5d207af1,2026-09-26 21:22:15+00:00,morning,2026-09-30 04:00:00+00:00,3,47.48517838268162,154.8,107.31482161731839,73.73483971425465,121.22001809693626
4,20260926T212215Z-5d207af1,2026-09-26 21:22:15+00:00,morning,2026-09-30 05:00:00+00:00,3,61.89773104309173,197.27,135.37226895690827,72.71368663111902,134.61141767421074
4,20260926T212215Z-5d207af1,2026-09-26 21:22:15+00:00,morning,2026-09-30 06:00:00+00:00,3,66.48549099575682,210.56,144.07450900424317,89.51036595903496,155.99585695479178
4,20260926T212215Z-5d207af1,2026-09-26 21:22:15+00:00,morning,2026-09-30 07:00:00+00:00,3,61.45452535569858,240.26,178.8054746443014,96.28611064654811,157.74063600224667
4,20260926T212215Z-5d207af1,2026-09-26 21:22:15+00:00,morning,2026-09-30 08:00:00+00:00,3,50.18896493621765,149.94,99.75103506378235,110.1800304937592,160.36899542997685
4,20260926T212215Z-5d207af1,2026-09-26 21:22:15+00:00,morning,2026-09-30 09:00:00+00:00,3,40.53792978481566,116.87,76.33207021518434,106.32884362388305,146.8667734086987
4,20260926T212215Z-5d207af1,2026-09-26 21:22:15+00:00,morning,2026-09-30 10:00:00+00:00,3,35.44805526225945,113.71,78.26194473774055,94.80474213107885,130.2527973933383
4,20260926T212215Z-5d207af1,2026-09-26 21:22:15+00:00,morning,2026-09-30 11:00:00+00:00,3,33.01814274332688,108.27,75.25185725667312,92.3528327280462,125.37097547137307
4,20260926T212215Z-5d207af1,2026-09-26 21:22:15+00:00,morning,2026-09-30 12:00:00+00:00,3,33.52551154002064,105.94,72.41448845997937,83.60149629870452,117.12700783872515
4,20260926T212215Z-5d207af1,2026-09-26 21:22:15+00:00,morning,2026-09-30 13:00:00+00:00,3,39.95800658619464,99.94,59.981993413805355,80.26010855571428,120.21811514190892
4,20260926T212215Z-5d207af1,2026-09-26 21:22:15+00:00,morning,2026-09-30 14:00:00+00:00,3,49.85618371659937,150.0,100.14381628340064,85.80883319844648,135.66501691504584
4,20260926T212215Z-5d207af1,2026-09-26 21:22:15+00:00,morning,2026-09-30 15:00:00+00:00,3,66.07593692159581,244.81,178.73406307840418,87.70532860793674,153.78126552953256
4,20260926T212215Z-5d207af1,2026-09-26 21:22:15+00:00,morning,2026-09-30 16:00:00+00:00,3,74.2667424063524,213.28,139.0132575936476,74.22299860838189,148.4897410147343
4,20260926T212215Z-5d207af1,2026-09-26 21:22:15+00:00,morning,2026-09-30 17:00:00+00:00,3,66.20395931023532,229.71,163.5060406897647,71.48703597341344,137.69099528364876
4,20260926T212215Z-5d207af1,2026-09-26 21:22:15+00:00,morning,2026-09-30 18:00:00+00:00,3,48.54553179644757,245.84,197.29446820355244,78.76006390343385,127.30559569988142
4,20260926T212215Z-5d207af1,2026-09-26 21:22:15+00:00,morning,2026-09-30 19:00:00+00:00,3,37.40776757622999,186.88,149.47223242377,54.79260493469536,92.20037251092535
4,20260926T212215Z-5d207af1,2026-09-26 21:22:15+00:00,morning,2026-09-30 20:00:00+00:00,3,17.8780297600261,102.71,84.8319702399739,54.05478935602544,71.93281911605153
4,20260926T212215Z-5d207af1,2026-09-26 21:22:15+00:00,morning,2026-09-30 21:00:00+00:00,4,3.576298003429266,51.09,47.51370199657074,65.43955478036712,69.01585278379639
4,20260927T032942Z-37d826a2,2026-09-27 03:29:42+00:00,morning,2026-09-27 21:00:00+00:00,1,4.708520429291538,19.54,14.83147957070846,43.767306995904846,48.475827425196385
4,20260927T032942Z-37d826a2,2026-09-27 03:29:42+00:00,morning,2026-09-27 22:00:00+00:00,1,13.410588790812328,21.96,8.549411209187673,40.97986902639438,54.39045781720671
4,20260927T032942Z-37d826a2,2026-09-27 03:29:42+00:00,morning,2026-09-27 23:00:00+00:00,1,6.924977679701219,9.64,2.7150223202987815,37.98354081884726,44.90851849854848
4,20260927T032942Z-37d826a2,2026-09-27 03:29:42+00:00,morning,2026-09-28 00:00:00+00:00,1,4.042281383404918,6.88,2.8377186165950823,40.72020316973481,44.76248455313973
4,20260927T032942Z-37d826a2,2026-09-27 03:29:42+00:00,morning,2026-09-28 01:00:00+00:00,1,3.5851480500715853,5.03,1.444851949928415,43.05671324042956,46.64186129050115
4,20260927T032942Z-37d826a2,2026-09-27 03:29:42+00:00,morning,2026-09-28 02:00:00+00:00,1,4.213307309330844,4.09,-0.1233073093308441,37.76559383920541,41.97890114853625
4,20260927T032942Z-37d826a2,2026-09-27 03:29:42+00:00,morning,2026-09-28 03:00:00+00:00,1,15.647170272293806,4.78,-10.867170272293805,41.227654390063755,56.87482466235756
4,20260927T032942Z-37d826a2,2026-09-27 03:29:42+00:00,morning,2026-09-28 04:00:00+00:00,1,33.8529237793758,6.33,-27.5229237793758,49.24461914590782,83.09754292528362
4,20260927T032942Z-37d826a2,2026-09-27 03:29:42+00:00,morning,2026-09-28 05:00:00+00:00,1,47.39144970530173,12.95,-34.441449705301736,88.11901361010123,135.51046331540297
4,20260927T032942Z-37d826a2,2026-09-27 03:29:42+00:00,morning,2026-09-28 06:00:00+00:00,1,51.972699705301736,15.02,-36.95269970530174,96.56363421795359,148.5363339232553
4,20260927T032942Z-37d826a2,2026-09-27 03:29:42+00:00,morning,2026-09-28 07:00:00+00:00,1,48.21188859419063,13.23,-34.981888594190636,106.07180823897149,154.2836968331621
4,20260927T032942Z-37d826a2,2026-09-27 03:29:42+00:00,morning,2026-09-28 08:00:00+00:00,1,36.86492933493136,6.55,-30.31492933493136,111.01175870493985,147.87668803987123
4,20260927T032942Z-37d826a2,2026-09-27 03:29:42+00:00,morning,2026-09-28 09:00:00+00:00,1,25.95153118678321,5.4,-20.55153118678321,103.39306557030974,129.34459675709294
4,20260927T032942Z-37d826a2,2026-09-27 03:29:42+00:00,morning,2026-09-28 10:00:00+00:00,1,18.442405260857296,3.67,-14.772405260857296,87.7544468775867,106.196852138444
4,20260927T032942Z-37d826a2,2026-09-27 03:29:42+00:00,morning,2026-09-28 11:00:00+00:00,1,13.711725631227662,3.56,-10.151725631227661,86.19242097003838,99.90414660126605
4,20260927T032942Z-37d826a2,2026-09-27 03:29:42+00:00,morning,2026-09-28 12:00:00+00:00,1,13.051914520116547,3.76,-9.291914520116547,84.72153435219391,97.77344887231047
4,20260927T032942Z-37d826a2,2026-09-27 03:29:42+00:00,morning,2026-09-28 13:00:00+00:00,1,17.780277483079505,3.87,-13.910277483079504,81.18655083608103,98.96682831916053
4,20260927T032942Z-37d826a2,2026-09-27 03:29:42+00:00,morning,2026-09-28 14:00:00+00:00,1,25.831462668264688,5.0,-20.831462668264688,79.605185392052,105.43664806031668
4,20260927T032942Z-37d826a2,2026-09-27 03:29:42+00:00,morning,2026-09-28 15:00:00+00:00,1,39.41965526085728,8.3,-31.119655260857282,77.12189053393696,116.54154579479425
4,20260927T032942Z-37d826a2,2026-09-27 03:29:42+00:00,morning,2026-09-28 16:00:00+00:00,1,45.61912195729091,8.33,-37.28912195729091,101.09772823194787,146.71685018923878
4,20260927T032942Z-37d826a2,2026-09-27 03:29:42+00:00,morning,2026-09-28 17:00:00+00:00,1,39.32291589318727,8.56,-30.76291589318727,88.05124857690687,127.37416447009414
4,20260927T032942Z-37d826a2,2026-09-27 03:29:42+00:00,morning,2026-09-28 18:00:00+00:00,1,23.53866656859009,6.43,-17.108666568590092,84.78497557086799,108.32364213945807
4,20260927T032942Z-37d826a2,2026-09-27 03:29:42+00:00,morning,2026-09-28 19:00:00+00:00,1,15.464112864886395,5.7,-9.764112864886396,68.21819210403198,83.68230496891837
4,20260927T032942Z-37d826a2,2026-09-27 03:29:42+00:00,morning,2026-09-28 20:00:00+00:00,1,-0.677050098076557,9.04,9.717050098076555,70.19856309657183,69.52151299849527
4,20260927T032942Z-37d826a2,2026-09-27 03:29:42+00:00,morning,2026-09-28 21:00:00+00:00,2,-12.546203801780267,5.29,17.836203801780268,38.17236296092194,25.62615915914167
4,20260927T032942Z-37d826a2,2026-09-27 03:29:42+00:00,morning,2026-09-28 22:00:00+00:00,2,-1.4133112091876718,5.0,6.413311209187672,34.613725113937164,33.200413904749496
4,20260927T032942Z-37d826a2,2026-09-27 03:29:42+00:00,morning,2026-09-28 23:00:00+00:00,2,-5.763822320298786,4.0,9.763822320298786,36.87083667171609,31.107014351417305
4,20260927T032942Z-37d826a2,2026-09-27 03:29:42+00:00,morning,2026-09-29 00:00:00+00:00,2,-6.724868616595089,5.02,11.744868616595088,39.69817908433292,32.97331046773783
4,20260927T032942Z-37d826a2,2026-09-27 03:29:42+00:00,morning,2026-09-29 01:00:00+00:00,2,-4.789351949928423,7.38,12.169351949928423,42.175273592329546,37.38592164240112
4,20260927T032942Z-37d826a2,2026-09-27 03:29:42+00:00,morning,2026-09-29 02:00:00+00:00,2,-1.2349926906691548,9.03,10.264992690669153,36.49262369854965,35.2576310078805
4,20260927T032942Z-37d826a2,2026-09-27 03:29:42+00:00,morning,2026-09-29 03:00:00+00:00,2,13.687120272293804,21.79,8.102879727706195,39.48820667516941,53.17532694746321
4,20260927T032942Z-37d826a2,2026-09-27 03:29:42+00:00,morning,2026-09-29 04:00:00+00:00,2,35.921277379522174,22.06,-13.861277379522175,50.83870048977528,86.75997786929744
4,20260927T032942Z-37d826a2,2026-09-27 03:29:42+00:00,morning,2026-09-29 05:00:00+00:00,2,57.71877936084794,39.91,-17.808779360847943,79.92581867319468,137.64459803404262
4,20260927T032942Z-37d826a2,2026-09-27 03:29:42+00:00,morning,2026-09-29 06:00:00+00:00,2,64.18677936084795,89.88,25.693220639152045,92.44625020449449,156.63302956534244
4,20260927T032942Z-37d826a2,2026-09-27 03:29:42+00:00,morning,2026-09-29 07:00:00+00:00,2,59.53241824973683,93.85,34.317581750263166,107.72466005947318,167.25707830921002
4,20260927T032942Z-37d826a2,2026-09-27 03:29:42+00:00,morning,2026-09-29 08:00:00+00:00,2,48.9701589904776,114.2,65.2298410095224,123.49537143465432,172.46553042513193
4,20260927T032942Z-37d826a2,2026-09-27 03:29:42+00:00,morning,2026-09-29 09:00:00+00:00,2,36.89251084232942,110.26,73.36748915767058,111.67569713947114,148.56820798180055
4,20260927T032942Z-37d826a2,2026-09-27 03:29:42+00:00,morning,2026-09-29 10:00:00+00:00,2,30.631584916403515,105.26,74.6284150835965,99.72109102283714,130.35267593924067
4,20260927T032942Z-37d826a2,2026-09-27 03:29:42+00:00,morning,2026-09-29 11:00:00+00:00,2,29.00395528677389,98.44,69.43604471322611,94.83602476704594,123.83998005381983
4,20260927T032942Z-37d826a2,2026-09-27 03:29:42+00:00,morning,2026-09-29 12:00:00+00:00,2,28.73509417566277,98.33,69.59490582433723,88.00736222381632,116.74245639947908
4,20260927T032942Z-37d826a2,2026-09-27 03:29:42+00:00,morning,2026-09-29 13:00:00+00:00,2,34.36805713862572,103.95,69.58194286137427,88.74597088016064,123.11402801878637
4,20260927T032942Z-37d826a2,2026-09-27 03:29:42+00:00,morning,2026-09-29 14:00:00+00:00,2,44.8534923238109,108.8,63.9465076761891,86.282643487774,131.1361358115849
4,20260927T032942Z-37d826a2,2026-09-27 03:29:42+00:00,morning,2026-09-29 15:00:00+00:00,2,60.90233491640351,124.08,63.17766508359649,83.64369466013055,144.54602957653407
4,20260927T032942Z-37d826a2,2026-09-27 03:29:42+00:00,morning,2026-09-29 16:00:00+00:00,2,68.46318224253281,115.85,47.386817757467185,98.33218041007822,166.79536265261103
4,20260927T032942Z-37d826a2,2026-09-27 03:29:42+00:00,morning,2026-09-29 17:00:00+00:00,2,62.91227726198578,57.39,-5.522277261985778,83.12635454878287,146.03863181076866
4,20260927T032942Z-37d826a2,2026-09-27 03:29:42+00:00,morning,2026-09-29 18:00:00+00:00,2,46.51589079966191,56.25,9.73410920033809,95.92718786485437,142.4430786645163
4,20260927T032942Z-37d826a2,2026-09-27 03:29:42+00:00,morning,2026-09-29 19:00:00+00:00,2,38.28568709595821,28.49,-9.795687095958211,77.212638330868,115.49832542682621
4,20260927T032942Z-37d826a2,2026-09-27 03:29:42+00:00,morning,2026-09-29 20:00:00+00:00,2,21.003474132995247,39.0,17.996525867004753,75.21040094079575,96.213875073791
4,20260927T032942Z-37d826a2,2026-09-27 03:29:42+00:00,morning,2026-09-29 21:00:00+00:00,3,8.280020429291536,38.75,30.469979570708464,74.0726371241721,82.35265755346364
4,20260927T032942Z-37d826a2,2026-09-27 03:29:42+00:00,morning,2026-09-29 22:00:00+00:00,3,19.43886302188413,40.56,21.12113697811587,67.02888284131684,86.46774586320097
4,20260927T032942Z-37d826a2,2026-09-27 03:29:42+00:00,morning,2026-09-29 23:00:00+00:00,3,15.342001910773028,43.18,27.83799808922697,69.63185744102726,84.97385935180029
4,20260927T032942Z-37d826a2,2026-09-27 03:29:42+00:00,morning,2026-09-30 00:00:00+00:00,3,15.211705614476724,52.32,37.10829438552328,70.95025699300119,86.16196260747792
4,20260927T032942Z-37d826a2,2026-09-27 03:29:42+00:00,morning,2026-09-30 01:00:00+00:00,3,18.204372281143385,61.7,43.49562771885662,72.32743219318176,90.53180447432516
4,20260927T032942Z-37d826a2,2026-09-27 03:29:42+00:00,morning,2026-09-30 02:00:00+00:00,3,23.830381540402648,82.08,58.24961845959735,74.2199807041122,98.05036224451484
4,20260927T032942Z-37d826a2,2026-09-27 03:29:42+00:00,morning,2026-09-30 03:00:00+00:00,3,40.00334450336562,107.3,67.29665549663437,70.74861411525644,110.75195861862207
4,20260927T032942Z-37d826a2,2026-09-27 03:29:42+00:00,morning,2026-09-30 04:00:00+00:00,3,48.77597879666037,154.8,106.02402120333964,70.61987170765924,119.39585050431961
4,20260927T032942Z-37d826a2,2026-09-27 03:29:42+00:00,morning,2026-09-30 05:00:00+00:00,3,63.52152369644788,197.27,133.74847630355214,71.261022638049,134.78254633449689
4,20260927T032942Z-37d826a2,2026-09-27 03:29:42+00:00,morning,2026-09-30 06:00:00+00:00,3,68.13402476226926,210.56,142.42597523773074,88.35165062103361,156.48567538330286
4,20260927T032942Z-37d826a2,2026-09-27 03:29:42+00:00,morning,2026-09-30 07:00:00+00:00,3,63.48607765494845,240.26,176.77392234505155,96.35693744008736,159.8430150950358
4,20260927T032942Z-37d826a2,2026-09-27 03:29:42+00:00,morning,2026-09-30 08:00:00+00:00,3,52.11425563673399,149.94,97.82574436326601,111.13724955078649,163.25150518752048
4,20260927T032942Z-37d826a2,2026-09-27 03:29:42+00:00,morning,2026-09-30 09:00:00+00:00,3,42.18483128306704,116.87,74.68516871693296,107.45428811305041,149.63911939611745
4,20260927T032942Z-37d826a2,2026-09-27 03:29:42+00:00,morning,2026-09-30 10:00:00+00:00,3,37.10187343011448,113.71,76.60812656988551,94.87894224515478,131.98081567526924
4,20260927T032942Z-37d826a2,2026-09-27 03:29:42+00:00,morning,2026-09-30 11:00:00+00:00,3,34.4477579654195,108.27,73.8222420345805,92.44450241153145,126.89226037695094
4,20260927T032942Z-37d826a2,2026-09-27 03:29:42+00:00,morning,2026-09-30 12:00:00+00:00,3,34.67369377497177,105.94,71.26630622502823,84.2247489206298,118.89844269560157
4,20260927T032942Z-37d826a2,2026-09-27 03:29:42+00:00,morning,2026-09-30 13:00:00+00:00,3,40.96804946314777,99.94,58.971950536852226,80.64368708087629,121.61173654402407
4,20260927T032942Z-37d826a2,2026-09-27 03:29:42+00:00,morning,2026-09-30 14:00:00+00:00,3,50.75833687867585,150.0,99.24166312132415,85.87955446167945,136.63789134035528
4,20260927T032942Z-37d826a2,2026-09-27 03:29:42+00:00,morning,2026-09-30 15:00:00+00:00,3,66.91490700785903,244.81,177.89509299214097,87.69258465260323,154.60749166046224
4,20260927T032942Z-37d826a2,2026-09-27 03:29:42+00:00,morning,2026-09-30 16:00:00+00:00,3,75.12405056058502,213.28,138.155949439415,76.72613943807563,151.85018999866065
4,20260927T032942Z-37d826a2,2026-09-27 03:29:42+00:00,morning,2026-09-30 17:00:00+00:00,3,68.15439291505554,229.71,161.55560708494448,69.78015548603685,137.9345484010924
4,20260927T032942Z-37d826a2,2026-09-27 03:29:42+00:00,morning,2026-09-30 18:00:00+00:00,3,51.79820140837794,245.84,194.04179859162207,78.92081797294526,130.7190193813232
4,20260927T032942Z-37d826a2,2026-09-27 03:29:42+00:00,morning,2026-09-30 19:00:00+00:00,3,40.45620526363684,186.88,146.42379473636316,54.03483930521818,94.49104456885502
4,20260927T032942Z-37d826a2,2026-09-27 03:29:42+00:00,morning,2026-09-30 20:00:00+00:00,3,20.314167933791406,102.71,82.39583206620858,55.33556860621969,75.64973654001109
4,20260927T032942Z-37d826a2,2026-09-27 03:29:42+00:00,morning,2026-09-30 21:00:00+00:00,4,3.62272783475657,51.09,47.467272165243436,65.85057718301174,69.47330501776831
4,20260927T063605Z-11ebc069,2026-09-27 06:36:05+00:00,morning,2026-09-27 21:00:00+00:00,1,4.065347323221783,19.54,15.474652676778216,43.85643737889818,47.921784702119965
4,20260927T063605Z-11ebc069,2026-09-27 06:36:05+00:00,morning,2026-09-27 22:00:00+00:00,1,13.506089915814377,21.96,8.453910084185624,40.97986902639438,54.48595894220876
4,20260927T063605Z-11ebc069,2026-09-27 06:36:05+00:00,morning,2026-09-27 23:00:00+00:00,1,7.038028804703256,9.64,2.601971195296745,37.794166497307735,44.83219530201099
4,20260927T063605Z-11ebc069,2026-09-27 06:36:05+00:00,morning,2026-09-28 00:00:00+00:00,1,3.980432508406963,6.88,2.8995674915930367,40.64272356683311,44.623156075240075
4,20260927T063605Z-11ebc069,2026-09-27 06:36:05+00:00,morning,2026-09-28 01:00:00+00:00,1,3.616899175073627,5.03,1.4131008249263735,42.867338918890034,46.48423809396366
4,20260927T063605Z-11ebc069,2026-09-27 06:36:05+00:00,morning,2026-09-28 02:00:00+00:00,1,4.433908434332888,4.09,-0.34390843433288776,37.42992978004284,41.863838214375725
4,20260927T063605Z-11ebc069,2026-09-27 06:36:05+00:00,morning,2026-09-28 03:00:00+00:00,1,15.783471397295848,4.78,-11.003471397295847,41.227654390063755,57.0111257873596
4,20260927T063605Z-11ebc069,2026-09-27 06:36:05+00:00,morning,2026-09-28 04:00:00+00:00,1,33.97508673937073,6.33,-27.645086739370733,49.24461914590782,83.21970588527856
4,20260927T063605Z-11ebc069,2026-09-27 06:36:05+00:00,morning,2026-09-28 05:00:00+00:00,1,47.38251266529666,12.95,-34.432512665296656,87.70953921885196,135.09205188414862
4,20260927T063605Z-11ebc069,2026-09-27 06:36:05+00:00,morning,2026-09-28 06:00:00+00:00,1,52.01101266529666,15.02,-36.991012665296665,96.15415982670432,148.16517249200098
4,20260927T063605Z-11ebc069,2026-09-27 06:36:05+00:00,morning,2026-09-28 07:00:00+00:00,1,48.12660155418556,13.23,-34.896601554185565,105.66233384772221,153.78893540190776
4,20260927T063605Z-11ebc069,2026-09-27 06:36:05+00:00,morning,2026-09-28 08:00:00+00:00,1,36.9399922949263,6.55,-30.389992294926298,111.21711353822751,148.15710583315382
4,20260927T063605Z-11ebc069,2026-09-27 06:36:05+00:00,morning,2026-09-28 09:00:00+00:00,1,25.860244146778136,5.4,-20.460244146778138,103.5984204035974,129.45866455037554
4,20260927T063605Z-11ebc069,2026-09-27 06:36:05+00:00,morning,2026-09-28 10:00:00+00:00,1,18.404368220852227,3.67,-14.734368220852227,87.95980171087436,106.3641699317266
4,20260927T063605Z-11ebc069,2026-09-27 06:36:05+00:00,morning,2026-09-28 11:00:00+00:00,1,13.502088591222591,3.56,-9.942088591222591,86.19242097003838,99.69450956126097
4,20260927T063605Z-11ebc069,2026-09-27 06:36:05+00:00,morning,2026-09-28 12:00:00+00:00,1,12.721377480111476,3.76,-8.961377480111477,84.617488998922,97.33886647903347
4,20260927T063605Z-11ebc069,2026-09-27 06:36:05+00:00,morning,2026-09-28 13:00:00+00:00,1,17.63214044307444,3.87,-13.76214044307444,81.51956861674917,99.15170905982362
4,20260927T063605Z-11ebc069,2026-09-27 06:36:05+00:00,morning,2026-09-28 14:00:00+00:00,1,25.740175628259635,5.0,-20.740175628259635,79.605185392052,105.34536102031163
4,20260927T063605Z-11ebc069,2026-09-27 06:36:05+00:00,morning,2026-09-28 15:00:00+00:00,1,39.44206822085222,8.3,-31.14206822085222,77.12189053393696,116.56395875478918
4,20260927T063605Z-11ebc069,2026-09-27 06:36:05+00:00,morning,2026-09-28 16:00:00+00:00,1,45.66141318240886,8.33,-37.33141318240886,101.0993628163097,146.76077599871854
4,20260927T063605Z-11ebc069,2026-09-27 06:36:05+00:00,morning,2026-09-28 17:00:00+00:00,1,39.25852222771991,8.56,-30.698522227719906,87.93585674079044,127.19437896851035
4,20260927T063605Z-11ebc069,2026-09-27 06:36:05+00:00,morning,2026-09-28 18:00:00+00:00,1,23.63645315400418,6.43,-17.20645315400418,84.66958373475155,108.30603688875573
4,20260927T063605Z-11ebc069,2026-09-27 06:36:05+00:00,morning,2026-09-28 19:00:00+00:00,1,15.568664199866223,5.7,-9.868664199866224,67.40356865239808,82.9722328522643
4,20260927T063605Z-11ebc069,2026-09-27 06:36:05+00:00,morning,2026-09-28 20:00:00+00:00,1,-0.5516989730745188,9.04,9.591698973074518,70.18545066598125,69.63375169290673
4,20260927T063605Z-11ebc069,2026-09-27 06:36:05+00:00,morning,2026-09-28 21:00:00+00:00,2,-12.379302676778218,5.29,17.66930267677822,38.20856474714664,25.829262070368422
4,20260927T063605Z-11ebc069,2026-09-27 06:36:05+00:00,morning,2026-09-28 22:00:00+00:00,2,-1.2483600841856255,5.0,6.2483600841856255,34.30895895628122,33.06059887209559
4,20260927T063605Z-11ebc069,2026-09-27 06:36:05+00:00,morning,2026-09-28 23:00:00+00:00,2,-5.648821195296739,4.0,9.648821195296739,36.760856536364614,31.112035341067873
4,20260927T063605Z-11ebc069,2026-09-27 06:36:05+00:00,morning,2026-09-29 00:00:00+00:00,2,-6.753267491593034,5.02,11.773267491593034,39.62069948143122,32.86743198983818
4,20260927T063605Z-11ebc069,2026-09-27 06:36:05+00:00,morning,2026-09-29 01:00:00+00:00,2,-5.067200824926367,7.38,12.447200824926366,41.80245877388029,36.73525794895392
4,20260927T063605Z-11ebc069,2026-09-27 06:36:05+00:00,morning,2026-09-29 02:00:00+00:00,2,-1.6569915656671077,9.03,10.686991565667107,35.29091816999005,33.633926604322944
4,20260927T063605Z-11ebc069,2026-09-27 06:36:05+00:00,morning,2026-09-29 03:00:00+00:00,2,13.078971397295849,21.79,8.71102860270415,40.25690919167468,53.335880588970525
4,20260927T063605Z-11ebc069,2026-09-27 06:36:05+00:00,morning,2026-09-29 04:00:00+00:00,2,35.49158673937074,22.06,-13.43158673937074,49.41174940801709,84.90333614738782
4,20260927T063605Z-11ebc069,2026-09-27 06:36:05+00:00,morning,2026-09-29 05:00:00+00:00,2,54.41642617138234,39.91,-14.506426171382344,79.20273529558439,133.61916146696672
4,20260927T063605Z-11ebc069,2026-09-27 06:36:05+00:00,morning,2026-09-29 06:00:00+00:00,2,61.60792617138236,89.88,28.272073828617636,92.65909414605184,154.2670203174342
4,20260927T063605Z-11ebc069,2026-09-27 06:36:05+00:00,morning,2026-09-29 07:00:00+00:00,2,58.00856506027122,93.85,35.84143493972877,107.775849792697,165.7844148529682
4,20260927T063605Z-11ebc069,2026-09-27 06:36:05+00:00,morning,2026-09-29 08:00:00+00:00,2,48.090555801012,114.2,66.109444198988,123.68746949137912,171.77802529239113
4,20260927T063605Z-11ebc069,2026-09-27 06:36:05+00:00,morning,2026-09-29 09:00:00+00:00,2,36.12465765286383,110.26,74.13534234713617,111.6219821175115,147.74663977037534
4,20260927T063605Z-11ebc069,2026-09-27 06:36:05+00:00,morning,2026-09-29 10:00:00+00:00,2,29.467731726937902,105.26,75.7922682730621,97.88802881165235,127.35576053859025
4,20260927T063605Z-11ebc069,2026-09-27 06:36:05+00:00,morning,2026-09-29 11:00:00+00:00,2,27.71785209730828,98.44,70.72214790269172,94.7823097450863,122.50016184239458
4,20260927T063605Z-11ebc069,2026-09-27 06:36:05+00:00,morning,2026-09-29 12:00:00+00:00,2,26.23549098619717,98.33,72.09450901380282,88.08702512981448,114.32251611601166
4,20260927T063605Z-11ebc069,2026-09-27 06:36:05+00:00,morning,2026-09-29 13:00:00+00:00,2,31.104953949160148,103.95,72.84504605083985,88.23005912731533,119.33501307647548
4,20260927T063605Z-11ebc069,2026-09-27 06:36:05+00:00,morning,2026-09-29 14:00:00+00:00,2,41.29638913434531,108.8,67.50361086565468,86.57355307146511,127.86994220581042
4,20260927T063605Z-11ebc069,2026-09-27 06:36:05+00:00,morning,2026-09-29 15:00:00+00:00,2,57.0447317269379,124.08,67.0352682730621,83.34422923457183,140.38896096150972
4,20260927T063605Z-11ebc069,2026-09-27 06:36:05+00:00,morning,2026-09-29 16:00:00+00:00,2,64.73174053911633,115.85,51.118259460883664,101.94823629657431,166.67997683569064
4,20260927T063605Z-11ebc069,2026-09-27 06:36:05+00:00,morning,2026-09-29 17:00:00+00:00,2,58.84800428795505,57.39,-1.458004287955049,91.6984877970443,150.54649208499933
4,20260927T063605Z-11ebc069,2026-09-27 06:36:05+00:00,morning,2026-09-29 18:00:00+00:00,2,42.70560121854149,56.25,13.544398781458511,96.07728268028141,138.7828838988229
4,20260927T063605Z-11ebc069,2026-09-27 06:36:05+00:00,morning,2026-09-29 19:00:00+00:00,2,35.0531475148378,28.49,-6.563147514837798,77.60141558059252,112.65456309543032
4,20260927T063605Z-11ebc069,2026-09-27 06:36:05+00:00,morning,2026-09-29 20:00:00+00:00,2,18.09293455187483,39.0,20.90706544812517,74.94738688710882,93.04032143898365
4,20260927T063605Z-11ebc069,2026-09-27 06:36:05+00:00,morning,2026-09-29 21:00:00+00:00,3,5.551730848171122,38.75,33.19826915182888,71.90336791811195,77.45509876628307
4,20260927T063605Z-11ebc069,2026-09-27 06:36:05+00:00,morning,2026-09-29 22:00:00+00:00,3,16.76907344076372,40.56,23.790926559236283,69.40624656768823,86.17532000845195
4,20260927T063605Z-11ebc069,2026-09-27 06:36:05+00:00,morning,2026-09-29 23:00:00+00:00,3,12.600962329652598,43.18,30.579037670347404,73.044978354518,85.6459406841706
4,20260927T063605Z-11ebc069,2026-09-27 06:36:05+00:00,morning,2026-09-30 00:00:00+00:00,3,12.616666033356308,52.32,39.70333396664369,74.04240550503305,86.65907153838936
4,20260927T063605Z-11ebc069,2026-09-27 06:36:05+00:00,morning,2026-09-30 01:00:00+00:00,3,16.242582700022968,61.7,45.45741729997704,74.83200722847901,91.07458992850198
4,20260927T063605Z-11ebc069,2026-09-27 06:36:05+00:00,morning,2026-09-30 02:00:00+00:00,3,21.51884195928224,82.08,60.56115804071776,74.90491857192877,96.42376053121102
4,20260927T063605Z-11ebc069,2026-09-27 06:36:05+00:00,morning,2026-09-30 03:00:00+00:00,3,38.12255492224519,107.3,69.17744507775481,72.89227539643642,111.01483031868162
4,20260927T063605Z-11ebc069,2026-09-27 06:36:05+00:00,morning,2026-09-30 04:00:00+00:00,3,60.03042529261556,154.8,94.76957470738445,73.36219530286381,133.39262059547937
4,20260927T063605Z-11ebc069,2026-09-27 06:36:05+00:00,morning,2026-09-30 05:00:00+00:00,3,74.60942617138235,197.27,122.66057382861766,68.40727947707605,143.0167056484584
4,20260927T063605Z-11ebc069,2026-09-27 06:36:05+00:00,morning,2026-09-30 06:00:00+00:00,3,78.16092617138234,210.56,132.39907382861765,68.38375618544661,146.54468235682896
4,20260927T063605Z-11ebc069,2026-09-27 06:36:05+00:00,morning,2026-09-30 07:00:00+00:00,3,64.3889576909074,240.26,175.8710423090926,92.47305801324777,156.86201570415517
4,20260927T063605Z-11ebc069,2026-09-27 06:36:05+00:00,morning,2026-09-30 08:00:00+00:00,3,52.66613652702882,149.94,97.27386347297119,108.6651693721864,161.3313058992152
4,20260927T063605Z-11ebc069,2026-09-27 06:36:05+00:00,morning,2026-09-30 09:00:00+00:00,3,42.35397513797245,116.87,74.51602486202756,105.96157716654793,148.31555230452037
4,20260927T063605Z-11ebc069,2026-09-27 06:36:05+00:00,morning,2026-09-30 10:00:00+00:00,3,36.97133354798007,113.71,76.73866645201991,94.87894224515478,131.85027579313484
4,20260927T063605Z-11ebc069,2026-09-27 06:36:05+00:00,morning,2026-09-30 11:00:00+00:00,3,34.12568357448586,108.27,74.14431642551413,92.44450241153145,126.57018598601731
4,20260927T063605Z-11ebc069,2026-09-27 06:36:05+00:00,morning,2026-09-30 12:00:00+00:00,3,34.23562495879273,105.94,71.70437504120727,84.72967683208584,118.96530179087857
4,20260927T063605Z-11ebc069,2026-09-27 06:36:05+00:00,morning,2026-09-30 13:00:00+00:00,3,40.55975143835988,99.94,59.380248561640116,80.71447011263648,121.27422155099636
4,20260927T063605Z-11ebc069,2026-09-27 06:36:05+00:00,morning,2026-09-30 14:00:00+00:00,3,50.48960651641437,150.0,99.51039348358563,85.95033749343963,136.439944009854
4,20260927T063605Z-11ebc069,2026-09-27 06:36:05+00:00,morning,2026-09-30 15:00:00+00:00,3,66.8029280331005,244.81,178.0070719668995,87.69258465260323,154.49551268570372
4,20260927T063605Z-11ebc069,2026-09-27 06:36:05+00:00,morning,2026-09-30 16:00:00+00:00,3,75.22154242909606,213.28,138.05845757090395,75.9952545131227,151.21679694221876
4,20260927T063605Z-11ebc069,2026-09-27 06:36:05+00:00,morning,2026-09-30 17:00:00+00:00,3,68.49231109544994,229.71,161.21768890455007,70.26412937885075,138.7564404743007
4,20260927T063605Z-11ebc069,2026-09-27 06:36:05+00:00,morning,2026-09-30 18:00:00+00:00,3,52.33269821359678,245.84,193.50730178640322,78.93864919764542,131.2713474112422
4,20260927T063605Z-11ebc069,2026-09-27 06:36:05+00:00,morning,2026-09-30 19:00:00+00:00,3,41.12222465112698,186.88,145.75777534887303,54.97826758984828,96.10049224097526
4,20260927T063605Z-11ebc069,2026-09-27 06:36:05+00:00,morning,2026-09-30 20:00:00+00:00,3,21.092347111475668,102.71,81.61765288852433,55.353399830919834,76.4457469423955
4,20260927T063605Z-11ebc069,2026-09-27 06:36:05+00:00,morning,2026-09-30 21:00:00+00:00,4,4.5803771064771,51.09,46.5096228935229,65.59394517893367,70.17432228541077
4,20260927T132510Z-ce0bc300,2026-09-27 13:25:10+00:00,afternoon,2026-09-28 21:00:00+00:00,2,-21.43895500869776,5.29,26.72895500869776,42.98936820840797,21.550413199710206
4,20260927T132510Z-ce0bc300,2026-09-27 13:25:10+00:00,afternoon,2026-09-28 22:00:00+00:00,2,-10.887965722983472,5.0,15.887965722983472,36.40390025155167,25.515934528568195
4,20260927T132510Z-ce0bc300,2026-09-27 13:25:10+00:00,afternoon,2026-09-28 23:00:00+00:00,2,-15.463519294412052,4.0,19.463519294412052,40.38711917277131,24.923599878359255
4,20260927T132510Z-ce0bc300,2026-09-27 13:25:10+00:00,afternoon,2026-09-29 00:00:00+00:00,2,-16.651801437269192,5.02,21.671801437269192,42.87874667023755,26.226945232968355
4,20260927T132510Z-ce0bc300,2026-09-27 13:25:10+00:00,afternoon,2026-09-29 01:00:00+00:00,2,-15.276272865840616,7.38,22.656272865840617,43.659660611525325,28.383387745684708
4,20260927T132510Z-ce0bc300,2026-09-27 13:25:10+00:00,afternoon,2026-09-29 02:00:00+00:00,2,-12.399158580126338,9.03,21.429158580126337,36.832848042703205,24.433689462576865
4,20260927T132510Z-ce0bc300,2026-09-27 13:25:10+00:00,afternoon,2026-09-29 03:00:00+00:00,2,1.1556307055879564,21.79,20.634369294412043,37.368256109136155,38.52388681472411
4,20260927T132510Z-ce0bc300,2026-09-27 13:25:10+00:00,afternoon,2026-09-29 04:00:00+00:00,2,21.773259944669714,22.06,0.28674005533028435,52.583580836713026,74.35684078138274
4,20260927T132510Z-ce0bc300,2026-09-27 13:25:10+00:00,afternoon,2026-09-29 05:00:00+00:00,2,37.67308494466971,39.91,2.236915055330286,81.10424941528288,118.77733435995259
4,20260927T132510Z-ce0bc300,2026-09-27 13:25:10+00:00,afternoon,2026-09-29 06:00:00+00:00,2,44.17905280181257,89.88,45.70094719818743,99.86228827609648,144.04134107790904
4,20260927T132510Z-ce0bc300,2026-09-27 13:25:10+00:00,afternoon,2026-09-29 07:00:00+00:00,2,43.07129618869728,93.85,50.77870381130271,115.27624830187017,158.34754449056746
4,20260927T132510Z-ce0bc300,2026-09-27 13:25:10+00:00,afternoon,2026-09-29 08:00:00+00:00,2,35.623921188697274,114.2,78.57607881130272,124.08169149310814,159.7056126818054
4,20260927T132510Z-ce0bc300,2026-09-27 13:25:10+00:00,afternoon,2026-09-29 09:00:00+00:00,2,27.994456902983,110.26,82.265543097017,111.97636227983729,139.9708191828203
4,20260927T132510Z-ce0bc300,2026-09-27 13:25:10+00:00,afternoon,2026-09-29 10:00:00+00:00,2,23.689242617268704,105.26,81.5707573827313,96.61822398190837,120.30746659917708
4,20260927T132510Z-ce0bc300,2026-09-27 13:25:10+00:00,afternoon,2026-09-29 11:00:00+00:00,2,21.75470690298297,98.44,76.68529309701702,92.13339802077142,113.8881049237544
4,20260927T132510Z-ce0bc300,2026-09-27 13:25:10+00:00,afternoon,2026-09-29 12:00:00+00:00,2,20.57015333155441,98.33,77.75984666844559,85.41118900460118,105.98134233615559
4,20260927T132510Z-ce0bc300,2026-09-27 13:25:10+00:00,afternoon,2026-09-29 13:00:00+00:00,2,23.11247476012585,103.95,80.83752523987415,91.11758050182766,114.23005526195351
4,20260927T132510Z-ce0bc300,2026-09-27 13:25:10+00:00,afternoon,2026-09-29 14:00:00+00:00,2,30.24072476012584,108.8,78.55927523987415,88.35952063072898,118.60024539085482
4,20260927T132510Z-ce0bc300,2026-09-27 13:25:10+00:00,afternoon,2026-09-29 15:00:00+00:00,2,43.05681404584014,124.08,81.02318595415986,86.43157825136424,129.48839229720437
4,20260927T132510Z-ce0bc300,2026-09-27 13:25:10+00:00,afternoon,2026-09-29 16:00:00+00:00,2,48.18613933106753,115.85,67.66386066893247,109.28407441198988,157.4702137430574
4,20260927T132510Z-ce0bc300,2026-09-27 13:25:10+00:00,afternoon,2026-09-29 17:00:00+00:00,2,41.2058985627308,57.39,16.1841014372692,91.05201547975638,132.2579140424872
4,20260927T132510Z-ce0bc300,2026-09-27 13:25:10+00:00,afternoon,2026-09-29 18:00:00+00:00,2,25.22042713415938,56.25,31.02957286584062,90.91970433625616,116.14013147041554
4,20260927T132510Z-ce0bc300,2026-09-27 13:25:10+00:00,afternoon,2026-09-29 19:00:00+00:00,2,17.307102134159372,28.49,11.182897865840626,75.32998244195477,92.63708457611415
4,20260927T132510Z-ce0bc300,2026-09-27 13:25:10+00:00,afternoon,2026-09-29 20:00:00+00:00,2,1.2696378484450968,39.0,37.7303621515549,77.36366402909947,78.63330187754457
4,20260927T132510Z-ce0bc300,2026-09-27 13:25:10+00:00,afternoon,2026-09-29 21:00:00+00:00,3,-9.60695500869776,38.75,48.35695500869776,69.57414161027437,59.96718660157661
4,20260927T132510Z-ce0bc300,2026-09-27 13:25:10+00:00,afternoon,2026-09-29 22:00:00+00:00,3,2.8359842770165304,40.56,37.724015722983474,70.70180930556799,73.53779358258453
4,20260927T132510Z-ce0bc300,2026-09-27 13:25:10+00:00,afternoon,2026-09-29 23:00:00+00:00,3,-0.6786192944120479,43.18,43.85861929441205,72.73859445659255,72.0599751621805
4,20260927T132510Z-ce0bc300,2026-09-27 13:25:10+00:00,afternoon,2026-09-30 00:00:00+00:00,3,-0.7477514372691894,52.32,53.06775143726919,74.21042772748889,73.4626762902197
4,20260927T132510Z-ce0bc300,2026-09-27 13:25:10+00:00,afternoon,2026-09-30 01:00:00+00:00,3,2.344937933084822,61.7,59.35506206691518,75.4011263333486,77.74606426643342
4,20260927T132510Z-ce0bc300,2026-09-27 13:25:10+00:00,afternoon,2026-09-30 02:00:00+00:00,3,7.522152218799098,82.08,74.5578477812009,80.72009227288089,88.24224449167998
4,20260927T132510Z-ce0bc300,2026-09-27 13:25:10+00:00,afternoon,2026-09-30 03:00:00+00:00,3,24.182241504513392,107.3,83.11775849548661,76.79181547323243,100.97405697774582
4,20260927T132510Z-ce0bc300,2026-09-27 13:25:10+00:00,afternoon,2026-09-30 04:00:00+00:00,3,46.83392007594196,154.8,107.96607992405805,78.93031952228334,125.7642395982253
4,20260927T132510Z-ce0bc300,2026-09-27 13:25:10+00:00,afternoon,2026-09-30 05:00:00+00:00,3,62.84754618869728,197.27,134.42245381130272,92.84051942000052,155.6880656086978
4,20260927T132510Z-ce0bc300,2026-09-27 13:25:10+00:00,afternoon,2026-09-30 06:00:00+00:00,3,67.40831404584011,210.56,143.1516859541599,100.06869797195557,167.4770120177957
4,20260927T132510Z-ce0bc300,2026-09-27 13:25:10+00:00,afternoon,2026-09-30 07:00:00+00:00,3,62.85754618869727,240.26,177.40245381130273,104.52845588012507,167.38600206882234
4,20260927T132510Z-ce0bc300,2026-09-27 13:25:10+00:00,afternoon,2026-09-30 08:00:00+00:00,3,51.55067118869727,149.94,98.38932881130273,106.35006989136747,157.90074108006473
4,20260927T132510Z-ce0bc300,2026-09-27 13:25:10+00:00,afternoon,2026-09-30 09:00:00+00:00,3,41.14895690298299,116.87,75.72104309701702,100.4080518257962,141.55700872877918
4,20260927T132510Z-ce0bc300,2026-09-27 13:25:10+00:00,afternoon,2026-09-30 10:00:00+00:00,3,35.7117426172687,113.71,77.9982573827313,90.79376114381188,126.50550376108058
4,20260927T132510Z-ce0bc300,2026-09-27 13:25:10+00:00,afternoon,2026-09-30 11:00:00+00:00,3,33.401956902983,108.27,74.868043097017,86.87688339458514,120.27884029756814
4,20260927T132510Z-ce0bc300,2026-09-27 13:25:10+00:00,afternoon,2026-09-30 12:00:00+00:00,3,33.87965333155442,105.94,72.06034666844558,78.29698345640597,112.17663678796039
4,20260927T132510Z-ce0bc300,2026-09-27 13:25:10+00:00,afternoon,2026-09-30 13:00:00+00:00,3,40.335724760125856,99.94,59.60427523987414,80.94170358483379,121.27742834495965
4,20260927T132510Z-ce0bc300,2026-09-27 13:25:10+00:00,afternoon,2026-09-30 14:00:00+00:00,3,39.81280788656746,150.0,110.18719211343253,83.70787293047644,123.52068081704391
4,20260927T132510Z-ce0bc300,2026-09-27 13:25:10+00:00,afternoon,2026-09-30 15:00:00+00:00,3,55.50622738413111,244.81,189.3037726158689,95.87316675741482,151.37939414154593
4,20260927T132510Z-ce0bc300,2026-09-27 13:25:10+00:00,afternoon,2026-09-30 16:00:00+00:00,3,63.16853782164117,213.28,150.11146217835883,92.9640058612151,156.13254368285627
4,20260927T132510Z-ce0bc300,2026-09-27 13:25:10+00:00,afternoon,2026-09-30 17:00:00+00:00,3,56.7383191360299,229.71,172.9716808639701,77.7281649620691,134.466484098099
4,20260927T132510Z-ce0bc300,2026-09-27 13:25:10+00:00,afternoon,2026-09-30 18:00:00+00:00,3,40.81193856631823,245.84,205.02806143368178,79.59728989355126,120.4092284598695
4,20260927T132510Z-ce0bc300,2026-09-27 13:25:10+00:00,afternoon,2026-09-30 19:00:00+00:00,3,29.47806861984742,186.88,157.40193138015258,57.85777762723699,87.33584624708442
4,20260927T132510Z-ce0bc300,2026-09-27 13:25:10+00:00,afternoon,2026-09-30 20:00:00+00:00,3,9.02508778039908,102.71,93.68491221960092,62.359246972706146,71.38433475310522
4,20260927T132510Z-ce0bc300,2026-09-27 13:25:10+00:00,afternoon,2026-09-30 21:00:00+00:00,4,-6.3242037935506765,51.09,57.41420379355068,63.19214135402111,56.86793756047044
4,20260927T162629Z-4f6ab319,2026-09-27 16:26:29+00:00,afternoon,2026-09-28 21:00:00+00:00,2,-24.17483284091356,5.29,29.46483284091356,44.89617762993986,20.721344789026297
4,20260927T162629Z-4f6ab319,2026-09-27 16:26:29+00:00,afternoon,2026-09-28 22:00:00+00:00,2,-13.609293555199274,5.0,18.609293555199272,38.42907498246182,24.819781427262548
4,20260927T162629Z-4f6ab319,2026-09-27 16:26:29+00:00,afternoon,2026-09-28 23:00:00+00:00,2,-18.26959712662785,4.0,22.26959712662785,42.78307453372086,24.513477407093006
4,20260927T162629Z-4f6ab319,2026-09-27 16:26:29+00:00,afternoon,2026-09-29 00:00:00+00:00,2,-19.452929269484983,5.02,24.472929269484982,43.45055800814493,23.997628738659948
4,20260927T162629Z-4f6ab319,2026-09-27 16:26:29+00:00,afternoon,2026-09-29 01:00:00+00:00,2,-17.89815069805642,7.38,25.278150698056418,45.70650794941751,27.808357251361087
4,20260927T162629Z-4f6ab319,2026-09-27 16:26:29+00:00,afternoon,2026-09-29 02:00:00+00:00,2,-14.431386412342142,9.03,23.461386412342144,38.89185622072491,24.46046980838277
4,20260927T162629Z-4f6ab319,2026-09-27 16:26:29+00:00,afternoon,2026-09-29 03:00:00+00:00,2,-0.062997126627839,21.79,21.852997126627837,38.20991422319173,38.14691709656389
4,20260927T162629Z-4f6ab319,2026-09-27 16:26:29+00:00,afternoon,2026-09-29 04:00:00+00:00,2,21.04202386448917,22.06,1.0179761355108283,54.03793383397549,75.07995769846465
4,20260927T162629Z-4f6ab319,2026-09-27 16:26:29+00:00,afternoon,2026-09-29 05:00:00+00:00,2,37.522498864489165,39.91,2.3875011355108313,81.39644613735351,118.91894500184267
4,20260927T162629Z-4f6ab319,2026-09-27 16:26:29+00:00,afternoon,2026-09-29 06:00:00+00:00,2,44.31826672163202,89.88,45.561733278367974,102.49388641263137,146.81215313426338
4,20260927T162629Z-4f6ab319,2026-09-27 16:26:29+00:00,afternoon,2026-09-29 07:00:00+00:00,2,43.92461724995509,93.85,49.9253827500449,117.77648421371879,161.70110146367387
4,20260927T162629Z-4f6ab319,2026-09-27 16:26:29+00:00,afternoon,2026-09-29 08:00:00+00:00,2,36.62199224995509,114.2,77.57800775004492,122.99444360558584,159.61643585554094
4,20260927T162629Z-4f6ab319,2026-09-27 16:26:29+00:00,afternoon,2026-09-29 09:00:00+00:00,2,28.85652796424081,110.26,81.4034720357592,111.56883503861586,140.42536300285667
4,20260927T162629Z-4f6ab319,2026-09-27 16:26:29+00:00,afternoon,2026-09-29 10:00:00+00:00,2,23.82181367852653,105.26,81.43818632147347,97.95953897759601,121.78135265612255
4,20260927T162629Z-4f6ab319,2026-09-27 16:26:29+00:00,afternoon,2026-09-29 11:00:00+00:00,2,21.203527964240813,98.44,77.23647203575919,92.29959775557269,113.50312571981351
4,20260927T162629Z-4f6ab319,2026-09-27 16:26:29+00:00,afternoon,2026-09-29 12:00:00+00:00,2,19.33872439281223,98.33,78.99127560718776,87.610271238159,106.94899563097124
4,20260927T162629Z-4f6ab319,2026-09-27 16:26:29+00:00,afternoon,2026-09-29 13:00:00+00:00,2,22.443795821383663,103.95,81.50620417861634,90.39695469420117,112.84075051558483
4,20260927T162629Z-4f6ab319,2026-09-27 16:26:29+00:00,afternoon,2026-09-29 14:00:00+00:00,2,30.26879582138366,108.8,78.53120417861633,88.46856264425817,118.73735846564183
4,20260927T162629Z-4f6ab319,2026-09-27 16:26:29+00:00,afternoon,2026-09-29 15:00:00+00:00,2,43.72438510709795,124.08,80.35561489290205,87.60578711049541,131.33017221759337
4,20260927T162629Z-4f6ab319,2026-09-27 16:26:29+00:00,afternoon,2026-09-29 16:00:00+00:00,2,49.52073441458124,115.85,66.32926558541875,111.91618852420402,161.43692293878524
4,20260927T162629Z-4f6ab319,2026-09-27 16:26:29+00:00,afternoon,2026-09-29 17:00:00+00:00,2,46.86456054165735,57.39,10.525439458342653,95.26155364525313,142.12611418691048
4,20260927T162629Z-4f6ab319,2026-09-27 16:26:29+00:00,afternoon,2026-09-29 18:00:00+00:00,2,31.20333374748205,56.25,25.04666625251795,97.43423452094986,128.6375682684319
4,20260927T162629Z-4f6ab319,2026-09-27 16:26:29+00:00,afternoon,2026-09-29 19:00:00+00:00,2,23.906314407617213,28.49,4.5836855923827855,81.05977724462748,104.9660916522447
4,20260927T162629Z-4f6ab319,2026-09-27 16:26:29+00:00,afternoon,2026-09-29 20:00:00+00:00,2,7.511600121902921,39.0,31.488399878097077,80.61462297614453,88.12622309804745
4,20260927T162629Z-4f6ab319,2026-09-27 16:26:29+00:00,afternoon,2026-09-29 21:00:00+00:00,3,-4.658792735239935,38.75,43.408792735239935,70.03860520055309,65.37981246531317
4,20260927T162629Z-4f6ab319,2026-09-27 16:26:29+00:00,afternoon,2026-09-29 22:00:00+00:00,3,5.365706444800725,40.56,35.19429355519928,72.93229401596957,78.2980004607703
4,20260927T162629Z-4f6ab319,2026-09-27 16:26:29+00:00,afternoon,2026-09-29 23:00:00+00:00,3,0.0292028733721498,43.18,43.15079712662785,72.46956469109637,72.49876756446852
4,20260927T162629Z-4f6ab319,2026-09-27 16:26:29+00:00,afternoon,2026-09-30 00:00:00+00:00,3,-1.536329269484984,52.32,53.85632926948499,73.75135768759351,72.21502841810853
4,20260927T162629Z-4f6ab319,2026-09-27 16:26:29+00:00,afternoon,2026-09-30 01:00:00+00:00,3,0.4844394076172131,61.7,61.215560592382786,74.98533455364122,75.46977396125844
4,20260927T162629Z-4f6ab319,2026-09-27 16:26:29+00:00,afternoon,2026-09-30 02:00:00+00:00,3,6.067403693331498,82.08,76.0125963066685,81.45969331568983,87.52709700902133
4,20260927T162629Z-4f6ab319,2026-09-27 16:26:29+00:00,afternoon,2026-09-30 03:00:00+00:00,3,22.568242979045777,107.3,84.73175702095422,79.03408777429082,101.6023307533366
4,20260927T162629Z-4f6ab319,2026-09-27 16:26:29+00:00,afternoon,2026-09-30 04:00:00+00:00,3,43.866671550474365,154.8,110.93332844952565,80.82254312730238,124.68921467777675
4,20260927T162629Z-4f6ab319,2026-09-27 16:26:29+00:00,afternoon,2026-09-30 05:00:00+00:00,3,59.35711724995511,197.27,137.9128827500449,99.84942323394002,159.20654048389514
4,20260927T162629Z-4f6ab319,2026-09-27 16:26:29+00:00,afternoon,2026-09-30 06:00:00+00:00,3,62.34413510709796,210.56,148.21586489290203,98.6046126853982,160.94874779249616
4,20260927T162629Z-4f6ab319,2026-09-27 16:26:29+00:00,afternoon,2026-09-30 07:00:00+00:00,3,55.76711724995511,240.26,184.49288275004488,107.02624039583976,162.79335764579488
4,20260927T162629Z-4f6ab319,2026-09-27 16:26:29+00:00,afternoon,2026-09-30 08:00:00+00:00,3,44.46224224995508,149.94,105.47775775004492,111.8367449015258,156.2989871514809
4,20260927T162629Z-4f6ab319,2026-09-27 16:26:29+00:00,afternoon,2026-09-30 09:00:00+00:00,3,35.04302796424081,116.87,81.8269720357592,109.21309427263893,144.25612223687972
4,20260927T162629Z-4f6ab319,2026-09-27 16:26:29+00:00,afternoon,2026-09-30 10:00:00+00:00,3,29.36406367852653,113.71,84.34593632147346,100.30548080012683,129.66954447865336
4,20260927T162629Z-4f6ab319,2026-09-27 16:26:29+00:00,afternoon,2026-09-30 11:00:00+00:00,3,26.895027964240818,108.27,81.37497203575919,93.87341224410557,120.76844020834639
4,20260927T162629Z-4f6ab319,2026-09-27 16:26:29+00:00,afternoon,2026-09-30 12:00:00+00:00,3,26.99772439281224,105.94,78.94227560718775,84.74222513521579,111.73994952802803
4,20260927T162629Z-4f6ab319,2026-09-27 16:26:29+00:00,afternoon,2026-09-30 13:00:00+00:00,3,32.86079582138366,99.94,67.07920417861634,87.92986433653185,120.79066015791551
4,20260927T162629Z-4f6ab319,2026-09-27 16:26:29+00:00,afternoon,2026-09-30 14:00:00+00:00,3,43.33504582138367,150.0,106.66495417861633,91.5786504303243,134.91369625170796
4,20260927T162629Z-4f6ab319,2026-09-27 16:26:29+00:00,afternoon,2026-09-30 15:00:00+00:00,3,59.83513510709796,244.81,184.97486489290205,90.31769244023026,150.15282754732823
4,20260927T162629Z-4f6ab319,2026-09-27 16:26:29+00:00,afternoon,2026-09-30 16:00:00+00:00,3,65.64838560568428,213.28,147.6316143943157,91.5938313434738,157.2422169491581
4,20260927T162629Z-4f6ab319,2026-09-27 16:26:29+00:00,afternoon,2026-09-30 17:00:00+00:00,3,54.85886842161153,229.71,174.85113157838848,78.20627616365196,133.0651445852635
4,20260927T162629Z-4f6ab319,2026-09-27 16:26:29+00:00,afternoon,2026-09-30 18:00:00+00:00,3,37.217459310860974,245.84,208.62254068913904,78.69847036326173,115.91592967412271
4,20260927T162629Z-4f6ab319,2026-09-27 16:26:29+00:00,afternoon,2026-09-30 19:00:00+00:00,3,25.36007040037987,186.88,161.51992959962013,58.03401470001944,83.39408510039931
4,20260927T162629Z-4f6ab319,2026-09-27 16:26:29+00:00,afternoon,2026-09-30 20:00:00+00:00,3,4.774992587243287,102.71,97.9350074127567,64.0435331405737,68.81852572781699
4,20260927T162629Z-4f6ab319,2026-09-27 16:26:29+00:00,afternoon,2026-09-30 21:00:00+00:00,4,-8.63807239195194,51.09,59.72807239195194,64.51823927721425,55.88016688526231
4,20260927T182030Z-692fc58d,2026-09-27 18:20:30+00:00,afternoon,2026-09-28 21:00:00+00:00,2,-24.28935563731669,5.29,29.579355637316688,45.075486057079004,20.786130419762316
4,20260927T182030Z-692fc58d,2026-09-27 18:20:30+00:00,afternoon,2026-09-28 22:00:00+00:00,2,-13.636216351602409,5.0,18.636216351602407,38.58115300037908,24.944936648776675
4,20260927T182030Z-692fc58d,2026-09-27 18:20:30+00:00,afternoon,2026-09-28 23:00:00+00:00,2,-18.337619923030985,4.0,22.337619923030985,42.93515255163812,24.597532628607134
4,20260927T182030Z-692fc58d,2026-09-27 18:20:30+00:00,afternoon,2026-09-29 00:00:00+00:00,2,-19.66615206588812,5.02,24.68615206588812,43.52515642316049,23.85900435727237
4,20260927T182030Z-692fc58d,2026-09-27 18:20:30+00:00,afternoon,2026-09-29 01:00:00+00:00,2,-17.770123494459554,7.38,25.150123494459553,45.874819326113474,28.10469583165392
4,20260927T182030Z-692fc58d,2026-09-27 18:20:30+00:00,afternoon,2026-09-29 02:00:00+00:00,2,-14.362609208745276,9.03,23.392609208745277,39.08751225843794,24.724903049692664
4,20260927T182030Z-692fc58d,2026-09-27 18:20:30+00:00,afternoon,2026-09-29 03:00:00+00:00,2,-0.0614199230309857,21.79,21.851419923030985,38.399288544731256,38.337868621700274
4,20260927T182030Z-692fc58d,2026-09-27 18:20:30+00:00,afternoon,2026-09-29 04:00:00+00:00,2,21.0372466572964,22.06,1.0227533427035986,54.03793383397549,75.07518049127188
4,20260927T182030Z-692fc58d,2026-09-27 18:20:30+00:00,afternoon,2026-09-29 05:00:00+00:00,2,37.5873216572964,39.91,2.322678342703597,81.39644613735351,118.9837677946499
4,20260927T182030Z-692fc58d,2026-09-27 18:20:30+00:00,afternoon,2026-09-29 06:00:00+00:00,2,44.558589514439234,89.88,45.32141048556076,101.59715985046108,146.15574936490032
4,20260927T182030Z-692fc58d,2026-09-27 18:20:30+00:00,afternoon,2026-09-29 07:00:00+00:00,2,43.92808947360418,93.85,49.92191052639581,116.8797576515485,160.80784712515268
4,20260927T182030Z-692fc58d,2026-09-27 18:20:30+00:00,afternoon,2026-09-29 08:00:00+00:00,2,36.68796447360419,114.2,77.5120355263958,122.99444360558584,159.68240807919003
4,20260927T182030Z-692fc58d,2026-09-27 18:20:30+00:00,afternoon,2026-09-29 09:00:00+00:00,2,28.637250187889904,110.26,81.6227498121101,111.56883503861586,140.20608522650576
4,20260927T182030Z-692fc58d,2026-09-27 18:20:30+00:00,afternoon,2026-09-29 10:00:00+00:00,2,23.30353590217562,105.26,81.95646409782438,97.73226195858139,121.03579786075701
4,20260927T182030Z-692fc58d,2026-09-27 18:20:30+00:00,afternoon,2026-09-29 11:00:00+00:00,2,20.678250187889912,98.44,77.76174981211008,92.18141556286447,112.85966575075439
4,20260927T182030Z-692fc58d,2026-09-27 18:20:30+00:00,afternoon,2026-09-29 12:00:00+00:00,2,19.50119661646133,98.33,78.82880338353867,89.7119890433993,109.21318565986063
4,20260927T182030Z-692fc58d,2026-09-27 18:20:30+00:00,afternoon,2026-09-29 13:00:00+00:00,2,22.67651804503276,103.95,81.27348195496724,90.39695469420117,113.07347273923394
4,20260927T182030Z-692fc58d,2026-09-27 18:20:30+00:00,afternoon,2026-09-29 14:00:00+00:00,2,29.806018045032765,108.8,78.99398195496724,86.3066648076615,116.11268285269426
4,20260927T182030Z-692fc58d,2026-09-27 18:20:30+00:00,afternoon,2026-09-29 15:00:00+00:00,2,43.32435733074705,124.08,80.75564266925295,86.21237714142616,129.5367344721732
4,20260927T182030Z-692fc58d,2026-09-27 18:20:30+00:00,afternoon,2026-09-29 16:00:00+00:00,2,48.881213150026994,115.85,66.968786849973,111.91618852420402,160.79740167423103
4,20260927T182030Z-692fc58d,2026-09-27 18:20:30+00:00,afternoon,2026-09-29 17:00:00+00:00,2,46.02985203459152,57.39,11.36014796540848,96.51248053581095,142.54233257040246
4,20260927T182030Z-692fc58d,2026-09-27 18:20:30+00:00,afternoon,2026-09-29 18:00:00+00:00,2,30.401002315915708,56.25,25.848997684084292,97.5633192131642,127.96432152907991
4,20260927T182030Z-692fc58d,2026-09-27 18:20:30+00:00,afternoon,2026-09-29 19:00:00+00:00,2,23.316877315915697,28.49,5.173122684084301,79.45307798091544,102.76995529683114
4,20260927T182030Z-692fc58d,2026-09-27 18:20:30+00:00,afternoon,2026-09-29 20:00:00+00:00,2,7.696913030201415,39.0,31.303086969798585,80.68462709527266,88.38154012547407
4,20260927T182030Z-692fc58d,2026-09-27 18:20:30+00:00,afternoon,2026-09-29 21:00:00+00:00,3,-4.084479826941444,38.75,42.83447982694145,70.55925892291557,66.47477909597413
4,20260927T182030Z-692fc58d,2026-09-27 18:20:30+00:00,afternoon,2026-09-29 22:00:00+00:00,3,6.67710945877285,40.56,33.882890541227155,71.68748272043482,78.36459217920766
4,20260927T182030Z-692fc58d,2026-09-27 18:20:30+00:00,afternoon,2026-09-29 23:00:00+00:00,3,2.3520558873442705,43.18,40.82794411265573,72.29717547347498,74.64923136081924
4,20260927T182030Z-692fc58d,2026-09-27 18:20:30+00:00,afternoon,2026-09-30 00:00:00+00:00,3,0.9590737444871248,52.32,51.36092625551287,73.32908883010133,74.28816257458845
4,20260927T182030Z-692fc58d,2026-09-27 18:20:30+00:00,afternoon,2026-09-30 01:00:00+00:00,3,3.169002315915709,61.7,58.53099768408429,76.02316329762269,79.19216561353839
4,20260927T182030Z-692fc58d,2026-09-27 18:20:30+00:00,afternoon,2026-09-30 02:00:00+00:00,3,8.05596660162999,82.08,74.02403339837001,82.7582024009294,90.8141690025594
4,20260927T182030Z-692fc58d,2026-09-27 18:20:30+00:00,afternoon,2026-09-30 03:00:00+00:00,3,23.992055887344264,107.3,83.30794411265573,79.8627025765971,103.85475846394137
4,20260927T182030Z-692fc58d,2026-09-27 18:20:30+00:00,afternoon,2026-09-30 04:00:00+00:00,3,44.75923445877284,154.8,110.04076554122717,80.82254312730238,125.58177758607522
4,20260927T182030Z-692fc58d,2026-09-27 18:20:30+00:00,afternoon,2026-09-30 05:00:00+00:00,3,58.88108947360419,197.27,138.38891052639582,100.81700455368824,159.69809402729243
4,20260927T182030Z-692fc58d,2026-09-27 18:20:30+00:00,afternoon,2026-09-30 06:00:00+00:00,3,61.88410733074705,210.56,148.67589266925296,98.6046126853982,160.48872001614524
4,20260927T182030Z-692fc58d,2026-09-27 18:20:30+00:00,afternoon,2026-09-30 07:00:00+00:00,3,55.09783947360417,240.26,185.16216052639584,106.25764597650844,161.3554854501126
4,20260927T182030Z-692fc58d,2026-09-27 18:20:30+00:00,afternoon,2026-09-30 08:00:00+00:00,3,43.54821447360419,149.94,106.39178552639581,111.8367449015258,155.38495937513
4,20260927T182030Z-692fc58d,2026-09-27 18:20:30+00:00,afternoon,2026-09-30 09:00:00+00:00,3,33.653750187889905,116.87,83.2162498121101,109.73207398772838,143.3858241756183
4,20260927T182030Z-692fc58d,2026-09-27 18:20:30+00:00,afternoon,2026-09-30 10:00:00+00:00,3,27.98703590217561,113.71,85.72296409782439,100.27744746270666,128.26448336488227
4,20260927T182030Z-692fc58d,2026-09-27 18:20:30+00:00,afternoon,2026-09-30 11:00:00+00:00,3,26.080000187889915,108.27,82.18999981211007,96.18720836792684,122.26720855581675
4,20260927T182030Z-692fc58d,2026-09-27 18:20:30+00:00,afternoon,2026-09-30 12:00:00+00:00,3,26.07844661646133,105.94,79.86155338353866,85.26554154760473,111.34398816406606
4,20260927T182030Z-692fc58d,2026-09-27 18:20:30+00:00,afternoon,2026-09-30 13:00:00+00:00,3,32.12976804503276,99.94,67.81023195496724,87.13973142835917,119.26949947339193
4,20260927T182030Z-692fc58d,2026-09-27 18:20:30+00:00,afternoon,2026-09-30 14:00:00+00:00,3,43.02051804503275,150.0,106.97948195496724,91.42927204119391,134.44979008622667
4,20260927T182030Z-692fc58d,2026-09-27 18:20:30+00:00,afternoon,2026-09-30 15:00:00+00:00,3,59.254107330747054,244.81,185.55589266925296,91.17848902376163,150.4325963545087
4,20260927T182030Z-692fc58d,2026-09-27 18:20:30+00:00,afternoon,2026-09-30 16:00:00+00:00,3,64.81425890944334,213.28,148.46574109055666,91.90759102734631,156.72184993678965
4,20260927T182030Z-692fc58d,2026-09-27 18:20:30+00:00,afternoon,2026-09-30 17:00:00+00:00,3,55.87707374448713,229.71,173.8329262555129,76.30977861003913,132.18685235452625
4,20260927T182030Z-692fc58d,2026-09-27 18:20:30+00:00,afternoon,2026-09-30 18:00:00+00:00,3,36.1095023159157,245.84,209.7304976840843,76.58279273037256,112.69229504628825
4,20260927T182030Z-692fc58d,2026-09-27 18:20:30+00:00,afternoon,2026-09-30 19:00:00+00:00,3,25.502965373841317,186.88,161.3770346261587,55.81483292072731,81.31779829456863
4,20260927T182030Z-692fc58d,2026-09-27 18:20:30+00:00,afternoon,2026-09-30 20:00:00+00:00,3,5.074508488429917,102.71,97.63549151157008,64.03541249437097,69.10992098280089
4,20260927T182030Z-692fc58d,2026-09-27 18:20:30+00:00,afternoon,2026-09-30 21:00:00+00:00,4,-8.217330681469994,51.09,59.30733068147,64.66210063276462,56.444769951294624
5,20260927T202958Z-a9031a1f,2026-09-27 20:29:58+00:00,afternoon,2026-09-28 21:00:00+00:00,2,-22.678018916936743,5.29,27.968018916936742,36.884921010578886,14.206902093642142
5,20260927T202958Z-a9031a1f,2026-09-27 20:29:58+00:00,afternoon,2026-09-28 22:00:00+00:00,2,-12.284529631222458,5.0,17.28452963122246,33.05142711539209,20.76689748416963
5,20260927T202958Z-a9031a1f,2026-09-27 20:29:58+00:00,afternoon,2026-09-28 23:00:00+00:00,2,-17.07203320265104,4.0,21.07203320265104,42.19655598952278,25.12452278687174
5,20260927T202958Z-a9031a1f,2026-09-27 20:29:58+00:00,afternoon,2026-09-29 00:00:00+00:00,2,-18.18891534550817,5.02,23.20891534550817,42.88419650150243,24.69528115599426
5,20260927T202958Z-a9031a1f,2026-09-27 20:29:58+00:00,afternoon,2026-09-29 01:00:00+00:00,2,-16.45308677407961,7.38,23.833086774079607,42.20236288164885,25.749276107569244
5,20260927T202958Z-a9031a1f,2026-09-27 20:29:58+00:00,afternoon,2026-09-29 02:00:00+00:00,2,-13.406172488365328,9.03,22.43617248836533,39.06691475707218,25.660742268706855
5,20260927T202958Z-a9031a1f,2026-09-27 20:29:58+00:00,afternoon,2026-09-29 03:00:00+00:00,2,0.3190167973489668,21.79,21.470983202651034,38.50077177604014,38.819788573389104
5,20260927T202958Z-a9031a1f,2026-09-27 20:29:58+00:00,afternoon,2026-09-29 04:00:00+00:00,2,21.44480693026525,22.06,0.6151930697347474,47.96777390475282,69.41258083501808
5,20260927T202958Z-a9031a1f,2026-09-27 20:29:58+00:00,afternoon,2026-09-29 05:00:00+00:00,2,38.450431930265246,39.91,1.4595680697347504,82.28931043200726,120.7397423622725
5,20260927T202958Z-a9031a1f,2026-09-27 20:29:58+00:00,afternoon,2026-09-29 06:00:00+00:00,2,45.71794978740811,89.88,44.162050212591886,103.05105022263277,148.76900001004088
5,20260927T202958Z-a9031a1f,2026-09-27 20:29:58+00:00,afternoon,2026-09-29 07:00:00+00:00,2,44.59352092416963,93.85,49.25647907583036,115.72537936640288,160.31890029057251
5,20260927T202958Z-a9031a1f,2026-09-27 20:29:58+00:00,afternoon,2026-09-29 08:00:00+00:00,2,37.80364592416962,114.2,76.39635407583037,116.57614795423638,154.379793878406
5,20260927T202958Z-a9031a1f,2026-09-27 20:29:58+00:00,afternoon,2026-09-29 09:00:00+00:00,2,29.54543163845534,110.26,80.71456836154466,102.20371734489042,131.74914898334578
5,20260927T202958Z-a9031a1f,2026-09-27 20:29:58+00:00,afternoon,2026-09-29 10:00:00+00:00,2,22.682717352741065,105.26,82.57728264725894,88.36330909927737,111.04602645201844
5,20260927T202958Z-a9031a1f,2026-09-27 20:29:58+00:00,afternoon,2026-09-29 11:00:00+00:00,2,20.500681638455347,98.44,77.93931836154465,83.65474741529273,104.15542905374808
5,20260927T202958Z-a9031a1f,2026-09-27 20:29:58+00:00,afternoon,2026-09-29 12:00:00+00:00,2,20.252128067026774,98.33,78.07787193297322,80.25600046934473,100.5081285363715
5,20260927T202958Z-a9031a1f,2026-09-27 20:29:58+00:00,afternoon,2026-09-29 13:00:00+00:00,2,23.582699495598195,103.95,80.36730050440181,84.88354717838938,108.46624667398757
5,20260927T202958Z-a9031a1f,2026-09-27 20:29:58+00:00,afternoon,2026-09-29 14:00:00+00:00,2,30.3351994955982,108.8,78.4648005044018,86.7441734272876,117.07937292288581
5,20260927T202958Z-a9031a1f,2026-09-27 20:29:58+00:00,afternoon,2026-09-29 15:00:00+00:00,2,42.981538781312494,124.08,81.0984612186875,99.55233984479419,142.53387862610668
5,20260927T202958Z-a9031a1f,2026-09-27 20:29:58+00:00,afternoon,2026-09-29 16:00:00+00:00,2,48.435403909555234,115.85,67.41459609044476,114.10549450575847,162.5408984153137
5,20260927T202958Z-a9031a1f,2026-09-27 20:29:58+00:00,afternoon,2026-09-29 17:00:00+00:00,2,40.62550923948639,57.39,16.76449076051361,106.92907589400318,147.55458513348958
5,20260927T202958Z-a9031a1f,2026-09-27 20:29:58+00:00,afternoon,2026-09-29 18:00:00+00:00,2,24.40496322592039,56.25,31.84503677407961,93.9798803791965,118.38484360511688
5,20260927T202958Z-a9031a1f,2026-09-27 20:29:58+00:00,afternoon,2026-09-29 19:00:00+00:00,2,16.7901382259204,28.49,11.699861774079597,85.39805306441612,102.18819129033652
5,20260927T202958Z-a9031a1f,2026-09-27 20:29:58+00:00,afternoon,2026-09-29 20:00:00+00:00,2,1.250823940206116,39.0,37.74917605979388,76.16751835635024,77.41834229655636
5,20260927T202958Z-a9031a1f,2026-09-27 20:29:58+00:00,afternoon,2026-09-29 21:00:00+00:00,3,-9.785068916936742,38.75,48.535068916936744,69.94921780067594,60.164148883739195
5,20260927T202958Z-a9031a1f,2026-09-27 20:29:58+00:00,afternoon,2026-09-29 22:00:00+00:00,3,2.098520368777541,40.56,38.46147963122246,68.24373813427742,70.34225850305496
5,20260927T202958Z-a9031a1f,2026-09-27 20:29:58+00:00,afternoon,2026-09-29 23:00:00+00:00,3,-1.777283202651036,43.18,44.957283202651034,75.72799464586872,73.95071144321768
5,20260927T202958Z-a9031a1f,2026-09-27 20:29:58+00:00,afternoon,2026-09-30 00:00:00+00:00,3,-2.1584153455081774,52.32,54.478415345508175,75.32221343878591,73.16379809327773
5,20260927T202958Z-a9031a1f,2026-09-27 20:29:58+00:00,afternoon,2026-09-30 01:00:00+00:00,3,0.1660132259203939,61.7,61.53398677407961,79.45936838999462,79.62538161591502
5,20260927T202958Z-a9031a1f,2026-09-27 20:29:58+00:00,afternoon,2026-09-30 02:00:00+00:00,3,3.878942131213914,82.08,78.20105786878608,79.14922435239644,83.02816648361036
5,20260927T202958Z-a9031a1f,2026-09-27 20:29:58+00:00,afternoon,2026-09-30 03:00:00+00:00,3,21.061781416928213,107.3,86.23821858307178,71.04670540844806,92.10848682537627
5,20260927T202958Z-a9031a1f,2026-09-27 20:29:58+00:00,afternoon,2026-09-30 04:00:00+00:00,3,43.95970998835677,154.8,110.84029001164325,70.5763309686125,114.53604095696926
5,20260927T202958Z-a9031a1f,2026-09-27 20:29:58+00:00,afternoon,2026-09-30 05:00:00+00:00,3,60.11552092416963,197.27,137.15447907583038,92.65139390021554,152.76691482438517
5,20260927T202958Z-a9031a1f,2026-09-27 20:29:58+00:00,afternoon,2026-09-30 06:00:00+00:00,3,65.36378878131246,210.56,145.19621121868755,95.34666159134679,160.71045037265924
5,20260927T202958Z-a9031a1f,2026-09-27 20:29:58+00:00,afternoon,2026-09-30 07:00:00+00:00,3,61.18752092416961,240.26,179.0724790758304,109.03530894849078,170.22282987266038
5,20260927T202958Z-a9031a1f,2026-09-27 20:29:58+00:00,afternoon,2026-09-30 08:00:00+00:00,3,50.253895924169626,149.94,99.68610407583037,103.41019921701067,153.6640951411803
5,20260927T202958Z-a9031a1f,2026-09-27 20:29:58+00:00,afternoon,2026-09-30 09:00:00+00:00,3,40.05443163845533,116.87,76.81556836154468,102.50769477283642,142.56212641129173
5,20260927T202958Z-a9031a1f,2026-09-27 20:29:58+00:00,afternoon,2026-09-30 10:00:00+00:00,3,34.63121735274105,113.71,79.07878264725895,91.48609695461415,126.1173143073552
5,20260927T202958Z-a9031a1f,2026-09-27 20:29:58+00:00,afternoon,2026-09-30 11:00:00+00:00,3,32.717931638455354,108.27,75.55206836154464,87.47311197580426,120.19104361425961
5,20260927T202958Z-a9031a1f,2026-09-27 20:29:58+00:00,afternoon,2026-09-30 12:00:00+00:00,3,32.69112806702675,105.94,73.24887193297324,86.14615250654167,118.83728057356842
5,20260927T202958Z-a9031a1f,2026-09-27 20:29:58+00:00,afternoon,2026-09-30 13:00:00+00:00,3,38.9124494955982,99.94,61.027550504401795,86.8565462603065,125.76899575590471
5,20260927T202958Z-a9031a1f,2026-09-27 20:29:58+00:00,afternoon,2026-09-30 14:00:00+00:00,3,50.0149494955982,150.0,99.9850505044018,85.74513803438118,135.7600875299794
5,20260927T202958Z-a9031a1f,2026-09-27 20:29:58+00:00,afternoon,2026-09-30 15:00:00+00:00,3,66.7640387813125,244.81,178.04596121868752,88.30117430803618,155.06521308934867
5,20260927T202958Z-a9031a1f,2026-09-27 20:29:58+00:00,afternoon,2026-09-30 16:00:00+00:00,3,74.04135558803715,213.28,139.23864441196287,84.427163507799,158.46851909583614
5,20260927T202958Z-a9031a1f,2026-09-27 20:29:58+00:00,afternoon,2026-09-30 17:00:00+00:00,3,67.43179927407107,229.71,162.27820072592894,85.15162299890626,152.58342227297732
5,20260927T202958Z-a9031a1f,2026-09-27 20:29:58+00:00,afternoon,2026-09-30 18:00:00+00:00,3,49.08247784549963,245.84,196.75752215450038,84.9684301314439,134.05090797694353
5,20260927T202958Z-a9031a1f,2026-09-27 20:29:58+00:00,afternoon,2026-09-30 19:00:00+00:00,3,38.67060284549962,186.88,148.20939715450038,68.48505649653565,107.15565934203528
5,20260927T202958Z-a9031a1f,2026-09-27 20:29:58+00:00,afternoon,2026-09-30 20:00:00+00:00,3,18.824388559785355,102.71,83.88561144021463,65.0458345566427,83.87022311642806
5,20260927T202958Z-a9031a1f,2026-09-27 20:29:58+00:00,afternoon,2026-09-30 21:00:00+00:00,4,-5.881478792524709,51.09,56.971478792524714,67.95155781485437,62.07007902232966
5,20260927T205412Z-e3dbfa7f,2026-09-27 20:54:12+00:00,afternoon,2026-09-28 21:00:00+00:00,2,-22.780071706163348,5.29,28.070071706163347,36.884921010578886,14.104849304415538
5,20260927T205412Z-e3dbfa7f,2026-09-27 20:54:12+00:00,afternoon,2026-09-28 22:00:00+00:00,2,-12.196232420449055,5.0,17.196232420449057,33.05142711539209,20.85519469494303
5,20260927T205412Z-e3dbfa7f,2026-09-27 20:54:12+00:00,afternoon,2026-09-28 23:00:00+00:00,2,-16.73503599187763,4.0,20.73503599187763,41.17386589245935,24.438829900581716
5,20260927T205412Z-e3dbfa7f,2026-09-27 20:54:12+00:00,afternoon,2026-09-29 00:00:00+00:00,2,-17.992318134734766,5.02,23.012318134734766,42.471634467574745,24.47931633283998
5,20260927T205412Z-e3dbfa7f,2026-09-27 20:54:12+00:00,afternoon,2026-09-29 01:00:00+00:00,2,-16.253189563306194,7.38,23.633189563306193,42.15685289944247,25.903663336136276
5,20260927T205412Z-e3dbfa7f,2026-09-27 20:54:12+00:00,afternoon,2026-09-29 02:00:00+00:00,2,-13.264625277591923,9.03,22.294625277591923,38.49041623358495,25.225790955993027
5,20260927T205412Z-e3dbfa7f,2026-09-27 20:54:12+00:00,afternoon,2026-09-29 03:00:00+00:00,2,0.3354640081223667,21.79,21.454535991877634,38.50077177604014,38.836235784162504
5,20260927T205412Z-e3dbfa7f,2026-09-27 20:54:12+00:00,afternoon,2026-09-29 04:00:00+00:00,2,21.457654434368024,22.06,0.6023455656319747,47.96777390475282,69.42542833912084
5,20260927T205412Z-e3dbfa7f,2026-09-27 20:54:12+00:00,afternoon,2026-09-29 05:00:00+00:00,2,38.431629434368034,39.91,1.4783705656319626,82.28931043200726,120.72093986637529
5,20260927T205412Z-e3dbfa7f,2026-09-27 20:54:12+00:00,afternoon,2026-09-29 06:00:00+00:00,2,45.64514729151088,89.88,44.234852708489115,103.05105022263277,148.69619751414365
5,20260927T205412Z-e3dbfa7f,2026-09-27 20:54:12+00:00,afternoon,2026-09-29 07:00:00+00:00,2,44.29725692300507,93.85,49.55274307699492,115.72537936640288,160.02263628940796
5,20260927T205412Z-e3dbfa7f,2026-09-27 20:54:12+00:00,afternoon,2026-09-29 08:00:00+00:00,2,37.4743819230051,114.2,76.7256180769949,116.40422662110936,153.87860854411446
5,20260927T205412Z-e3dbfa7f,2026-09-27 20:54:12+00:00,afternoon,2026-09-29 09:00:00+00:00,2,29.0489176372908,110.26,81.2110823627092,102.20371734489042,131.25263498218123
5,20260927T205412Z-e3dbfa7f,2026-09-27 20:54:12+00:00,afternoon,2026-09-29 10:00:00+00:00,2,22.325953351576512,105.26,82.93404664842349,88.36330909927737,110.68926245085389
5,20260927T205412Z-e3dbfa7f,2026-09-27 20:54:12+00:00,afternoon,2026-09-29 11:00:00+00:00,2,20.2736676372908,98.44,78.1663323627092,83.65474741529273,103.92841505258353
5,20260927T205412Z-e3dbfa7f,2026-09-27 20:54:12+00:00,afternoon,2026-09-29 12:00:00+00:00,2,20.164364065862223,98.33,78.16563593413778,80.25600046934473,100.42036453520694
5,20260927T205412Z-e3dbfa7f,2026-09-27 20:54:12+00:00,afternoon,2026-09-29 13:00:00+00:00,2,23.53918549443366,103.95,80.41081450556635,84.88354717838938,108.42273267282303
5,20260927T205412Z-e3dbfa7f,2026-09-27 20:54:12+00:00,afternoon,2026-09-29 14:00:00+00:00,2,30.40443549443365,108.8,78.39556450556634,86.7441734272876,117.14860892172126
5,20260927T205412Z-e3dbfa7f,2026-09-27 20:54:12+00:00,afternoon,2026-09-29 15:00:00+00:00,2,43.393774780147936,124.08,80.68622521985206,99.55233984479419,142.94611462494214
5,20260927T205412Z-e3dbfa7f,2026-09-27 20:54:12+00:00,afternoon,2026-09-29 16:00:00+00:00,2,48.53906441172275,115.85,67.31093558827725,114.10549450575847,162.64455891748122
5,20260927T205412Z-e3dbfa7f,2026-09-27 20:54:12+00:00,afternoon,2026-09-29 17:00:00+00:00,2,40.507106580351575,57.39,16.882893419648425,106.92907589400318,147.43618247435475
5,20260927T205412Z-e3dbfa7f,2026-09-27 20:54:12+00:00,afternoon,2026-09-29 18:00:00+00:00,2,24.2481604366938,56.25,32.0018395633062,93.32600160041109,117.57416203710488
5,20260927T205412Z-e3dbfa7f,2026-09-27 20:54:12+00:00,afternoon,2026-09-29 19:00:00+00:00,2,16.6520854366938,28.49,11.8379145633062,85.39805306441612,102.05013850110991
5,20260927T205412Z-e3dbfa7f,2026-09-27 20:54:12+00:00,afternoon,2026-09-29 20:00:00+00:00,2,1.2323211509795224,39.0,37.76767884902048,76.16751835635024,77.39983950732976
5,20260927T205412Z-e3dbfa7f,2026-09-27 20:54:12+00:00,afternoon,2026-09-29 21:00:00+00:00,3,-9.752871706163342,38.75,48.50287170616334,69.94921780067594,60.1963460945126
5,20260927T205412Z-e3dbfa7f,2026-09-27 20:54:12+00:00,afternoon,2026-09-29 22:00:00+00:00,3,2.1890675795509438,40.56,38.37093242044906,68.24373813427742,70.43280571382837
5,20260927T205412Z-e3dbfa7f,2026-09-27 20:54:12+00:00,afternoon,2026-09-29 23:00:00+00:00,3,-1.6283859918776318,43.18,44.80838599187763,75.3542945320989,73.72590854022127
5,20260927T205412Z-e3dbfa7f,2026-09-27 20:54:12+00:00,afternoon,2026-09-30 00:00:00+00:00,3,-1.9289681347347667,52.32,54.24896813473477,75.1382627565511,73.20929462181633
5,20260927T205412Z-e3dbfa7f,2026-09-27 20:54:12+00:00,afternoon,2026-09-30 01:00:00+00:00,3,0.4041604366937985,61.7,61.2958395633062,77.81172943511326,78.21588987180706
5,20260927T205412Z-e3dbfa7f,2026-09-27 20:54:12+00:00,afternoon,2026-09-30 02:00:00+00:00,3,4.167427641167087,82.08,77.9125723588329,79.4693717824717,83.63679942363879
5,20260927T205412Z-e3dbfa7f,2026-09-27 20:54:12+00:00,afternoon,2026-09-30 03:00:00+00:00,3,21.143266926881378,107.3,86.15673307311862,71.04670540844806,92.18997233532944
5,20260927T205412Z-e3dbfa7f,2026-09-27 20:54:12+00:00,afternoon,2026-09-30 04:00:00+00:00,3,43.93819549830995,154.8,110.86180450169006,70.5763309686125,114.51452646692245
5,20260927T205412Z-e3dbfa7f,2026-09-27 20:54:12+00:00,afternoon,2026-09-30 05:00:00+00:00,3,59.9052569230051,197.27,137.3647430769949,93.75579688499386,153.66105380799894
5,20260927T205412Z-e3dbfa7f,2026-09-27 20:54:12+00:00,afternoon,2026-09-30 06:00:00+00:00,3,65.18477478014793,210.56,145.37522521985207,95.34666159134679,160.53143637149472
5,20260927T205412Z-e3dbfa7f,2026-09-27 20:54:12+00:00,afternoon,2026-09-30 07:00:00+00:00,3,60.95950692300508,240.26,179.3004930769949,111.03761057488941,171.9971174978945
5,20260927T205412Z-e3dbfa7f,2026-09-27 20:54:12+00:00,afternoon,2026-09-30 08:00:00+00:00,3,50.040881923005074,149.94,99.89911807699492,103.41019921701067,153.45108114001573
5,20260927T205412Z-e3dbfa7f,2026-09-27 20:54:12+00:00,afternoon,2026-09-30 09:00:00+00:00,3,39.72766763729081,116.87,77.1423323627092,102.897287624572,142.6249552618628
5,20260927T205412Z-e3dbfa7f,2026-09-27 20:54:12+00:00,afternoon,2026-09-30 10:00:00+00:00,3,34.308953351576505,113.71,79.40104664842349,91.48609695461415,125.79505030619066
5,20260927T205412Z-e3dbfa7f,2026-09-27 20:54:12+00:00,afternoon,2026-09-30 11:00:00+00:00,3,32.41716763729079,108.27,75.85283236270921,87.47311197580426,119.89027961309505
5,20260927T205412Z-e3dbfa7f,2026-09-27 20:54:12+00:00,afternoon,2026-09-30 12:00:00+00:00,3,32.57811406586222,105.94,73.36188593413777,86.14615250654167,118.72426657240389
5,20260927T205412Z-e3dbfa7f,2026-09-27 20:54:12+00:00,afternoon,2026-09-30 13:00:00+00:00,3,38.91593549443365,99.94,61.02406450556635,86.8565462603065,125.77248175474014
5,20260927T205412Z-e3dbfa7f,2026-09-27 20:54:12+00:00,afternoon,2026-09-30 14:00:00+00:00,3,50.18093549443365,150.0,99.81906450556636,85.69140333793483,135.87233883236848
5,20260927T205412Z-e3dbfa7f,2026-09-27 20:54:12+00:00,afternoon,2026-09-30 15:00:00+00:00,3,67.05977478014796,244.81,177.75022521985204,88.30117430803618,155.36094908818416
5,20260927T205412Z-e3dbfa7f,2026-09-27 20:54:12+00:00,afternoon,2026-09-30 16:00:00+00:00,3,74.07208130748775,213.28,139.20791869251224,84.427163507799,158.49924481528674
5,20260927T205412Z-e3dbfa7f,2026-09-27 20:54:12+00:00,afternoon,2026-09-30 17:00:00+00:00,3,67.11528478402423,229.71,162.59471521597578,85.65314902284932,152.76843380687353
5,20260927T205412Z-e3dbfa7f,2026-09-27 20:54:12+00:00,afternoon,2026-09-30 18:00:00+00:00,3,48.74346335545282,245.84,197.0965366445472,84.9684301314439,133.7118934868967
5,20260927T205412Z-e3dbfa7f,2026-09-27 20:54:12+00:00,afternoon,2026-09-30 19:00:00+00:00,3,38.360838355452806,186.88,148.51916164454718,68.48505649653565,106.84589485198845
5,20260927T205412Z-e3dbfa7f,2026-09-27 20:54:12+00:00,afternoon,2026-09-30 20:00:00+00:00,3,18.66087406973852,102.71,84.04912593026148,65.0458345566427,83.70670862638121
5,20260927T205412Z-e3dbfa7f,2026-09-27 20:54:12+00:00,afternoon,2026-09-30 21:00:00+00:00,4,-5.814923630810442,51.09,56.904923630810444,67.95155781485437,62.13663418404393
5,20260927T210244Z-b90d241b,2026-09-27 21:02:44+00:00,morning,2026-09-29 21:00:00+00:00,2,-24.67354112035393,38.75,63.42354112035393,72.63922068626653,47.965679565912595
5,20260927T210244Z-b90d241b,2026-09-27 21:02:44+00:00,morning,2026-09-29 22:00:00+00:00,2,-12.73160183463965,40.56,53.29160183463965,72.22754636711771,59.49594453247806
5,20260927T210244Z-b90d241b,2026-09-27 21:02:44+00:00,morning,2026-09-29 23:00:00+00:00,2,-16.549055406068224,43.18,59.72905540606823,79.71084361107508,63.16178820500686
5,20260927T210244Z-b90d241b,2026-09-27 21:02:44+00:00,morning,2026-09-30 00:00:00+00:00,2,-16.849637548925358,52.32,69.16963754892535,79.40137985295841,62.551742304033056
5,20260927T210244Z-b90d241b,2026-09-27 21:02:44+00:00,morning,2026-09-30 01:00:00+00:00,2,-14.516508977496796,61.7,76.2165089774968,83.40652843682557,68.89001945932877
5,20260927T210244Z-b90d241b,2026-09-27 21:02:44+00:00,morning,2026-09-30 02:00:00+00:00,2,-10.318921438886166,82.08,92.39892143888616,84.65128584468674,74.33236440580058
5,20260927T210244Z-b90d241b,2026-09-27 21:02:44+00:00,morning,2026-09-30 03:00:00+00:00,2,6.656917846828123,107.3,100.64308215317187,79.99965293557979,86.65657078240791
5,20260927T210244Z-b90d241b,2026-09-27 21:02:44+00:00,morning,2026-09-30 04:00:00+00:00,2,29.451846418256704,154.8,125.3481535817433,71.01463647955849,100.4664828978152
5,20260927T210244Z-b90d241b,2026-09-27 21:02:44+00:00,morning,2026-09-30 05:00:00+00:00,2,45.41890784295184,197.27,151.85109215704819,90.1319251709821,135.55083301393393
5,20260927T210244Z-b90d241b,2026-09-27 21:02:44+00:00,morning,2026-09-30 06:00:00+00:00,2,50.69842570009469,210.56,159.86157429990533,101.0639307040318,151.76235640412648
5,20260927T210244Z-b90d241b,2026-09-27 21:02:44+00:00,morning,2026-09-30 07:00:00+00:00,2,46.47315784295184,240.26,193.78684215704814,108.54966020018074,155.0228180431326
5,20260927T210244Z-b90d241b,2026-09-27 21:02:44+00:00,morning,2026-09-30 08:00:00+00:00,2,35.55453284295182,149.94,114.38546715704817,104.96460376914072,140.51913661209255
5,20260927T210244Z-b90d241b,2026-09-27 21:02:44+00:00,morning,2026-09-30 09:00:00+00:00,2,25.24131855723755,116.87,91.62868144276246,91.82424099033211,117.06555954756966
5,20260927T210244Z-b90d241b,2026-09-27 21:02:44+00:00,morning,2026-09-30 10:00:00+00:00,2,19.822604271523254,113.71,93.88739572847675,89.54208062084986,109.3646848923731
5,20260927T210244Z-b90d241b,2026-09-27 21:02:44+00:00,morning,2026-09-30 11:00:00+00:00,2,17.930818557237536,108.27,90.33918144276245,88.41076550627928,106.34158406351682
5,20260927T210244Z-b90d241b,2026-09-27 21:02:44+00:00,morning,2026-09-30 12:00:00+00:00,2,18.09176498580898,105.94,87.84823501419102,86.04573051486817,104.13749550067715
5,20260927T210244Z-b90d241b,2026-09-27 21:02:44+00:00,morning,2026-09-30 13:00:00+00:00,2,24.4295864143804,99.94,75.5104135856196,82.74187116888193,107.17145758326232
5,20260927T210244Z-b90d241b,2026-09-27 21:02:44+00:00,morning,2026-09-30 14:00:00+00:00,2,35.6945864143804,150.0,114.30541358561959,85.8974758289501,121.5920622433305
5,20260927T210244Z-b90d241b,2026-09-27 21:02:44+00:00,morning,2026-09-30 15:00:00+00:00,2,52.57342570009471,244.81,192.2365742999053,98.69112991046107,151.2645556105558
5,20260927T210244Z-b90d241b,2026-09-27 21:02:44+00:00,morning,2026-09-30 16:00:00+00:00,2,59.58573222743449,213.28,153.69426777256552,101.78367699554279,161.36940922297728
5,20260927T210244Z-b90d241b,2026-09-27 21:02:44+00:00,morning,2026-09-30 17:00:00+00:00,2,52.628935703970974,229.71,177.08106429602904,95.26153372688275,147.89046943085373
5,20260927T210244Z-b90d241b,2026-09-27 21:02:44+00:00,morning,2026-09-30 18:00:00+00:00,2,34.257114275399566,245.84,211.58288572460043,85.93042497032069,120.18753924572025
5,20260927T210244Z-b90d241b,2026-09-27 21:02:44+00:00,morning,2026-09-30 19:00:00+00:00,2,23.874489275399547,186.88,163.00551072460044,71.08709529709374,94.96158457249328
5,20260927T210244Z-b90d241b,2026-09-27 21:02:44+00:00,morning,2026-09-30 20:00:00+00:00,2,4.17452498968527,102.71,98.53547501031473,71.04972348947659,75.22424847916186
5,20260927T210244Z-b90d241b,2026-09-27 21:02:44+00:00,morning,2026-09-30 21:00:00+00:00,3,-20.733587619940376,51.09,71.82358761994038,71.37430767096414,50.64072005102376
5,20260927T211208Z-84f493e5,2026-09-27 21:12:08+00:00,morning,2026-09-28 21:00:00+00:00,1,-24.619111050161425,5.29,29.909111050161425,37.450348646473564,12.831237596312139
5,20260927T211208Z-84f493e5,2026-09-27 21:12:08+00:00,morning,2026-09-28 22:00:00+00:00,1,-14.03527176444713,5.0,19.03527176444713,32.49685619994253,18.461584435495396
5,20260927T211208Z-84f493e5,2026-09-27 21:12:08+00:00,morning,2026-09-28 23:00:00+00:00,1,-18.574075335875705,4.0,22.574075335875705,41.79505412056511,23.220978784689407
5,20260927T211208Z-84f493e5,2026-09-27 21:12:08+00:00,morning,2026-09-29 00:00:00+00:00,1,-19.83135747873284,5.02,24.85135747873284,43.92431389772261,24.092956418989772
5,20260927T211208Z-84f493e5,2026-09-27 21:12:08+00:00,morning,2026-09-29 01:00:00+00:00,1,-18.09222890730427,7.38,25.47222890730427,44.68820077795698,26.595971870652708
5,20260927T211208Z-84f493e5,2026-09-27 21:12:08+00:00,morning,2026-09-29 02:00:00+00:00,1,-15.10366462159,9.03,24.13366462159,40.11349988516842,25.009835263578424
5,20260927T211208Z-84f493e5,2026-09-27 21:12:08+00:00,morning,2026-09-29 03:00:00+00:00,1,-1.5035753358757082,21.79,23.29357533587571,38.331157850863775,36.827582514988066
5,20260927T211208Z-84f493e5,2026-09-27 21:12:08+00:00,morning,2026-09-29 04:00:00+00:00,1,19.61882109208817,22.06,2.44117890791183,48.810849190906126,68.4296702829943
5,20260927T211208Z-84f493e5,2026-09-27 21:12:08+00:00,morning,2026-09-29 05:00:00+00:00,1,36.584096092088174,39.91,3.3259039079118224,82.28931043200726,118.87340652409543
5,20260927T211208Z-84f493e5,2026-09-27 21:12:08+00:00,morning,2026-09-29 06:00:00+00:00,1,43.79356394923101,89.88,46.08643605076899,104.71996218287418,148.5135261321052
5,20260927T211208Z-84f493e5,2026-09-27 21:12:08+00:00,morning,2026-09-29 07:00:00+00:00,1,42.3850488684937,93.85,51.4649511315063,115.96085037687962,158.34589924537332
5,20260927T211208Z-84f493e5,2026-09-27 21:12:08+00:00,morning,2026-09-29 08:00:00+00:00,1,35.70867386849373,114.2,78.49132613150627,116.92396756759166,152.6326414360854
5,20260927T211208Z-84f493e5,2026-09-27 21:12:08+00:00,morning,2026-09-29 09:00:00+00:00,1,27.16495958277944,110.26,83.09504041722056,103.3996941272561,130.56465371003554
5,20260927T211208Z-84f493e5,2026-09-27 21:12:08+00:00,morning,2026-09-29 10:00:00+00:00,1,20.433995297065135,105.26,84.82600470293487,88.60160248250465,109.03559777956978
5,20260927T211208Z-84f493e5,2026-09-27 21:12:08+00:00,morning,2026-09-29 11:00:00+00:00,1,18.375209582779437,98.44,80.06479041722056,83.83756020795325,102.21276979073268
5,20260927T211208Z-84f493e5,2026-09-27 21:12:08+00:00,morning,2026-09-29 12:00:00+00:00,1,18.26590601135085,98.33,80.06409398864915,80.43881326200524,98.70471927335609
5,20260927T211208Z-84f493e5,2026-09-27 21:12:08+00:00,morning,2026-09-29 13:00:00+00:00,1,21.654477439922285,103.95,82.29552256007771,81.46719852564489,103.12167596556718
5,20260927T211208Z-84f493e5,2026-09-27 21:12:08+00:00,morning,2026-09-29 14:00:00+00:00,1,28.51947743992228,108.8,80.28052256007771,82.75088048843797,111.27035792836026
5,20260927T211208Z-84f493e5,2026-09-27 21:12:08+00:00,morning,2026-09-29 15:00:00+00:00,1,41.50881672563657,124.08,82.57118327436342,98.69733030952078,140.20614703515736
5,20260927T211208Z-84f493e5,2026-09-27 21:12:08+00:00,morning,2026-09-29 16:00:00+00:00,1,46.72954710840104,115.85,69.12045289159894,115.39412864888733,162.12367575728837
5,20260927T211208Z-84f493e5,2026-09-27 21:12:08+00:00,morning,2026-09-29 17:00:00+00:00,1,38.6680674310124,57.39,18.721932568987597,107.88962831199709,146.5576957430095
5,20260927T211208Z-84f493e5,2026-09-27 21:12:08+00:00,morning,2026-09-29 18:00:00+00:00,1,22.40912109269572,56.25,33.84087890730428,93.32600160041109,115.7351226931068
5,20260927T211208Z-84f493e5,2026-09-27 21:12:08+00:00,morning,2026-09-29 19:00:00+00:00,1,14.81304609269572,28.49,13.676953907304279,90.03854984390343,104.85159593659914
5,20260927T211208Z-84f493e5,2026-09-27 21:12:08+00:00,morning,2026-09-29 20:00:00+00:00,1,-0.6067181930185573,39.0,39.60671819301856,76.58234145109314,75.97562325807459
5,20260927T211208Z-84f493e5,2026-09-27 21:12:08+00:00,morning,2026-09-29 21:00:00+00:00,2,-11.591911050161425,38.75,50.34191105016143,70.09329348334595,58.50138243318452
5,20260927T211208Z-84f493e5,2026-09-27 21:12:08+00:00,morning,2026-09-29 22:00:00+00:00,2,0.3500282355528634,40.56,40.20997176444714,68.43019994870043,68.7802281842533
5,20260927T211208Z-84f493e5,2026-09-27 21:12:08+00:00,morning,2026-09-29 23:00:00+00:00,2,-3.467425335875712,43.18,46.64742533587571,74.96368355660896,71.49625822073324
5,20260927T211208Z-84f493e5,2026-09-27 21:12:08+00:00,morning,2026-09-30 00:00:00+00:00,2,-3.768007478732847,52.32,56.08800747873285,76.23040356920511,72.46239609047227
5,20260927T211208Z-84f493e5,2026-09-27 21:12:08+00:00,morning,2026-09-30 01:00:00+00:00,2,-1.4348789073042814,61.7,63.134878907304284,79.417693953348,77.98281504604373
5,20260927T211208Z-84f493e5,2026-09-27 21:12:08+00:00,morning,2026-09-30 02:00:00+00:00,2,2.2818762504586765,82.08,79.79812374954132,79.04965328361477,81.33152953407345
5,20260927T211208Z-84f493e5,2026-09-27 21:12:08+00:00,morning,2026-09-30 03:00:00+00:00,2,19.257715536172967,107.3,88.04228446382703,74.82138407775558,94.07909961392855
5,20260927T211208Z-84f493e5,2026-09-27 21:12:08+00:00,morning,2026-09-30 04:00:00+00:00,2,42.05264410760154,154.8,112.74735589239847,70.05154964640164,112.10419375400318
5,20260927T211208Z-84f493e5,2026-09-27 21:12:08+00:00,morning,2026-09-30 05:00:00+00:00,2,58.02029886849372,197.27,139.2497011315063,89.85130485778623,147.87160372627994
5,20260927T211208Z-84f493e5,2026-09-27 21:12:08+00:00,morning,2026-09-30 06:00:00+00:00,2,63.299816725636575,210.56,147.26018327436344,95.75732465604705,159.0571413816836
5,20260927T211208Z-84f493e5,2026-09-27 21:12:08+00:00,morning,2026-09-30 07:00:00+00:00,2,59.07479886849373,240.26,181.18520113150626,107.46321422865327,166.538013097147
5,20260927T211208Z-84f493e5,2026-09-27 21:12:08+00:00,morning,2026-09-30 08:00:00+00:00,2,48.15592386849372,149.94,101.78407613150628,102.66069572950371,150.81661959799743
5,20260927T211208Z-84f493e5,2026-09-27 21:12:08+00:00,morning,2026-09-30 09:00:00+00:00,2,37.84295958277944,116.87,79.02704041722056,99.7734793933674,137.61643897614684
5,20260927T211208Z-84f493e5,2026-09-27 21:12:08+00:00,morning,2026-09-30 10:00:00+00:00,2,32.42399529706514,113.71,81.28600470293486,88.15201999126872,120.57601528833385
5,20260927T211208Z-84f493e5,2026-09-27 21:12:08+00:00,morning,2026-09-30 11:00:00+00:00,2,30.532209582779423,108.27,77.73779041722057,85.14452172083467,115.6767313036141
5,20260927T211208Z-84f493e5,2026-09-27 21:12:08+00:00,morning,2026-09-30 12:00:00+00:00,2,30.693156011350865,105.94,75.24684398864913,83.81756225157206,114.51071826292292
5,20260927T211208Z-84f493e5,2026-09-27 21:12:08+00:00,morning,2026-09-30 13:00:00+00:00,2,37.03097743992228,99.94,62.909022560077716,84.780998187375,121.81197562729729
5,20260927T211208Z-84f493e5,2026-09-27 21:12:08+00:00,morning,2026-09-30 14:00:00+00:00,2,48.29597743992229,150.0,101.7040225600777,84.3316175111653,132.6275949510876
5,20260927T211208Z-84f493e5,2026-09-27 21:12:08+00:00,morning,2026-09-30 15:00:00+00:00,2,65.17481672563659,244.81,179.6351832743634,89.79043588812216,154.96525261375876
5,20260927T211208Z-84f493e5,2026-09-27 21:12:08+00:00,morning,2026-09-30 16:00:00+00:00,2,72.18726342690715,213.28,141.09273657309285,92.53474579408392,164.72200922099108
5,20260927T211208Z-84f493e5,2026-09-27 21:12:08+00:00,morning,2026-09-30 17:00:00+00:00,2,65.22973339331583,229.71,164.48026660668418,88.05170922825216,153.28144262156798
5,20260927T211208Z-84f493e5,2026-09-27 21:12:08+00:00,morning,2026-09-30 18:00:00+00:00,2,46.8579119647444,245.84,198.9820880352556,85.2534462492551,132.1113582139995
5,20260927T211208Z-84f493e5,2026-09-27 21:12:08+00:00,morning,2026-09-30 19:00:00+00:00,2,36.47528696474439,186.88,150.4047130352556,68.89455387654819,105.36984084129259
5,20260927T211208Z-84f493e5,2026-09-27 21:12:08+00:00,morning,2026-09-30 20:00:00+00:00,2,16.77532267903011,102.71,85.93467732096988,67.13691554962519,83.9122382286553
5,20260927T211208Z-84f493e5,2026-09-27 21:12:08+00:00,morning,2026-09-30 21:00:00+00:00,3,0.773929821887251,51.09,50.31607017811275,66.22628454101033,67.00021436289758
5,20260928T033143Z-35337eba,2026-09-28 03:31:43+00:00,morning,2026-09-28 21:00:00+00:00,1,-23.259286292827348,5.29,28.549286292827347,36.72129779437008,13.462011501542733
5,20260928T033143Z-35337eba,2026-09-28 03:31:43+00:00,morning,2026-09-28 22:00:00+00:00,1,-12.808647007113054,5.0,17.808647007113052,32.47941332240234,19.670766315289285
5,20260928T033143Z-35337eba,2026-09-28 03:31:43+00:00,morning,2026-09-28 23:00:00+00:00,1,-17.343550578541635,4.0,21.343550578541635,41.624542196533014,24.28099161799138
5,20260928T033143Z-35337eba,2026-09-28 03:31:43+00:00,morning,2026-09-29 00:00:00+00:00,1,-18.34193272139877,5.02,23.36193272139877,44.0217981118947,25.679865390495927
5,20260928T033143Z-35337eba,2026-09-28 03:31:43+00:00,morning,2026-09-29 01:00:00+00:00,1,-16.701504149970198,7.38,24.081504149970197,43.86957158035884,27.16806743038864
5,20260928T033143Z-35337eba,2026-09-28 03:31:43+00:00,morning,2026-09-29 02:00:00+00:00,1,-14.12108986425592,9.03,23.15108986425592,39.13676780442212,25.0156779401662
5,20260928T033143Z-35337eba,2026-09-28 03:31:43+00:00,morning,2026-09-29 03:00:00+00:00,1,-0.8066005785416284,21.79,22.596600578541626,38.32824247237761,37.521641893835984
5,20260928T033143Z-35337eba,2026-09-28 03:31:43+00:00,morning,2026-09-29 04:00:00+00:00,1,19.373767850006963,22.06,2.6862321499930353,48.87863545452829,68.25240330453525
5,20260928T033143Z-35337eba,2026-09-28 03:31:43+00:00,morning,2026-09-29 05:00:00+00:00,1,36.007692850006954,39.91,3.9023071499930424,82.17383337693792,118.18152622694487
5,20260928T033143Z-35337eba,2026-09-28 03:31:43+00:00,morning,2026-09-29 06:00:00+00:00,1,42.87231070714982,89.88,47.00768929285017,98.15812213979044,141.03043284694024
5,20260928T033143Z-35337eba,2026-09-28 03:31:43+00:00,morning,2026-09-29 07:00:00+00:00,1,42.02343608646393,93.85,51.82656391353606,115.104161405908,157.12759749237193
5,20260928T033143Z-35337eba,2026-09-28 03:31:43+00:00,morning,2026-09-29 08:00:00+00:00,1,35.07481108646393,114.2,79.12518891353608,116.24622593557999,151.32103702204392
5,20260928T033143Z-35337eba,2026-09-28 03:31:43+00:00,morning,2026-09-29 09:00:00+00:00,1,27.210846800749653,110.26,83.04915319925036,103.6743345533214,130.88518135407105
5,20260928T033143Z-35337eba,2026-09-28 03:31:43+00:00,morning,2026-09-29 10:00:00+00:00,1,21.59138251503537,105.26,83.66861748496464,87.65052253995323,109.24190505498859
5,20260928T033143Z-35337eba,2026-09-28 03:31:43+00:00,morning,2026-09-29 11:00:00+00:00,1,19.877346800749656,98.44,78.56265319925035,83.65853443260677,103.53588123335643
5,20260928T033143Z-35337eba,2026-09-28 03:31:43+00:00,morning,2026-09-29 12:00:00+00:00,1,21.073043229321076,98.33,77.25695677067893,80.25978748665877,101.33283071597984
5,20260928T033143Z-35337eba,2026-09-28 03:31:43+00:00,morning,2026-09-29 13:00:00+00:00,1,26.18336465789252,103.95,77.76663534210749,85.13634463588464,111.31970929377715
5,20260928T033143Z-35337eba,2026-09-28 03:31:43+00:00,morning,2026-09-29 14:00:00+00:00,1,30.758364657892525,108.8,78.04163534210747,86.61539704503095,117.37376170292347
5,20260928T033143Z-35337eba,2026-09-28 03:31:43+00:00,morning,2026-09-29 15:00:00+00:00,1,39.328060707149824,124.08,84.75193929285018,99.17942752746372,138.50748823461353
5,20260928T033143Z-35337eba,2026-09-28 03:31:43+00:00,morning,2026-09-29 16:00:00+00:00,1,43.78083013430237,115.85,72.06916986569763,113.2759664661456,157.05679660044797
5,20260928T033143Z-35337eba,2026-09-28 03:31:43+00:00,morning,2026-09-29 17:00:00+00:00,1,37.00732573674465,57.39,20.382674263255353,107.53597675883097,144.54330249557563
5,20260928T033143Z-35337eba,2026-09-28 03:31:43+00:00,morning,2026-09-29 18:00:00+00:00,1,21.784445850029805,56.25,34.465554149970195,91.95822091383097,113.74266676386077
5,20260928T033143Z-35337eba,2026-09-28 03:31:43+00:00,morning,2026-09-29 19:00:00+00:00,1,14.41367085002981,28.49,14.076329149970189,84.78436340767455,99.19803425770436
5,20260928T033143Z-35337eba,2026-09-28 03:31:43+00:00,morning,2026-09-29 20:00:00+00:00,1,-1.1481434356844886,39.0,40.14814343568449,76.05655461814005,74.90841118245557
5,20260928T033143Z-35337eba,2026-09-28 03:31:43+00:00,morning,2026-09-29 21:00:00+00:00,2,-12.10543629282734,38.75,50.85543629282734,69.35737235573215,57.25193606290481
5,20260928T033143Z-35337eba,2026-09-28 03:31:43+00:00,morning,2026-09-29 22:00:00+00:00,2,-0.0472470071130483,40.56,40.60724700711305,68.77952631451554,68.7322793074025
5,20260928T033143Z-35337eba,2026-09-28 03:31:43+00:00,morning,2026-09-29 23:00:00+00:00,2,-3.854200578541634,43.18,47.034200578541636,75.91996771875249,72.06576714021085
5,20260928T033143Z-35337eba,2026-09-28 03:31:43+00:00,morning,2026-09-30 00:00:00+00:00,2,-4.089382721398766,52.32,56.409382721398764,76.02156238840645,71.93217966700769
5,20260928T033143Z-35337eba,2026-09-28 03:31:43+00:00,morning,2026-09-30 01:00:00+00:00,2,-1.7865541499701965,61.7,63.486554149970196,77.9359899772055,76.1494358272353
5,20260928T033143Z-35337eba,2026-09-28 03:31:43+00:00,morning,2026-09-30 02:00:00+00:00,2,2.543810134121047,82.08,79.53618986587895,78.24697528835769,80.79078542247873
5,20260928T033143Z-35337eba,2026-09-28 03:31:43+00:00,morning,2026-09-30 03:00:00+00:00,2,19.965899419835345,107.3,87.33410058016466,73.1888352653316,93.15473468516694
5,20260928T033143Z-35337eba,2026-09-28 03:31:43+00:00,morning,2026-09-30 04:00:00+00:00,2,43.40557799126389,154.8,111.39442200873611,71.97887950049773,115.38445749176162
5,20260928T033143Z-35337eba,2026-09-28 03:31:43+00:00,morning,2026-09-30 05:00:00+00:00,2,61.42468608646395,197.27,135.84531391353607,88.20918364397636,149.63386973044032
5,20260928T033143Z-35337eba,2026-09-28 03:31:43+00:00,morning,2026-09-30 06:00:00+00:00,2,66.09345394360678,210.56,144.4665460563932,95.19422145084329,161.28767539445005
5,20260928T033143Z-35337eba,2026-09-28 03:31:43+00:00,morning,2026-09-30 07:00:00+00:00,2,60.09668608646393,240.26,180.16331391353606,107.45489682945384,167.55158291591778
5,20260928T033143Z-35337eba,2026-09-28 03:31:43+00:00,morning,2026-09-30 08:00:00+00:00,2,48.44081108646393,149.94,101.49918891353607,103.17609058977192,151.61690167623584
5,20260928T033143Z-35337eba,2026-09-28 03:31:43+00:00,morning,2026-09-30 09:00:00+00:00,2,37.98584680074964,116.87,78.88415319925036,101.70926325190975,139.6951100526594
5,20260928T033143Z-35337eba,2026-09-28 03:31:43+00:00,morning,2026-09-30 10:00:00+00:00,2,32.15863251503536,113.71,81.55136748496463,91.06826307314297,123.22689558817834
5,20260928T033143Z-35337eba,2026-09-28 03:31:43+00:00,morning,2026-09-30 11:00:00+00:00,2,29.467096800749665,108.27,78.80290319925032,88.33343617572898,117.80053297647865
5,20260928T033143Z-35337eba,2026-09-28 03:31:43+00:00,morning,2026-09-30 12:00:00+00:00,2,30.008793229321075,105.94,75.93120677067893,87.08070057456713,117.0894938038882
5,20260928T033143Z-35337eba,2026-09-28 03:31:43+00:00,morning,2026-09-30 13:00:00+00:00,2,36.8223646578925,99.94,63.1176353421075,85.84506073877346,122.66742539666595
5,20260928T033143Z-35337eba,2026-09-28 03:31:43+00:00,morning,2026-09-30 14:00:00+00:00,2,47.57186465789251,150.0,102.42813534210748,86.6477511979292,134.2196158558217
5,20260928T033143Z-35337eba,2026-09-28 03:31:43+00:00,morning,2026-09-30 15:00:00+00:00,2,64.87370394360681,244.81,179.9362960563932,90.00761722456856,154.88132116817536
5,20260928T033143Z-35337eba,2026-09-28 03:31:43+00:00,morning,2026-09-30 16:00:00+00:00,2,72.73329856509068,213.28,140.54670143490932,93.483307883606,166.21660644869667
5,20260928T033143Z-35337eba,2026-09-28 03:31:43+00:00,morning,2026-09-30 17:00:00+00:00,2,66.47166727697817,229.71,163.23833272302184,89.84566081059246,156.31732808757062
5,20260928T033143Z-35337eba,2026-09-28 03:31:43+00:00,morning,2026-09-30 18:00:00+00:00,2,47.34659584840677,245.84,198.49340415159324,85.8103838117777,133.15697966018448
5,20260928T033143Z-35337eba,2026-09-28 03:31:43+00:00,morning,2026-09-30 19:00:00+00:00,2,34.90072084840676,186.88,151.97927915159323,69.23530583805855,104.13602668646531
5,20260928T033143Z-35337eba,2026-09-28 03:31:43+00:00,morning,2026-09-30 20:00:00+00:00,2,14.259506562692486,102.71,88.4504934373075,74.94463130190483,89.20413786459733
5,20260928T033143Z-35337eba,2026-09-28 03:31:43+00:00,morning,2026-09-30 21:00:00+00:00,3,-1.7276362944503836,51.09,52.81763629445039,68.67982320251878,66.9521869080684
5,20260928T132922Z-cdc2202e,2026-09-28 13:29:22+00:00,afternoon,2026-09-29 21:00:00+00:00,2,29.73137766077773,38.75,9.018622339222269,53.31292472103358,83.04430238181132
5,20260928T132922Z-cdc2202e,2026-09-28 13:29:22+00:00,afternoon,2026-09-29 22:00:00+00:00,2,39.32195697112256,40.56,1.238043028877442,47.70629003762019,87.02824700874275
5,20260928T132922Z-cdc2202e,2026-09-28 13:29:22+00:00,afternoon,2026-09-29 23:00:00+00:00,2,35.25185179870878,43.18,7.928148201291222,53.73757468885104,88.98942648755983
5,20260928T132922Z-cdc2202e,2026-09-28 13:29:22+00:00,afternoon,2026-09-30 00:00:00+00:00,2,34.807588005605325,52.32,17.512411994394675,56.16841739648544,90.97600540209076
5,20260928T132922Z-cdc2202e,2026-09-28 13:29:22+00:00,afternoon,2026-09-30 01:00:00+00:00,2,37.33213972974325,61.7,24.367860270256756,57.268476308269,94.60061603801225
5,20260928T132922Z-cdc2202e,2026-09-28 13:29:22+00:00,afternoon,2026-09-30 02:00:00+00:00,2,41.08966386767429,82.08,40.99033613232571,58.09845916414352,99.18812303181781
5,20260928T132922Z-cdc2202e,2026-09-28 13:29:22+00:00,afternoon,2026-09-30 03:00:00+00:00,2,58.07871157030164,107.3,49.221288429698355,62.79109151029854,120.86980308060018
5,20260928T132922Z-cdc2202e,2026-09-28 13:29:22+00:00,afternoon,2026-09-30 04:00:00+00:00,2,81.25643414539799,154.8,73.54356585460202,37.068569455358734,118.32500360075673
5,20260928T132922Z-cdc2202e,2026-09-28 13:29:22+00:00,afternoon,2026-09-30 05:00:00+00:00,2,99.01914966263938,197.27,98.25085033736063,39.241071905543876,138.26022156818325
5,20260928T132922Z-cdc2202e,2026-09-28 13:29:22+00:00,afternoon,2026-09-30 06:00:00+00:00,2,105.02127035229456,210.56,105.53872964770544,44.43539670426257,149.45666705655714
5,20260928T132922Z-cdc2202e,2026-09-28 13:29:22+00:00,afternoon,2026-09-30 07:00:00+00:00,2,101.2411496626394,240.26,139.0188503373606,54.88619245592801,156.1273421185674
5,20260928T132922Z-cdc2202e,2026-09-28 13:29:22+00:00,afternoon,2026-09-30 08:00:00+00:00,2,91.40235655919108,149.94,58.53764344080892,60.74684038879364,152.1491969479847
5,20260928T132922Z-cdc2202e,2026-09-28 13:29:22+00:00,afternoon,2026-09-30 09:00:00+00:00,2,81.39694276608765,116.87,35.47305723391236,59.28217720226779,140.67911996835545
5,20260928T132922Z-cdc2202e,2026-09-28 13:29:22+00:00,afternoon,2026-09-30 10:00:00+00:00,2,75.97436517988073,113.71,37.73563482011926,71.73247117875765,147.70683635863838
5,20260928T132922Z-cdc2202e,2026-09-28 13:29:22+00:00,afternoon,2026-09-30 11:00:00+00:00,2,73.0952186281566,108.27,35.174781371843395,71.61318704720289,144.70840567535947
5,20260928T132922Z-cdc2202e,2026-09-28 13:29:22+00:00,afternoon,2026-09-30 12:00:00+00:00,2,73.01227035229452,105.94,32.927729647705476,71.2528943257662,144.26516467806073
5,20260928T132922Z-cdc2202e,2026-09-28 13:29:22+00:00,afternoon,2026-09-30 13:00:00+00:00,2,79.00324449022557,99.94,20.93675550977443,55.61871187929167,134.62195636951725
5,20260928T132922Z-cdc2202e,2026-09-28 13:29:22+00:00,afternoon,2026-09-30 14:00:00+00:00,2,89.33177897298421,150.0,60.66822102701579,53.36211312509762,142.69389209808185
5,20260928T132922Z-cdc2202e,2026-09-28 13:29:22+00:00,afternoon,2026-09-30 15:00:00+00:00,2,105.571434145398,244.81,139.238565854602,45.44863056135549,151.0200647067535
5,20260928T132922Z-cdc2202e,2026-09-28 13:29:22+00:00,afternoon,2026-09-30 16:00:00+00:00,2,113.20672446792128,213.28,100.07327553207872,36.252258794943,149.45898326286428
5,20260928T132922Z-cdc2202e,2026-09-28 13:29:22+00:00,afternoon,2026-09-30 17:00:00+00:00,2,106.4600477771982,229.71,123.24995222280181,45.4324207021504,151.8924684793486
5,20260928T132922Z-cdc2202e,2026-09-28 13:29:22+00:00,afternoon,2026-09-30 18:00:00+00:00,2,89.60780639788786,245.84,156.23219360211215,56.57219329298058,146.17999969086844
5,20260928T132922Z-cdc2202e,2026-09-28 13:29:22+00:00,afternoon,2026-09-30 19:00:00+00:00,2,79.89644432892233,186.88,106.98355567107767,42.866036100729495,122.76248042965182
5,20260928T132922Z-cdc2202e,2026-09-28 13:29:22+00:00,afternoon,2026-09-30 20:00:00+00:00,2,61.371401225474045,102.71,41.33859877452595,53.50680649091365,114.87820771638769
5,20260928T132922Z-cdc2202e,2026-09-28 13:29:22+00:00,afternoon,2026-09-30 21:00:00+00:00,3,46.2923150185775,51.09,4.797684981422506,57.66103087744983,103.95334589602733
5,20260929T033132Z-d2379547,2026-09-29 03:31:32+00:00,morning,2026-09-29 21:00:00+00:00,1,7.208222844827588,38.75,31.54177715517241,60.52713552839033,67.73535837321792
5,20260929T033132Z-d2379547,2026-09-29 03:31:32+00:00,morning,2026-09-29 22:00:00+00:00,1,17.62590215517241,40.56,22.93409784482759,66.96434711532208,84.5902492704945
5,20260929T033132Z-d2379547,2026-09-29 03:31:32+00:00,morning,2026-09-29 23:00:00+00:00,1,13.90439698275862,43.18,29.27560301724138,72.24125578120808,86.1456527639667
5,20260929T033132Z-d2379547,2026-09-29 03:31:32+00:00,morning,2026-09-30 00:00:00+00:00,1,13.823433189655168,52.32,38.49656681034483,75.43437407011285,89.25780725976801
5,20260929T033132Z-d2379547,2026-09-29 03:31:32+00:00,morning,2026-09-30 01:00:00+00:00,1,16.626834913793104,61.7,45.0731650862069,72.19409990585628,88.82093481964938
5,20260929T033132Z-d2379547,2026-09-29 03:31:32+00:00,morning,2026-09-30 02:00:00+00:00,1,22.675194978471957,82.08,59.40480502152804,62.608897927177644,85.2840929056496
5,20260929T033132Z-d2379547,2026-09-29 03:31:32+00:00,morning,2026-09-30 03:00:00+00:00,1,40.208255323299525,107.3,67.09174467670047,67.64323837754638,107.85149370084591
5,20260929T033132Z-d2379547,2026-09-29 03:31:32+00:00,morning,2026-09-30 04:00:00+00:00,1,62.17185877157539,154.8,92.62814122842462,59.587085730646834,121.75894450222222
5,20260929T033132Z-d2379547,2026-09-29 03:31:32+00:00,morning,2026-09-30 05:00:00+00:00,1,79.16207428881677,197.27,118.10792571118324,68.29137534658665,147.45344963540342
5,20260929T033132Z-d2379547,2026-09-29 03:31:32+00:00,morning,2026-09-30 06:00:00+00:00,1,84.58694497847195,210.56,125.97305502152805,60.751191272863004,145.33813625133496
5,20260929T033132Z-d2379547,2026-09-29 03:31:32+00:00,morning,2026-09-30 07:00:00+00:00,1,80.44507428881677,240.26,159.8149257111832,83.13931031392488,163.58438460274164
5,20260929T033132Z-d2379547,2026-09-29 03:31:32+00:00,morning,2026-09-30 08:00:00+00:00,1,69.39853118536848,149.94,80.54146881463151,91.85482885223047,161.25336003759895
5,20260929T033132Z-d2379547,2026-09-29 03:31:32+00:00,morning,2026-09-30 09:00:00+00:00,1,59.02286739226504,116.87,57.84713260773496,95.67794374061229,154.70081113287733
5,20260929T033132Z-d2379547,2026-09-29 03:31:32+00:00,morning,2026-09-30 10:00:00+00:00,1,53.54703980605815,113.71,60.16296019394184,92.21759730010619,145.76463710616434
5,20260929T033132Z-d2379547,2026-09-29 03:31:32+00:00,morning,2026-09-30 11:00:00+00:00,1,51.04814325433402,108.27,57.221856745665974,91.25938788150428,142.3075311358383
5,20260929T033132Z-d2379547,2026-09-29 03:31:32+00:00,morning,2026-09-30 12:00:00+00:00,1,51.757944978471954,105.94,54.18205502152804,90.15031801332778,141.90826299179975
5,20260929T033132Z-d2379547,2026-09-29 03:31:32+00:00,morning,2026-09-30 13:00:00+00:00,1,58.34391911640298,99.94,41.59608088359702,90.167899249191,148.51181836559397
5,20260929T033132Z-d2379547,2026-09-29 03:31:32+00:00,morning,2026-09-30 14:00:00+00:00,1,68.7204535991616,150.0,81.2795464008384,73.84468316286548,142.56513676202707
5,20260929T033132Z-d2379547,2026-09-29 03:31:32+00:00,morning,2026-09-30 15:00:00+00:00,1,84.9663587715754,244.81,159.8436412284246,62.906739554814216,147.87309832638962
5,20260929T033132Z-d2379547,2026-09-29 03:31:32+00:00,morning,2026-09-30 16:00:00+00:00,1,92.31805704743743,213.28,120.96194295256257,49.442881163952315,141.76093821138974
5,20260929T033132Z-d2379547,2026-09-29 03:31:32+00:00,morning,2026-09-30 17:00:00+00:00,1,84.47484153019609,229.71,145.23515846980393,60.288666398469665,144.76350792866575
5,20260929T033132Z-d2379547,2026-09-29 03:31:32+00:00,morning,2026-09-30 18:00:00+00:00,1,66.32385015088575,245.84,179.51614984911424,74.67185337532446,140.9957035262102
5,20260929T033132Z-d2379547,2026-09-29 03:31:32+00:00,morning,2026-09-30 19:00:00+00:00,1,54.84898808192022,186.88,132.03101191807977,66.67194205480284,121.52093013672305
5,20260929T033132Z-d2379547,2026-09-29 03:31:32+00:00,morning,2026-09-30 20:00:00+00:00,1,33.65544497847194,102.71,69.05455502152805,59.599363880101265,93.2548088585732
5,20260929T033132Z-d2379547,2026-09-29 03:31:32+00:00,morning,2026-09-30 21:00:00+00:00,2,16.43860877157539,51.09,34.651391228424615,62.82374928778849,79.26235805936388
5,20260929T133345Z-9c7eae7d,2026-09-29 13:33:45+00:00,afternoon,2026-09-30 21:00:00+00:00,2,105.39507426066018,51.09,-54.30507426066018,-10.847253763717857,94.54782049694232
